type,country,state,activity,sex,age,fatal,time,species,year,month
Unprovoked,Bahamas,Staniel Cay,swimming,m,12.0,N,afternoon,,,6
Unprovoked,USA,Florida,swimming,f,17.0,N,morning,,,6
Unprovoked,Australia,NSW,swimming,f,35.0,N,morning,great white,,6
Unprovoked,Galapogos Islands,Santa Fe Island,swimming,f,,N,afternoon,,,6
Unprovoked,USA,Florida,swimming,,,N,morning,bull,,6
Unprovoked,Australia,Western Australia,dive fishing,m,35.0,Y,morning,great white,,6
Unprovoked,Brazil,Recife ,swimming,f,19.0,N,afternoon,tiger,,6
Unprovoked,Brazil,Jaboatao dos Guarapes,swimming,m,11.0,N,afternoon,bull,,6
Unprovoked,Australia,NSW,surfing/bodyboarding,,20.0,N,evening,bull,,5
Unprovoked,USA,Hawaii,surfing/bodyboarding,m,38.0,N,morning,,,5
Unprovoked,Australia,Queensland,dive fishing,m,39.0,Y,morning,bull,,5
Unprovoked,Hawaii,Maui,small watercraft,,,N,,tiger,,5
Unprovoked,Australia,Western Australia,diving,m,38.0,Y,morning,great white,,5
Unprovoked,Australia,South Australia,surfing/bodyboarding,m,16.0,N,,bronze whaler,,4
Unprovoked,Bahamas,Andros Island,swimming,f,22.0,N,evening,,,3
Unprovoked,Australia,South Australia,diving,m,,N,,great white,,3
Unprovoked,Australia,NSW,surfing/bodyboarding,m,,N,,,,3
Unprovoked,USA,California,surfing/bodyboarding,m,39.0,N,evening,great white,,3
Unprovoked,Australia,Western Australia,swimming,f,,N,morning,,,3
Unprovoked,Australia,Western Australia,SUP/foiling,m,,N,morning,great white,,3
Unprovoked,Australia,Queensland,swimming,,,N,morning,,,3
Unprovoked,New Caledonia,Noumea,SUP/foiling,m,55.0,Y,,tiger,,2
Unprovoked,Cayman Islands,Little Cayman Island,diving,m,,N,,tiger,,2
Unprovoked,Brazil,Recife,swimming,m,13.0,Y,,tiger,,1
Unprovoked,Australia,NSW,surfing/bodyboarding,m,,N,morning,,,1
Unprovoked,Australia,Tasmania,swimming,f,,N,evening,sevengill,,1
Unprovoked,Australia,NSW,surfing/bodyboarding,m,39.0,N,morning,bull,,1
Unprovoked,Australia,NSW,surfing/bodyboarding,m,11.0,N,morning,bull,,1
Unprovoked,Australia,NSW,surfing/bodyboarding,m,27.0,N,evening,,,1
Unprovoked,Australia,NSW,swimming,m,12.0,Y,afternoon,bull,,1
Unprovoked,USA,California,surfing/bodyboarding,m,26.0,N,morning,great white,,1
Unprovoked,Australia,NSW,surfing/bodyboarding,m,,N,morning,,,1
Unprovoked,US Virgin Islands,Fredricksted Island St Croix,swimming,f,56.0,Y,afternoon,,,1
Unprovoked,Mozambique,Inhambe Province,diving,m,,Y,,,,1
Unprovoked,Mozambique,Inhambe Province,,,,Y,,,,12
Unprovoked,Australia,Western Australia,diving,m,,N,,great white,,12
Unprovoked,USA,California,swimming,f,55.0,Y,afternoon,great white,,12
Unprovoked,USA,Sonoma County California,surfing/bodyboarding,m,,N,morning,great white,,12
Unprovoked,Australia,NSW,swimming,m,26.0,N,morning,bull,,11
Unprovoked,Australia,NSW,swimming,f,25.0,Y,morning,bull,,11
Unprovoked,Australia,Western Australia,SUP/foiling,m,61.0,N,evening,great white,,11
Unprovoked,French Polynesia,Marquesas Islands,swimming,m,40.0,N,,,,11
Unprovoked,USA,Hawaii,swimming,m,,N,afternoon,,,11
Unprovoked,USA,Texas,fishing,m,,N,,,,11
Unprovoked,Samoa,,surfing/bodyboarding,m,13.0,N,evening,tiger,,11
Unprovoked,Columbia," Bolivar, del Isolate",swimming,m,14.0,N,,nurse,,10
Unprovoked,Australia,Queensland,fishing,m,14.0,N,evening,tiger,,10
Unprovoked,Australia,South Australia,surfing/bodyboarding,m,,N,afternoon,bronze whaler,,10
Unprovoked,USA,Off California,swimming,m,54.0,N,night,,,9
Unprovoked,Australia,NSW,surfing/bodyboarding,m,57.0,Y,morning,great white,,9
Unprovoked,USA,Florida,swimming,m,8.0,N,afternoon,,,9
Unprovoked,USA,Texas,swimming,f,8.0,N,,,,8
Unprovoked,Australia,NSW,surfing/bodyboarding,m,,N,morning,great white,,8
Unprovoked,Bahamas,Atlantic Ocean near Big Grand Cay,dive fishing,m,63.0,N,afternoon,,,8
Unprovoked,Australia,NSW,surfing/bodyboarding,m,9.0,N,afternoon,great white,,8
Unprovoked,Puerto Rico,Carolina,wading,f,39.0,N,,,,8
Unprovoked,Australia,South Australia,small watercraft,m,19.0,N,morning,great white,,7
Unprovoked,French Polynesia,Nuku Hiva,swimming,m,7.0,N,,,,7
Unprovoked,Spain,Majorca,swimming,,85.0,N,morning,,,7
Unprovoked,Canary Islands,Fuerteventura,SUP/foiling,m,,N,evening,,,7
Unprovoked,USA,Florida,diving,m,69.0,N,,lemon,,7
Unprovoked,USA,Florida,surfing/bodyboarding,m,18.0,N,morning,,,7
Unprovoked,Bahamas,Great Abaco Islands,dive fishing,m,66.0,N,,bull,,7
Unprovoked,USA,Florida,surfing/bodyboarding,m,40.0,N,afternoon,,,7
Unprovoked,South Africa,KwaZulu-Natal,fishing,m,37.0,Y,evening,,,7
Unprovoked,Australia,NSW,swimming,m,16.0,N,afternoon,bull,,6
Unprovoked,USA,Long Island NY,swimming,f,20.0,N,afternoon,raggedtooth,,6
Unprovoked,USA,South Carolina,swimming,f,,N,afternoon,,,6
Unprovoked,USA,South Carolina,swimming,f,12.0,N,afternoon,,,6
Unprovoked,USA,Florida,swimming,f,9.0,N,afternoon,bull,2025,6
Unprovoked,USA,California,surfing/bodyboarding,m,42.0,N,afternoon,great white,,5
Unprovoked,USA,North Carolina,swimming,m,26.0,N,morning,,2025,5
Unprovoked,Vanuatu,South Santo,swimming,m,14.0,Y,evening,,2025,5
Unprovoked,Australia,South Australia,swimming,m,66.0,N,morning,,2025,5
Unprovoked,Jamaica,Montego Bay,surfing/bodyboarding,f,26.0,N,,,2025,5
Unprovoked,Israel,Hadera,diving,m,45.0,Y,afternoon,dusky,2025,4
Unprovoked,USA,Florida,,m,,N,afternoon,,2025,4
Unprovoked,Australia,WA,swimming,m,,N,afternoon,tiger,2025,3
Unprovoked,Australia,WA,surfing/bodyboarding,m,37.0,Y,afternoon,great white,2025,3
Unprovoked,Australia,NSW,swimming,,56.0,N,afternoon,bull,2025,3
Unprovoked,Australia,Victoria,swimming,m,,N,,,2025,2
Unprovoked,Australia,Western Australia,small watercraft,f,35.0,N,morning,,2025,2
Unprovoked,Australia,Queensland,swimming,m,29.0,N,afternoon,,2025,2
Unprovoked,Bahamas,,swimming,f,24.0,N,evening,bull,2025,2
Unprovoked,Bahamas,,swimming,f,20.0,N,evening,bull,2025,2
Unprovoked,Turks and Caicos,Near five Cays settlement West Caicos,swimming,f,55.0,N,,bull,2025,2
Unprovoked,Australia,Queensland,swimming,f,17.0,Y,afternoon,bull,2025,2
Unprovoked,Australia,Western Australia,wading,m,12.0,N,evening,,2025,1
Unprovoked,Australia,Western Australia,surfing/bodyboarding,m,37.0,N,afternoon,bronze whaler,2025,1
Unprovoked,Mozambique,Inhambane Province,dive fishing,m,36.0,Y,afternoon,,2025,1
Unprovoked,New Caledonia,Grande Terre,dive fishing,m,40.0,Y,afternoon,tiger,2025,1
Unprovoked,Australia,South Australia,surfing/bodyboarding,m,28.0,Y,evening,great white,2025,1
Unprovoked,Mozambique,?,diving,,,Y,,,2024,12
Unprovoked,Egypt,North of Marsa Alam,diving,m,69.0,N,,tiger,2024,12
Unprovoked,Egypt,North of Marsa Alam,diving,m,48.0,Y,,tiger,2024,12
Unprovoked,Australia,Queensland,dive fishing,m,40.0,Y,afternoon,,2024,12
Unprovoked,Australia,Queensland,dive fishing,m,,N,,,2024,12
Unprovoked,Australia,Western Australia,surfing/bodyboarding,m,,N,,,2024,12
Unprovoked,Thailand,Phang Nga Province,swimming,f,57.0,N,,,2024,11
Unprovoked,New Zealand,Bay of Waitangi,diving,m,24.0,Y,morning,great white,2024,11
Unprovoked,Maldives,Kaafu,diving,f,45.0,N,,,2024,11
Unprovoked,Hawaii,Maui,surfing/bodyboarding,m,61.0,N,,,2024,11
Unprovoked,Australia,Queensland,swimming,f,57.0,N,afternoon,tiger,2024,10
Unprovoked,USA,Florida,surfing/bodyboarding,m,27.0,N,morning,tiger,2024,10
Unprovoked,Honduras,Tela,swimming,m,38.0,N,,bull,2024,10
Unprovoked,USA,Florida,surfing/bodyboarding,m,16.0,N,,bull,2024,10
Unprovoked,Honduras,Trujillo Colon,fishing,m,33.0,N,,bull,2024,9
Unprovoked,Morocco,Southern Morocco,swimming,f,30.0,Y,afternoon,great white,2024,9
Unprovoked,Jamaica,Montego Bay,dive fishing,m,16.0,Y,,tiger,2024,8
Unprovoked,Belize,Gulf of Honduras,diving,f,15.0,N,morning,reef,2024,8
Unprovoked,Australia,NSW,surfing/bodyboarding,m,23.0,N,morning,great white,2024,7
Unprovoked,Australia,Western Australia,surfing/bodyboarding,m,41.0,N,evening,,2024,7
Unprovoked,USA,Florida,diving,m,14.0,N,morning,blacktip,2024,7
Unprovoked,Australia,Western Australia,dive fishing,m,43.0,N,morning,,2024,7
Unprovoked,USA,Florida,wading,m,26.0,N,afternoon,,2024,7
Unprovoked,USA,Texas,swimming,f,,N,,bull,2024,7
Unprovoked,USA,Texas,swimming,f,18.0,N,,,2024,7
Unprovoked,USA,Texas,swimming,f,18.0,N,,,2024,7
Unprovoked,USA,Floria,swimming,m,21.0,N,morning,,2024,7
Unprovoked,USA,Florida,swimming,m,,N,morning,,2024,7
Unprovoked,USA,Hawaii,swimming,f,25.0,N,afternoon,tiger,2024,6
Unprovoked,USA,Florida,wading,f,15.0,N,,bull,2024,6
Unprovoked,USA,Florida,swimming,f,45.0,N,afternoon,bull,2024,6
Unprovoked,USA,California,swimming,m,46.0,N,,,2024,6
Unprovoked,Maldive Islands,Maahvah Laamu Atoll,swimming,m,23.0,Y,afternoon,,2024,6
Unprovoked,USA,Galveston,wading,f,19.0,N,,,2024,5
Unprovoked,Turks and Caicos,Providenciales Island,swimming,m,27.0,N,afternoon,,2024,5
Unprovoked,French Polynesia,Gambier Islands,diving,m,20.0,N,,,2024,5
Unprovoked,USA,South Carolina,dive fishing,m,65.0,N,afternoon,,2024,5
Unprovoked,Tobago,Graet Courland Bay,swimming,m,64.0,N,morning,bull,2024,4
Unprovoked,Bahamas,Clarence Town Long Isand,adrift,m,24.0,N,,reef,2024,4
Unprovoked,Australia,South Australia,fishing,m,16.0,N,afternoon,great white,2024,4
Unprovoked,Australia,Western Australia,surfing/bodyboarding,m,26.0,N,afternoon,,2024,4
Unprovoked,Maldive Islands,Nunu Atoll,swimming,m,,N,,,2024,4
Unprovoked,AUSTRALIA,Queensland,swimming,f,13.0,N,afternoon,tiger,2024,3
Unprovoked,USA,Hawaii,surfing/bodyboarding,m,,N,,tiger,2024,3
Unprovoked,USA,Hawaii,swimming,f,11.0,N,afternoon,,2024,3
Unprovoked,AUSTRALIA,Western Australia,swimming,f,46.0,N,morning,tiger,2024,2
Unprovoked,INDIA,Maharashtra,fishing,m,32.0,N,,bull,2024,2
Unprovoked,AUSTRALIA,New  South Wales,swimming,f,29.0,N,evening,bull,2024,1
Unprovoked,BAHAMAS,Paradise Island,swimming,m,10.0,N,afternoon,,2024,1
Unprovoked,AUSTRALIA,South Australia,surfing/bodyboarding,m,64.0,N,afternoon,great white,2024,1
Unprovoked,USA,Hawaii,surfing/bodyboarding,m,39.0,Y,morning,,2023,12
Unprovoked,MEXICO,Sonora,diving,m,22.0,Y,afternoon,great white,2023,12
Unprovoked,AUSTRALIA,South Australia,surfing/bodyboarding,m,15.0,Y,afternoon,great white,2023,12
Unprovoked,AUSTRALIA,New South Wales,surfing/bodyboarding,m,16.0,N,afternoon,,2023,12
Unprovoked,AUSTRALIA,Western Australia,SUP/foiling,m,46.0,N,afternoon,bronze whaler,2023,12
Unprovoked,NEW ZEALAND,South Island,wading,f,21.0,N,night,sevengill,2023,12
Unprovoked,AUSTRALIA,Queensland,swimming,m,20.0,N,afternoon,,2023,12
Unprovoked,BAHAMAS,New Providence   Isoad,SUP/foiling,f,44.0,Y,morning,,2023,12
Unprovoked,MEXICO,Jalisco,swimming,f,26.0,Y,morning,,2023,12
Unprovoked,AUSTRALIA,Queensland,swimming,m,21.0,N,morning,bull,2023,11
Unprovoked,BAHAMAS,Grand  Bahama Island,diving,f,47.0,Y,morning,,2023,11
Unprovoked,AUSTRALIA,South Australia,diving,f,32.0,N,afternoon,,2023,11
Unprovoked,USA,Florida,swimming,m,66.0,N,morning,,2023,11
Unprovoked,AUSTRALIA,Westerm Australia,dive fishing,m,,N,afternoon,lemon,2023,11
Unprovoked,NEW ZEALAND,North Island,diving,m,,N,morning,great white,2023,11
Unprovoked,AUSTRALIA,South Australia,surfing/bodyboarding,m,55.0,Y,morning,great white,2023,10
Unprovoked,USA,Hawaii,surfing/bodyboarding,m,30.0,N,afternoon,tiger,2023,10
Unprovoked,BELIZE,Belize District,swimming,f,8.0,N,,nurse,2023,10
Unprovoked,USA,Hawaii,surfing/bodyboarding,m,50.0,N,afternoon,tiger,2023,10
Unprovoked,USA,California,surfing/bodyboarding,m,52.0,N,afternoon,,2023,10
Unprovoked,USA,Hawaii,surfing/bodyboarding,f,45.0,N,afternoon,galapagos,2023,10
Unprovoked,AUSTRALIA,South Australia,swimming,f,64.0,N,morning,,2023,10
Unprovoked,USA,California,swimming,m,52.0,Y,morning,,2023,10
Unprovoked,USA,South Carolina,swimming,m,,N,afternoon,,2023,9
Unprovoked,EGYPT,South Sinai,swimming,f,34.0,N,,tiger,2023,9
Unprovoked,USA,Florida,surfing/bodyboarding,m,,N,,,2023,9
Unprovoked,USA,Florida,surfing/bodyboarding,m,35.0,N,,,2023,9
Unprovoked,USA,Florida,wading,f,37.0,N,,,2023,9
Unprovoked,USA,North Carolina,wading,,9.0,N,morning,,2023,8
Unprovoked,SPAIN,Valencia,wading,m,35.0,N,afternoon,blue,2023,8
Unprovoked,SAMOA,Savai'i island,swimming,m,,Y,evening,,2023,8
Unprovoked,USA,New York,wading,f,65.0,N,evening,,2023,8
Unprovoked,USA,Florida,surfing/bodyboarding,m,22.0,N,morning,,2023,7
Unprovoked,USA,Florida,dive fishing,m,22.0,N,afternoon,,2023,7
Unprovoked,USA,Florida,swimming,f,26.0,N,evening,,2023,7
Unprovoked,AUSTRALIA,Western Australia,surfing/bodyboarding,m,25.0,N,morning,great white,2023,7
Unprovoked,AUSTRALIA,Western Australia,swimming,m,77.0,N,,wobbegong,2023,7
Unprovoked,USA,South Carolina,surfing/bodyboarding,m,60.0,N,afternoon,,2023,7
Unprovoked,COLOMBIA,San Andrés Island,diving,m,38.0,N,afternoon,whitetip,2023,7
Unprovoked,USA,Florida,wading,m,49.0,N,afternoon,,2023,7
Unprovoked,USA,Florida,surfing/bodyboarding,m,21.0,N,afternoon,,2023,7
Unprovoked,ECUADOR,Galapagos Islands,swimming,f,42.0,N,,,2023,7
Unprovoked,USA,New York,wading,f,,N,afternoon,,2023,7
Unprovoked,USA,New York,swimming,m,49.0,N,afternoon,,2023,7
Unprovoked,USA,New York,swimming,m,47.0,N,afternoon,,2023,7
Unprovoked,USA,New York,surfing/bodyboarding,m,15.0,N,evening,,2023,7
Unprovoked,USA,New York,swimming,f,15.0,N,afternoon,raggedtooth,2023,7
Unprovoked,USA,Florida,swimming,f,,N,,,2023,6
Unprovoked,USA,Florida,fishing,m,,N,morning,,2023,6
Unprovoked,USA,Hawaii,,m,,N,,tiger,2023,6
Unprovoked,EGYPT,Red Sea Protectorate,swimming,m,24.0,Y,afternoon,tiger,2023,6
Unprovoked,FRENCH POLYNESIA,Tahiti,surfing/bodyboarding,f,25.0,N,afternoon,reef,2023,5
Unprovoked,NEW CALEDONIA,Poum,dive fishing,m,42.0,Y,morning,,2023,5
Unprovoked,TURKS and CaICOS,Providenciales Island,swimming,f,22.0,N,afternoon,reef,2023,5
Unprovoked,USA,New Jersey,surfing/bodyboarding,f,15.0,N,afternoon,,2023,5
Unprovoked,USA,Florida,dive fishing,m,20.0,N,afternoon,,2023,5
Unprovoked,USA,South Carolina,swimming,f,24.0,N,evening,,2023,5
Unprovoked,AUSTRALIA,South Australia,surfing/bodyboarding,m,46.0,Y,morning,great white,2023,5
Unprovoked,USA,Florida,wading,f,13.0,N,afternoon,bull,2023,5
Unprovoked,USA,Florida,dive fishing,m,22.0,N,morning,,2023,5
Unprovoked,SOUTH AFRICA,Easten Cape Province,surfing/bodyboarding,m,55.0,N,evening,,2023,5
Unprovoked,SOUTH AFRICA,Easten Cape Province,fishing,m,39.0,N,,,2023,5
Unprovoked,AUSTRALIA,Western Australia,swimming,m,,N,morning,,2023,4
Unprovoked,AUSTRALIA,Western Australia,swimming,m,11.0,N,afternoon,,2023,4
Unprovoked,USA,Florida,dive fishing,m,,N,,bull,2023,4
Unprovoked,AUSTRALIA,Western Australia,surfing/bodyboarding,m,30.0,N,morning,bronze whaler,2023,4
Unprovoked,USA,Florida,surfing/bodyboarding,f,55.0,N,afternoon,,2023,4
Unprovoked,USA,Hawaii,surfing/bodyboarding,m,58.0,N,morning,tiger,2023,4
Unprovoked,USA,Florida,surfing/bodyboarding,m,67.0,N,afternoon,,2023,3
Unprovoked,AUSTRALIA,Western Australia,wading,m,35.0,N,evening,,2023,3
Unprovoked,USA,Hawaii,swimming,m,60.0,N,afternoon,reef,2023,3
Unprovoked,AUSTRALIA,Western Australia,small watercraft,f,,N,morning,,2023,3
Unprovoked,BRAZIL,Pernambuco,swimming,f,15.0,N,afternoon,,2023,3
Unprovoked,BRAZIL,Pernambuco,swimming,m,14.0,N,,,2023,3
Unprovoked,BRAZIL,Pernambuco,surfing/bodyboarding,m,32.0,N,afternoon,,2023,2
Unprovoked,USA,Florida,surfing/bodyboarding,m,60.0,N,evening,,2023,2
Unprovoked,AUSTRALIA,Western Australia,swimming,f,16.0,Y,afternoon,bull,2023,2
Unprovoked,AUSTRALIA,Queensland,fishing,m,8.0,N,,,2023,1
Unprovoked,NEW CALEDONIA,South Province,swimming,m,49.0,N,morning,bull,2023,1
Unprovoked,USA,Florida,swimming,m,34.0,N,afternoon,,2023,1
Unprovoked,MeXICO,Gulf of California,diving,m,53.0,Y,morning,,2023,1
Unprovoked,USA,Hawaii,swimming,m,68.0,N,morning,tiger,2022,12
Unprovoked,AUSTRALIA,New South ales,swimming,m,15.0,N,afternoon,,2022,12
Unprovoked,USA,Samoa,diving,m,43.0,N,afternoon,,2022,12
Unprovoked,USA,Hawaii,swimming,f,60.0,Y,afternoon,tiger,2022,12
Unprovoked,USA,Texas,surfing/bodyboarding,m,,N,,blacktip,2022,12
Unprovoked,USA,Florida,swimming,f,10.0,N,afternoon,,2022,11
Unprovoked,USA,California,swimming,f,50.0,N,morning,great white,2022,11
Unprovoked,USA,California,surfing/bodyboarding,m,,N,evening,,2022,10
Unprovoked,BAHAMAS,,diving,m,,N,,,2022,10
Unprovoked,USA,Hawaii,swimming,m,51.0,N,afternoon,tiger,2022,10
Unprovoked,AUSTRALIA,South Australia,small watercraft,m,19.0,N,morning,,2022,10
Unprovoked,USA,Louisiana,adrift,m,40.0,N,,,2022,10
Unprovoked,AUSTRALIA,Western  Australia,dive fishing,m,38.0,N,morning,bull,2022,10
Unprovoked,AUSTRALIA,Victoria,surfing/bodyboarding,m,17.0,N,evening,,2022,10
Unprovoked,USA,California,surfing/bodyboarding,m,31.0,N,afternoon,great white,2022,10
Unprovoked,SOUTH AFRICA,Western Cape Province,swimming,f,39.0,Y,morning,great white,2022,9
Unprovoked,USA,Florida,dive fishing,m,26.0,N,,bull,2022,9
Unprovoked,BAHAMAS,,swimming,f,58.0,Y,afternoon,bull,2022,9
Unprovoked,USA,Hawaii,swimming,f,51.0,N,afternoon,,2022,9
Unprovoked,AUSTRALIA,New South Wales,surfing/bodyboarding,m,14.0,N,morning,bronze whaler,2022,8
Unprovoked,AUSTRALIA,New South Wales,small watercraft,m,,N,,great white,2022,8
Unprovoked,USA,South Carolina,swimming,f,,N,morning,,2022,8
Unprovoked,USA,South Carolina,wading,f,,N,afternoon,blacktip,2022,8
Unprovoked,AUSTRALIA,Westerm Australia,dive fishing,m,17.0,N,,great white,2022,8
Unprovoked,USA,Florida,swimming,m,10.0,N,afternoon,bull,2022,8
Unprovoked,USA,California,SUP/foiling,m,,N,morning,,2022,8
Unprovoked,ENGLAND,Cornwall,swimming,f,,N,afternoon,blue,2022,7
Unprovoked,USA,Florida,dive fishing,m,13.0,N,,nurse,2022,7
Unprovoked,USA,Florida,wading,m,33.0,N,afternoon,blacktip,2022,7
Unprovoked,USA,New York,surfing/bodyboarding,m,16.0,N,evening,,2022,7
Unprovoked,USA,Noirth Carolina,surfing/bodyboarding,f,,N,morning,,2022,7
Unprovoked,USA,Florida,,f,40.0,N,afternoon,,2022,7
Unprovoked,USA,New York,,m,49.0,N,evening,,2022,7
Unprovoked,USA,New York,surfing/bodyboarding,m,41.0,N,morning,tiger,2022,7
Unprovoked,USA,Florida,surfing/bodyboarding,m,35.0,N,,,2022,7
Unprovoked,USA,New York,swimming,m,17.0,N,morning,,2022,7
Unprovoked,JAPAN,Okinawa,swimming,m,60.0,Y,,,2022,7
Unprovoked,USA,Florida,surfing/bodyboarding,m,28.0,N,morning,,2022,7
Unprovoked,USA,New York,swimming,m,,N,morning,,2022,7
Unprovoked,INDONESIA,Bali,surfing/bodyboarding,f,,N,,,2022,7
Unprovoked,EGYPT,"Hurghada, Red Sea Governorate",swimming,f,45.0,Y,,whitetip,2022,7
Unprovoked,EGYPT,"Hurghada, Red Sea Governorate",swimming,f,68.0,Y,,whitetip,2022,7
Unprovoked,USA,New York,swimming,m,,N,afternoon,,2022,6
Unprovoked,USA,Florida,dive fishing,f,17.0,N,afternoon,,2022,6
Unprovoked,USA,Florida,swimming,f,35.0,N,evening,,2022,6
Unprovoked,USA,Florida,swimming,m,,N,afternoon,,2022,6
Unprovoked,SOUTH AFRICA,Western Cape Province,swimming,m,,Y,afternoon,,2022,6
Unprovoked,JAMAICA,,fishing,m,,N,afternoon,tiger,2022,6
Unprovoked,USA,Florida,,f,,N,,,2022,6
Unprovoked,USA,California,swimming,m,62.0,N,morning,great white,2022,6
Unprovoked,USA,South Carolina,,m,,N,,,2022,6
Unprovoked,AUSTRALIA,Western Australia,swimming,f,,N,afternoon,,2022,6
Unprovoked,AUSTRALIA,Western Australia,surfing/bodyboarding,,,N,,bronze whaler,2022,5
Unprovoked,AUSTRALIA,Western Australia,diving,m,20.0,N,,bull,2022,5
Unprovoked,MALDIVES,,fishing,m,62.0,N,,,2022,5
Unprovoked,FRENCH POLYNESIA,Bora Bora,,,,N,,,2022,5
Unprovoked,THAILAND,Phuket,swimming,m,8.0,N,afternoon,,2022,5
Unprovoked,FRENCH POLYNESIA,Tahiti,,m,22.0,N,morning,tiger,2022,4
Unprovoked,AUSTRALIA,,SUP/foiling,m,32.0,N,,,2022,4
Unprovoked,USA,Florida,,,56.0,N,afternoon,,2022,4
Unprovoked,USA,Alabama,swimming,m,17.0,N,afternoon,,2022,4
Unprovoked,USA,Florida,wading,m,,N,afternoon,,2022,4
Unprovoked,USA,Florida,small watercraft,m,,N,morning,,2022,4
Unprovoked,COLUMBIA,Isla De San Andres,swimming,m,56.0,Y,,tiger,2022,3
Unprovoked,NEW ZEALAND,South Island,surfing/bodyboarding,m,,N,,,2022,3
Unprovoked,AUSTRALIA,New South Wales,surfing/bodyboarding,m,32.0,N,afternoon,bull,2022,3
Unprovoked,AUSTRALIA,New South Wales,swimming,m,,N,afternoon,,2022,3
Unprovoked,USA,Florida,surfing/bodyboarding,m,20.0,N,afternoon,,2022,3
Unprovoked,AUSTRALIA,New South Wales,surfing/bodyboarding,m,,N,morning,,2022,3
Unprovoked,USA,California,surfing/bodyboarding,m,42.0,Y,morning,great white,2022,2
Unprovoked,AUSTRALIA,Queensland,fishing,m,,N,,tiger,2022,2
Unprovoked,AUSTRALIA,New South Wales,swimming,m,36.0,Y,afternoon,,2022,2
Unprovoked,MEXICO,Sonora,diving,m,56.0,Y,morning,,2022,2
Unprovoked,USA,Florida,surfing/bodyboarding,m,18.0,N,evening,,2022,2
Unprovoked,AUSTRALIA,Western Australia,swimming,f,20.0,N,morning,great white,2022,2
Unprovoked,AUSTRALIA,New South Wales,swimming,m,,N,,wobbegong,2022,1
Unprovoked,AUSTRALIA,Western Australia,swimming,m,,N,,wobbegong,2022,1
Unprovoked,NEW ZEALAND,South Island,swimming,f,13.0,N,afternoon,sevengill,2022,1
Unprovoked,USA,Florida,SUP/foiling,f,42.0,N,afternoon,spinner,2022,1
Unprovoked,AUSTRALIA,New South Wales,,f,42.0,N,morning,,2022,1
Unprovoked,AUSTRALIA,Western Australia,surfing/bodyboarding,m,45.0,N,,,2022,1
Unprovoked,New Zealand,South Island,swimming,f,9.0,N,,,2021,12
Unprovoked,USA,Los Angeles,surfing/bodyboarding,m,31.0,Y,morning,great white,2021,12
Unprovoked,USA,Florida,SUP/foiling,f,42.0,N,,spinner,2021,12
Unprovoked,AUSTRALIA,Queensland,dive fishing,m,24.0,N,morning,bull,2021,12
Unprovoked,MEXICO,Quintana Roo,diving,m,14.0,N,,,2021,12
Unprovoked,AUSTRALIA,Victoria,swimming,f,15.0,N,evening,,2021,12
Unprovoked,AUSTRALIA,Victoria,swimming,m,15.0,N,evening,,2021,12
Unprovoked,USA,Hawaii,surfing/bodyboarding,m,,N,,reef,2021,12
Unprovoked,USA,Hawaii,dive fishing,f,27.0,N,morning,,2021,11
Unprovoked,AUSTRALIA,Western Australia,swimming,m,57.0,Y,morning,,2021,11
Unprovoked,BRAZIL,São Paulo.,swimming,m,,N,,,2021,11
Unprovoked,NEW ZEALAND,North Island,surfing/bodyboarding,m,26.0,N,,sevengill,2021,11
Unprovoked,AUSTRALIA,Queensland,swimming,m,34.0,N,evening,,2021,10
Unprovoked,USA,Florida,surfing/bodyboarding,m,25.0,N,,,2021,10
Unprovoked,USA,Florida,swimming,m,,N,afternoon,,2021,10
Unprovoked,USA,California,surfing/bodyboarding,m,38.0,N,morning,,2021,10
Unprovoked,USA,Florida,surfing/bodyboarding,m,,N,afternoon,,2021,9
Unprovoked,AUSTRALIA,New South Wales,surfing/bodyboarding,m,31.0,Y,morning,great white,2021,9
Unprovoked,British Overseas Territory,Turks and Caicos,,m,,N,,,2021,9
Unprovoked,USA,Louisiana,adrift,m,64.0,N,afternoon,,2021,9
Unprovoked,USA,Texas,surfing/bodyboarding,m,,N,morning,,2021,8
Unprovoked,USA,Florida,surfing/bodyboarding,m,41.0,N,morning,bull,2021,8
Unprovoked,CANADA,Nova Scotia,swimming,f,21.0,N,evening,,2021,8
Unprovoked,USA,Florida,surfing/bodyboarding,m,35.0,N,morning,,2021,8
Unprovoked,USA,Florida,swimming,m,15.0,N,morning,,2021,8
Unprovoked,USA,South Carolina,,m,,N,morning,blacktip,2021,8
Unprovoked,USA,Maryland,swimming,f,12.0,N,afternoon,blacktip,2021,8
Unprovoked,USA,North Carolina,wading,m,15.0,N,afternoon,,2021,7
Unprovoked,USA,Georgia,surfing/bodyboarding,m,58.0,N,,blacktip,2021,7
Unprovoked,USA,New York,swimming,m,,N,morning,,2021,7
Unprovoked,BRAZIL,Pernambuco,wading,m,32.0,N,,,2021,7
Unprovoked,USA,California,surfing/bodyboarding,f,,N,,,2021,7
Unprovoked,AUSTRALIA,Western Australia,surfing/bodyboarding,m,,N,afternoon,great white,2021,7
Unprovoked,USA,Florida,surfing/bodyboarding,m,11.0,N,afternoon,,2021,7
Unprovoked,SOUTH AFRICA,Eastern Cape Province,surfing/bodyboarding,m,38.0,N,morning,,2021,7
Unprovoked,USA,Florida,swimming,f,9.0,N,afternoon,spinner,2021,7
Unprovoked,USA,Florida,dive fishing,m,36.0,Y,,,2021,7
Unprovoked,BRAZIL,Pernambuco,wading,m,51.0,Y,afternoon,,2021,7
Unprovoked,AUSTRALIA,New South Wales,surfing/bodyboarding,m,25.0,N,afternoon,great white,2021,7
Unprovoked,USA,Florida,wading,m,8.0,N,afternoon,,2021,7
Unprovoked,ECUADOR,Galapagos,diving,m,31.0,N,,galapagos,2021,7
Unprovoked,USA,California,small watercraft,m,15.0,N,morning,,2021,6
Unprovoked,USA,North Carolina,swimming,f,7.0,N,morning,,2021,6
Unprovoked,USA,California,swimming,m,38.0,N,morning,great white,2021,6
Unprovoked,JORDAN,Aqaba,adrift,m,36.0,N,,,2021,6
Unprovoked,AUSTRALIA,Western Australia,surfing/bodyboarding,m,25.0,N,afternoon,,2021,6
Unprovoked,USA,Florida,wading,m,12.0,N,afternoon,,2021,6
Unprovoked,USA,Florida,swimming,m,14.0,N,afternoon,,2021,6
Unprovoked,USA,Florida,wading,m,12.0,N,,,2021,6
Unprovoked,USA,Florida,wading,m,71.0,N,,,2021,6
Unprovoked,AUSTRALIA,Western Australia,swimming,m,10.0,N,morning,bronze whaler,2021,6
Unprovoked,USA,South Carolina,swimming,m,26.0,N,,,2021,5
Unprovoked,AUSTRALIA,Western Australia,dive fishing,m,48.0,N,morning,,2021,5
Unprovoked,AUSTRALIA,New South Wales,surfing/bodyboarding,m,59.0,Y,morning,great white,2021,5
Unprovoked,USA,Hawaii,SUP/foiling,m,35.0,N,afternoon,tiger,2021,5
Unprovoked,USA,Florida,wading,f,21.0,N,morning,,2021,5
Unprovoked,USA,Hawaii,surfing/bodyboarding,m,14.0,N,afternoon,,2021,5
Unprovoked,JAMAICA,Westmoreland Parish,dive fishing,m,53.0,Y,morning,,2021,5
Unprovoked,USA,Florida,surfing/bodyboarding,f,64.0,N,morning,,2021,4
Unprovoked,USA,Florida,surfing/bodyboarding,m,54.0,N,morning,,2021,4
Unprovoked,FRENCH POLYNESIA,Tahiti,small watercraft,m,25.0,N,morning,,2021,4
Unprovoked,NEW CALEDONIA,,SUP/foiling,m,53.0,Y,,,2021,4
Unprovoked,USA,Hawaii,swimming,f,57.0,N,morning,tiger,2021,4
Unprovoked,AUSTRALIA,Western Australia,,m,,N,afternoon,,2021,4
Unprovoked,SOUTH AFRICA,KwaZulu-Natal,dive fishing,m,38.0,N,afternoon,,2021,4
Unprovoked,SOUTH AFRICA,Eastern Cape Province,surfing/bodyboarding,m,38.0,Y,morning,great white,2021,4
Unprovoked,USA,Florida,swimming,m,36.0,N,,,2021,4
Unprovoked,USA,Florida,,m,,N,afternoon,,2021,3
Unprovoked,AUSTRALIA,Western Australia,dive fishing,m,27.0,N,afternoon,bull,2021,3
Unprovoked,FRENCH POLYNESIA,Marquesas,swimming,m,10.0,N,,,2021,3
Unprovoked,USA,Florida,,f,16.0,N,morning,,2021,3
Unprovoked,USA,Florida,swimming,m,7.0,N,,,2021,3
Unprovoked,USA,Florida,surfing/bodyboarding,m,9.0,N,afternoon,,2021,3
Unprovoked,AUSTRALIA,Western Australia,SUP/foiling,m,75.0,N,afternoon,blacktip,2021,3
Unprovoked,USA,Florida,wading,m,20.0,N,afternoon,blacktip,2021,3
Unprovoked,NEW CALEDONIA,Loyalty Islands,dive fishing,m,16.0,N,afternoon,tiger,2021,3
Unprovoked,NEW CALEDONIA,,swimming,m,57.0,Y,morning,tiger,2021,2
Unprovoked,USA,Hawaii,surfing/bodyboarding,m,,N,afternoon,,2021,2
Unprovoked,AUSTRALIA,Western Australia,swimming,f,46.0,N,morning,,2021,1
Unprovoked,NEW ZEALAND,North Island,swimming,m,61.0,N,evening,,2021,1
Unprovoked,AUSTRALIA,New South Wales,swimming,m,58.0,N,evening,,2021,1
Unprovoked,USA,Hawaii,swimming,m,73.0,N,morning,,2021,1
Unprovoked,AUSTRALIA,South Australia,swimming,m,32.0,Y,evening,great white,2021,1
Unprovoked,Australia,Western Australia,swimming,,57.0,N,morning,bull,2021,1
Unprovoked,BRAZIL,Pernambuco,surfing/bodyboarding,m,52.0,N,,,2021,1
Unprovoked,AUSTRALIA,Western Australia,swimming,m,54.0,N,morning,bull,2021,1
Unprovoked,AUSTRALIA,Victoria,swimming,m,7.0,N,evening,,2021,1
Unprovoked,ST KITTS / NEVIS,The Narrows,small watercraft,f,26.0,N,morning,,2021,1
Unprovoked,NEW ZEALAND,North Island,swimming,f,19.0,Y,evening,,2021,1
Unprovoked,USA,Florida,surfing/bodyboarding,m,19.0,N,morning,,2021,1
Unprovoked,USA,Florida,surfing/bodyboarding,m,17.0,N,morning,,2021,1
Unprovoked,USA,Hawaii,swimming,f,68.0,N,morning,,2021,1
Unprovoked,USA,California,swimming,m,,N,afternoon,great white,2020,12
Unprovoked,MALDIVES,Raa Atoll,adrift,m,40.0,N,morning,,2020,12
Unprovoked,ST MARTIN,,swimming,f,39.0,Y,afternoon,tiger,2020,12
Unprovoked,AUSTRALIA,Western Australia,surfing/bodyboarding,m,,N,morning,,2020,12
Unprovoked,USA,Hawaii,surfing/bodyboarding,m,56.0,Y,morning,tiger,2020,12
Unprovoked,USA,Oregon,surfing/bodyboarding,m,20.0,N,afternoon,,2020,12
Unprovoked,AUSTRALIA,South Australia,surfing/bodyboarding,m,29.0,N,afternoon,great white,2020,12
Unprovoked,EGYPT,South Sinai,diving,f,42.0,N,,whitetip,2020,12
Unprovoked,USA,Hawaii,swimming,f,35.0,N,afternoon,,2020,11
Unprovoked,NEW CALEDONIA,South Province,swimming,f,,N,,tiger,2020,11
Unprovoked,AUSTRALIA,Western Australia,surfing/bodyboarding,m,59.0,Y,morning,bull,2020,11
Unprovoked,AUSTRALIA,New South Wales,surfing/bodyboarding,m,13.0,N,morning,,2020,11
Unprovoked,USA,Florida,swimming,m,17.0,N,afternoon,blacktip,2020,10
Unprovoked,BAHAMAS, Grand Bahama Island,dive fishing,m,,N,,reef,2020,10
Unprovoked,USA,"Franklin County, Florida",surfing/bodyboarding,m,,N,afternoon,,2020,10
Unprovoked,EGYPT,South Sinai,swimming,,,N,,,2020,10
Unprovoked,AUSTRALIA,Queensland,dive fishing,m,59.0,N,afternoon,,2020,10
Unprovoked,AUSTRALIA,Western Australia,surfing/bodyboarding,m,52.0,Y,morning,,2020,10
Unprovoked,USA,Florida,surfing/bodyboarding,m,31.0,N,afternoon,blacktip,2020,10
Unprovoked,AUSTRALIA,Western Australia,surfing/bodyboarding,m,17.0,N,morning,bronze whaler,2020,10
Unprovoked,USA,Florida,swimming,m,30.0,N,morning,bull,2020,9
Unprovoked,AUSTRALIA,New South Wales,SUP/foiling,m,,N,afternoon,great white,2020,9
Unprovoked,USA,Florida,surfing/bodyboarding,m,15.0,N,morning,,2020,9
Unprovoked,USA,Florida,surfing/bodyboarding,m,25.0,N,morning,,2020,9
Unprovoked,AUSTRALIA,Queensland,surfing/bodyboarding,m,46.0,Y,evening,great white,2020,9
Unprovoked,USA,Hawaii,swimming,f,70.0,N,afternoon,,2020,9
Unprovoked,USA,Florida,,m,,N,,nurse,2020,9
Unprovoked,USA,South Carolina,surfing/bodyboarding,m,12.0,N,morning,,2020,8
Unprovoked,USA,California,small watercraft,m,,N,afternoon,great white,2020,8
Unprovoked,USA,Florida,wading,m,23.0,N,afternoon,,2020,8
Unprovoked,USA,Florida,surfing/bodyboarding,m,14.0,N,morning,,2020,8
Unprovoked,USA,Florida,surfing/bodyboarding,f,50.0,N,morning,,2020,8
Unprovoked,AUSTRALIA,New South Wales,surfing/bodyboarding,f,35.0,N,morning,great white,2020,8
Unprovoked,USA,Virgin Islands,swimming,f,,N,afternoon,nurse,2020,8
Unprovoked,USA,North Carolina,surfing/bodyboarding,m,54.0,N,afternoon,,2020,8
Unprovoked,USA,Florida,surfing/bodyboarding,f,22.0,N,evening,,2020,7
Unprovoked,USA,Alabama,swimming,m,14.0,N,afternoon,spinner,2020,7
Unprovoked,AUSTRALIA,Western Australia,surfing/bodyboarding,m,28.0,N,afternoon,great white,2020,7
Unprovoked,USA,Florida,diving,m,38.0,N,,lemon,2020,7
Unprovoked,FRENCH POLYNESIA,Tuamotu Islands,swimming,m,4.0,N,evening,reef,2020,7
Unprovoked,USA,Maine,swimming,f,63.0,Y,afternoon,great white,2020,7
Unprovoked,USA,Bahamas,dive fishing,m,23.0,N,afternoon,reef,2020,7
Unprovoked,USA,Florida,wading,m,11.0,N,,,2020,7
Unprovoked,USA,North Carolina,swimming,m,,N,evening,bull,2020,7
Unprovoked,USA,Florida,wading,f,12.0,N,afternoon,,2020,7
Unprovoked,AUSTRALIA,Tasmania,fishing,m,10.0,N,afternoon,great white,2020,7
Unprovoked,USA,Florida,wading,f,14.0,N,,bull,2020,7
Unprovoked,AUSTRALIA,Queensland,swimming,f,29.0,N,morning,,2020,7
Unprovoked,AUSTRALIA,New South Wales,surfing/bodyboarding,m,15.0,Y,afternoon,great white,2020,7
Unprovoked,USA,Florida,surfing/bodyboarding,f,15.0,N,morning,,202,7
Unprovoked,AUSTRALIA,Queensland,dive fishing,m,36.0,Y,afternoon,,2020,7
Unprovoked,USA,Florida,swimming,m,7.0,N,,bull,2020,6
Unprovoked,USA,North Carolina,surfing/bodyboarding,m,16.0,N,afternoon,,2020,6
Unprovoked,BAHAMAS,Exumas,,,,N,,,2020,6
Unprovoked,SOUTH AFRICA,KwaZulu-Natal,small watercraft,f,,N,afternoon,,2020,6
Unprovoked,NEW CALEDONIA,South Province,surfing/bodyboarding,m,30.0,Y,afternoon,tiger,2020,6
Unprovoked,AUSTRALIA,New South Wales,surfing/bodyboarding,m,60.0,Y,morning,great white,2020,6
Unprovoked,USA,Hawaii,surfing/bodyboarding,m,,N,morning,tiger,2020,6
Unprovoked,BAHAMAS,Abaco Islands,dive fishing,m,,N,,bull,2020,5
Unprovoked,AUSTRALIA,Queensland,dive fishing,m,18.0,N,,bull,2020,5
Unprovoked,THAILAND,"Muang district of Satun province, ",swimming,m,12.0,N,,bull,2020,5
Unprovoked,SPAIN,Canary Islands,swimming,m,9.0,N,,,2020,5
Unprovoked,FRENCH POLYNESIA,Tahiti,swimming,,,N,,blacktip,2020,5
Unprovoked,USA,California,surfing/bodyboarding,m,26.0,Y,afternoon,great white,2020,5
Unprovoked,AUSTRALIA,Victoria,surfing/bodyboarding,m,,N,afternoon,,2020,5
Unprovoked,USA,California,swimming,f,57.0,N,afternoon,,2020,5
Unprovoked,AUSTRALIA,New South Wales,swimming,f,,N,morning,,2020,4
Unprovoked,USA,Florida,surfing/bodyboarding,f,,N,morning,bull,2020,4
Unprovoked,AUSTRALIA,Queensland,swimming,m,23.0,Y,evening,,2020,4
Unprovoked,AUSTRALIA,New South Wales,surfing/bodyboarding,m,38.0,N,morning,,2020,4
Unprovoked,USA,California,SUP/foiling,m,,N,evening,,2020,3
Unprovoked,USA,Florida,surfing/bodyboarding,m,,N,afternoon,,2020,3
Unprovoked,USA,Florida,surfing/bodyboarding,m,,N,morning,,2020,3
Unprovoked,AUSTRALIA,Queensland,,f,,N,afternoon,,2020,3
Unprovoked,FIJI,Vanua Levu,dive fishing,m,26.0,N,morning,,2020,3
Unprovoked,NEW ZEALAND,North Island,surfing/bodyboarding,m,60.0,N,morning,great white,2020,2
Unprovoked,USA,Maui,SUP/foiling,m,,N,morning,tiger,2020,2
Unprovoked,FRENCH POLYNESIA,Marquesas,small watercraft,m,,N,morning,,2010,2
Unprovoked,AUSTRALIA,New South Wales,surfing/bodyboarding,m,59.0,N,morning,,2020,1
Unprovoked,NEW ZEALAND,Southland,surfing/bodyboarding,f,13.0,N,evening,sevengill,2020,1
Unprovoked,USA,North Carolina,surfing/bodyboarding,m,26.0,N,afternoon,,2020,1
Unprovoked,THAILAND,Phang Nga Province,swimming,m,75.0,N,morning,,2020,1
Unprovoked,AUSTRALIA,Queensland,swimming,f,7.0,N,evening,lemon,2020,1
Unprovoked,AUSTRALIA,Western Australia,diving,m,57.0,Y,afternoon,great white,2020,1
Unprovoked,NEW CALEDONIA,,,m,12.0,N,afternoon,,2020,1
Unprovoked,AUSTRALIA,Queensland,swimming,m,35.0,N,afternoon,bull,2019,12
Unprovoked,SEYCHELLES,Praslin,swimming,f,45.0,N,evening,,2019,12
Unprovoked,PAPUA NEW GUINEA,Central Province,dive fishing,m,33.0,Y,afternoon,,2019,12
Unprovoked,SOUTH AFRICA,Eastern Cape Province,small watercraft,m,,N,morning,,2019,12
Unprovoked,NEW ZEALAND,Southland,surfing/bodyboarding,f,17.0,N,evening,,2019,12
Unprovoked,USA,California,surfing/bodyboarding,m,37.0,N,afternoon,,2019,12
Unprovoked,AUSTRALIA,Western Australia,diving,m,57.0,N,morning,,2019,12
Unprovoked,CUBA,Holquin,swimming,m,22.0,Y,night,,2019,12
Unprovoked,USA,Hawaii,SUP/foiling,m,57.0,N,morning,tiger,2019,12
Unprovoked,USA,Florida,surfing/bodyboarding,m,9.0,N,,blacktip,2019,11
Unprovoked,AUSTRALIA,Queensland,swimming,m,30.0,N,evening,,2019,11
Unprovoked,ISRAEL,,swimming,m,,N,,,2019,11
Unprovoked,USA,Florida,surfing/bodyboarding,m,30.0,N,,blacktip,2019,11
Unprovoked,MEXICO,Baja ,swimming,m,23.0,N,,,2019,11
Unprovoked,USA,California,surfing/bodyboarding,f,,N,morning,great white,2019,11
Unprovoked,AUSTRALIA,Queensland,swimming,m,,N,morning,tiger,2019,10
Unprovoked,USA,California,small watercraft,m,,N,morning,great white,2019,10
Unprovoked,AUSTRALIA,Queensland,surfing/bodyboarding,m,17.0,N,evening,,2019,10
Unprovoked,USA,Florida,surfing/bodyboarding,m,20.0,N,afternoon,,2019,10
Unprovoked,AUSTRALIA,New South Wales,surfing/bodyboarding,m,29.0,N,afternoon,great white,2019,10
Unprovoked,USA,Guam,surfing/bodyboarding,m,,N,,,2019,10
Unprovoked,USA,Hawaii,surfing/bodyboarding,f,,N,morning,,2019,9
Unprovoked,USA,Florida,swimming,m,,N,evening,,2019,9
Unprovoked,USA,Florida,surfing/bodyboarding,m,13.0,N,afternoon,,2019,9
Unprovoked,USA,Hawaii,swimming,,,N,morning,galapagos,2019,9
Unprovoked,USA,South Carolina,,f,22.0,N,,,2019,9
Unprovoked,AUSTRALIA,Western Australia,dive fishing,m,,N,morning,great white,2019,9
Unprovoked,USA,Cayman Islands,dive fishing,m,70.0,N,,nurse,2019,8
Unprovoked,USA,Florida,,m,65.0,N,afternoon,,2019,8
Unprovoked,USA,Florida,wading,m,11.0,N,morning,,2019,8
Unprovoked,USA,Hawaii,swimming,f,26.0,N,morning,,2019,8
Unprovoked,FIJI,,dive fishing,m,32.0,N,afternoon,reef,2019,8
Unprovoked,USA,Florida,wading,m,9.0,N,morning,,2019,8
Unprovoked,USA,Hawaii,surfing/bodyboarding,m,16.0,N,evening,,2019,8
Unprovoked,USA,Florida,wading,m,51.0,N,afternoon,,2019,8
Unprovoked,USA,Florida,surfing/bodyboarding,f,21.0,N,afternoon,,2019,8
Unprovoked,USA,Florida,surfing/bodyboarding,m,20.0,N,afternoon,,2019,8
Unprovoked,USA,Florida,dive fishing,m,37.0,N,,,2019,8
Unprovoked,USA,Hawaii,swimming,m,49.0,N,night,,2019,7
Unprovoked,USA,Florida,surfing/bodyboarding,m,18.0,N,afternoon,,2019,7
Unprovoked,USA,Florida,surfing/bodyboarding,m,49.0,N,afternoon,,2019,7
Unprovoked,USA,Florida,surfing/bodyboarding,m,23.0,N,,spinner,2019,7
Unprovoked,USA,Rhode Island,surfing/bodyboarding,m,18.0,N,evening,tiger,2019,7
Unprovoked,NEW ZEALAND,Chatham Islands,diving,m,45.0,N,morning,great white,2019,7
Unprovoked,USA,North Carolina,surfing/bodyboarding,f,,N,afternoon,,2019,7
Unprovoked,USA,Florida,surfing/bodyboarding,f,16.0,N,morning,,2019,7
Unprovoked,SOUTH AFRICA,Eastern Cape Province,surfing/bodyboarding,m,,N,morning,great white,2019,7
Unprovoked,AUSTRALIA,Queensland,SUP/foiling,m,43.0,N,morning,bull,2019,7
Unprovoked,BAHAMAS,Abaco Islands,swimming,m,32.0,N,evening,,2019,7
Unprovoked,USA,Florida,surfing/bodyboarding,m,18.0,N,afternoon,,2019,6
Unprovoked,BAHAMAS,Lucayan Archipelago,swimming,f,21.0,Y,afternoon,,2019,6
Unprovoked,BAHAMAS,Abaco Islands,dive fishing,m,,N,,,2019,6
Unprovoked,USA,North Carolina,swimming,m,8.0,N,afternoon,,2019,6
Unprovoked,USA,Georgia,swimming,m,64.0,N,morning,bull,2019,6
Unprovoked,USA,North Carolina,surfing/bodyboarding,m,19.0,N,afternoon,,2019,6
Unprovoked,AUSTRALIA,Tasmania,diving,m,,N,,,2019,6
Unprovoked,USA,North Carolina,wading,f,17.0,N,afternoon,,2019,6
Unprovoked,NEW CALEDONIA,Bélep Islands,fishing,m,43.0,Y,,,2019,5
Unprovoked,USA,Hawaii,swimming,m,65.0,Y,morning,,2019,5
Unprovoked,NEW CALEDONIA,Noumea,swimming,m,10.0,N,afternoon,bull,2019,5
Unprovoked,USA,New Jersey,surfing/bodyboarding,m,67.0,N,,,2019,5
Unprovoked,FIJI,,diving,m,,N,,tiger,2019,5
Unprovoked,USA,Hawaii,surfing/bodyboarding,m,,N,morning,,2019,5
Unprovoked,AUSTRALIA,Queensland,surfing/bodyboarding,m,53.0,N,afternoon,,2019,5
Unprovoked,REUNION ISLAND,,surfing/bodyboarding,m,28.0,Y,afternoon,,2018,5
Unprovoked,USA,Hawaii,swimming,f,34.0,N,morning,,2019,5
Unprovoked,USA,California,surfing/bodyboarding,f,28.0,N,,great white,2019,5
Unprovoked,USA,Florida,fishing,m,,N,evening,,2019,5
Unprovoked,AUSTRALIA,New South Wales,dive fishing,m,18.0,N,afternoon,nurse,2019,4
Unprovoked,USA,Hawaii,small watercraft,f,65.0,N,morning,tiger,2019,4
Unprovoked,USA,Florida,,m,25.0,N,evening,,2019,4
Unprovoked,USA,Hawaii,swimming,m,23.0,N,night,,2019,4
Unprovoked,AUSTRALIA,Queensland,swimming,m,25.0,N,afternoon,reef,2019,3
Unprovoked,USA,Florida,surfing/bodyboarding,m,46.0,N,afternoon,,2019,3
Unprovoked,MEXICO,Guerrero,swimming,m,32.0,N,evening,,2019,3
Unprovoked,USA,Hawaii,swimming,m,58.0,N,night,,2019,3
Unprovoked,USA,Florida,surfing/bodyboarding,m,11.0,N,afternoon,spinner,2019,3
Unprovoked,USA,Oregon,surfing/bodyboarding,m,,N,morning,,2019,3
Unprovoked,USA,California,surfing/bodyboarding,m,,N,morning,,2018,2
Unprovoked,AUSTRALIA,New South Wales,surfing/bodyboarding,m,41.0,N,morning,,2019,2
Unprovoked,BRAZIL,Fernando de Noronha,surfing/bodyboarding,m,31.0,N,evening,lemon,2019,2
Unprovoked,AUSTRALIA,Northern Territory ,dive fishing,m,25.0,N,,reef,2019,2
Unprovoked,USA,Hawaii,surfing/bodyboarding,m,,N,afternoon,tiger,2019,2
Unprovoked,AUSTRALIA,New South Wales,surfing/bodyboarding,m,50.0,N,morning,,2019,2
Unprovoked,USA,Florida,dive fishing,m,50.0,N,morning,bull,2019,2
Unprovoked,REUNION ISLAND,,fishing,m,41.0,Y,morning,,2019,1
Unprovoked,AUSTRALIA,Western Australia,swimming,f,15.0,N,morning,wobbegong,2019,1
Unprovoked,USA,California,surfing/bodyboarding,m,19.0,N,morning,great white,2019,1
Unprovoked,MEXICO,Sonora,diving,m,35.0,Y,morning,tiger,2018,12
Unprovoked,NEW ZEALAND,North Island,dive fishing,m,24.0,N,morning,mako,2018,12
Unprovoked,NEW ZEALAND,North Island,dive fishing,m,50.0,N,morning,bronze whaler,2018,12
Unprovoked,AUSTRALIA,New South Wales ,surfing/bodyboarding,m,36.0,N,morning,,2018,12
Unprovoked,AUSTRALIA,New South Wales,surfing/bodyboarding,m,25.0,N,evening,wobbegong,2018,11
Unprovoked,USA,Florida,surfing/bodyboarding,m,48.0,N,evening,,2018,11
Unprovoked,AUSTRALIA,Northern Territory ,dive fishing,m,17.0,N,morning,reef,2018,11
Unprovoked,AUSTRALIA,New South Wales,surfing/bodyboarding,m,24.0,N,afternoon,,2018,11
Unprovoked,SOUTH AFRICA,KwaZulu-Natal,fishing,m,41.0,N,morning,great white,2018,11
Unprovoked,AUSTRALIA,Western Australia,surfing/bodyboarding,m,20.0,N,morning,tiger,2018,11
Unprovoked,BAHAMAS,Exumas,swimming,m,8.0,N,afternoon,nurse,2018,11
Unprovoked,AUSTRALIA,New South Wales,surfing/bodyboarding,m,42.0,N,morning,,2018,11
Unprovoked,AUSTRALIA,Queensland,swimming,m,33.0,Y,evening,,2018,11
Unprovoked,EGYPT,,diving,m,,N,,whitetip,2018,11
Unprovoked,AUSTRALIA,Western Australia,surfing/bodyboarding,m,,N,morning,,2018,10
Unprovoked,USA,Florida,surfing/bodyboarding,f,,N,afternoon,,2018,10
Unprovoked,USA,Florida,surfing/bodyboarding,m,29.0,N,,,2018,10
Unprovoked,USA,California,diving,m,,N,morning,great white,2018,10
Unprovoked,AUSTRALIA,New South Wales,surfing/bodyboarding,m,50.0,N,morning,bull,2018,10
Unprovoked,NEW ZEALAND,North Island,surfing/bodyboarding,m,25.0,N,evening,great white,2018,10
Unprovoked,USA,Florida,surfing/bodyboarding,f,,N,morning,spinner,2018,10
Unprovoked,USA,California,diving,m,13.0,N,morning,great white,2018,9
Unprovoked,AUSTRALIA,Northern Territory ,,m,17.0,N,afternoon,bull,2018,9
Unprovoked,BAHAMAS,Abaco Islands,dive fishing,f,32.0,N,afternoon,blacktip,2018,9
Unprovoked,JAMAICA,St. Marys Parish,dive fishing,m,43.0,Y,,,2018,9
Unprovoked,AUSTRALIA,Queensland,swimming,f,12.0,N,afternoon,,2018,9
Unprovoked,AUSTRALIA,Queensland,swimming,f,46.0,N,evening,,2018,9
Unprovoked,USA,Massachusetts,surfing/bodyboarding,m,26.0,Y,afternoon,great white,2018,9
Unprovoked,USA,Florida,surfing/bodyboarding,m,39.0,N,afternoon,,2018,9
Unprovoked,USA,Hawaii,SUP/foiling,m,23.0,N,morning,tiger,2018,9
Unprovoked,USA,Florida,surfing/bodyboarding,m,65.0,N,morning,,2018,9
Unprovoked,BAHAMAS,,diving,m,,N,,lemon,2018,8
Unprovoked,USA,California,swimming,m,14.0,N,evening,,2018,8
Unprovoked,BAHAMAS,Abaco Islands,dive fishing,m,29.0,N,,reef,2018,8
Unprovoked,USA,North Carolina,surfing/bodyboarding,m,14.0,N,morning,,2018,8
Unprovoked,ITALY,"Chieti, Province",swimming,m,24.0,N,,,2018,8
Unprovoked,BAHAMAS,Abaco Islands,wading,f,56.0,N,morning,nurse,2018,8
Unprovoked,USA,Massachusetts,swimming,m,61.0,N,afternoon,great white,2018,8
Unprovoked,USA,Texas,dive fishing,m,42.0,N,morning,bull,2018,8
Unprovoked,USA,North Carolina,wading,m,16.0,N,,blacktip,2018,8
Unprovoked,USA,North Carolina,wading,f,,N,morning,,2018,8
Unprovoked,EGYPT,,swimming,m,42.0,Y,afternoon,tiger,2018,8
Unprovoked,USA,Florida,surfing/bodyboarding,m,14.0,N,,,2018,7
Unprovoked,USA,New York,surfing/bodyboarding,m,13.0,N,afternoon,tiger,2018,7
Unprovoked,USA,New York,wading,f,12.0,N,morning,tiger,2018,7
Unprovoked,USA,Florida,wading,m,17.0,N,afternoon,,2018,7
Unprovoked,USA,Florida,surfing/bodyboarding,m,30.0,N,afternoon,,2018,7
Unprovoked,USA,Florida,surfing/bodyboarding,m,14.0,N,morning,,2018,7
Unprovoked,BAHAMAS,The Exuma Cays,swimming,f,19.0,N,,nurse,2018,7
Unprovoked,USA,South Carolina,surfing/bodyboarding,f,11.0,N,afternoon,,2018,7
Unprovoked,USA,Georgia,wading,f,11.0,N,afternoon,,2018,6
Unprovoked,AUSTRALIA,New South Wales,surfing/bodyboarding,m,,N,,,2018,6
Unprovoked,AUSTRALIA,New South Wales,surfing/bodyboarding,m,,N,,,2018,6
Unprovoked,BRAZIL,Pernambuco,swimming,m,18.0,Y,afternoon,tiger,2018,6
Unprovoked,EGYPT,,diving,m,,N,,whitetip,1018,6
Unprovoked,USA,Florida,wading,m,15.0,N,evening,bull,2018,5
Unprovoked,USA,Florida,wading,m,12.0,N,afternoon,,2018,5
Unprovoked,USA,South Carolina,surfing/bodyboarding,m,10.0,N,,,2018,5
Unprovoked,USA,South Carolina,swimming,m,10.0,N,afternoon,,2018,5
Unprovoked,SOUTH AFRICA,Eastern Cape Province,surfing/bodyboarding,m,,N,morning,,2018,5
Unprovoked,THAILAND,Hua Hin,swimming,m,,N,,,2018,4
Unprovoked,COSTA RICA,Cocos Island,diving,m,30.0,N,morning,tiger,2018,4
Unprovoked,AUSTRALIA,Western Australia,surfing/bodyboarding,m,,N,afternoon,,2018,4
Unprovoked,AUSTRALIA,Western Australia,surfing/bodyboarding,m,60.0,N,morning,,2018,4
Unprovoked,AUSTRALIA,Western Australia,surfing/bodyboarding,m,,N,afternoon,great white,2018,4
Unprovoked,MALDIVES,Alifu Alifu Atoll,fishing,m,32.0,N,night,tiger,2018,4
Unprovoked,SOUTH AFRICA,Western Cape Province,small watercraft,m,33.0,N,morning,great white,2018,4
Unprovoked,USA,Hawaii,surfing/bodyboarding,m,29.0,N,,,2018,4
Unprovoked,THAILAND,Hua Hin,swimming,m,54.0,N,,bull,2018,4
Unprovoked,AUSTRALIA,Western Australia,surfing/bodyboarding,m,41.0,N,,,2018,4
Unprovoked,AUSTRALIA,Western Australia,surfing/bodyboarding,m,37.0,N,morning,,2018,4
Unprovoked,BAHAMAS,New Providence,surfing/bodyboarding,m,,N,morning,tiger,2018,4
Unprovoked,NEW CALEDONIA,,SUP/foiling,m,17.0,N,evening,,2018,4
Unprovoked,BAHAMAS,,swimming,m,12.0,N,evening,bull,2018,4
Unprovoked,SOUTH AFRICA,Eastern Cape Province,surfing/bodyboarding,m,19.0,N,afternoon,great white,2018,4
Unprovoked,USA,Hawaii,SUP/foiling,m,25.0,N,morning,tiger,2018,3
Unprovoked,AUSTRALIA,Western Australia,wading,m,10.0,N,evening,wobbegong,2018,3
Unprovoked,AUSTRALIA,Victoria,swimming,m,69.0,N,afternoon,,2018,3
Unprovoked,AUSTRALIA,Victoria,surfing/bodyboarding,m,18.0,N,morning,,2018,3
Unprovoked,SOUTH AFRICA,KwaZulu-Natal,diving,m,38.0,N,,blacktip,2018,2
Unprovoked,AUSTRALIA,New South Wales,swimming,f,55.0,N,evening,great white,2018,2
Unprovoked,AUSTRALIA,New South Wales,wading,m,35.0,N,afternoon,bull,2018,2
Unprovoked,ECUADOR,Galapagos Islands,swimming,m,45.0,N,,galapagos,2018,2
Unprovoked,AUSTRALIA,Western Australia,,m,18.0,N,morning,bull,2018,1
Unprovoked,NEW CALEDONIA,,dive fishing,m,45.0,N,afternoon,bull,2018,1
Unprovoked,FRENCH POLYNESIA,,surfing/bodyboarding,m,45.0,N,morning,lemon,2018,1
Unprovoked,AUSTRALIA,Queensland,diving,m,,N,afternoon,reef,2018,1
Unprovoked,AUSTRALIA,New South Wales,diving,m,28.0,N,,great white,2018,1
Unprovoked,BRAZIL,Fernando de Noronha,surfing/bodyboarding,m,20.0,N,afternoon,,2018,1
Unprovoked,AUSTRALIA,Western Australia,surfing/bodyboarding,m,,N,,wobbegong,2018,1
Unprovoked,USA,Hawaii,surfing/bodyboarding,f,54.0,N,evening,tiger,2017,12
Unprovoked,USA,California,surfing/bodyboarding,f,35.0,N,afternoon,,2017,12
Unprovoked,BAHAMAS,,swimming,f,25.0,N,,nurse,2017,12
Unprovoked,Australia,New South Wales,surfing/bodyboarding,m,62.0,N,morning,great white,2017,12
Unprovoked,COSTA RICA,Cocos Island,diving,m,26.0,N,,tiger,2017,11
Unprovoked,COSTA RICA,Cocos Island,diving,f,49.0,Y,,tiger,2017,11
Unprovoked,USA,California,dive fishing,m,25.0,N,afternoon,great white,2017,11
Unprovoked,USA,Florida,surfing/bodyboarding,f,14.0,N,afternoon,,2017,11
Unprovoked,,,surfing/bodyboarding,m,24.0,N,,,2017,11
Unprovoked,AUSTRALIA,New South Wales,surfing/bodyboarding,m,25.0,N,afternoon,,2017,11
Unprovoked,CUBA,Holquin Province,wading,m,22.0,Y,night,tiger,2017,11
Unprovoked,USA,Hawaii,surfing/bodyboarding,m,25.0,N,afternoon,,2017,11
Unprovoked,AUSTRALIA,Queensland,swimming,m,7.0,N,,,2017,10
Unprovoked,AUSTRALIA,New South Wales,surfing/bodyboarding,m,31.0,N,morning,wobbegong,2017,10
Unprovoked,USA,Hawaii,SUP/foiling,m,,N,afternoon,,2017,10
Unprovoked,MAURITIUS,Pamplemousses ,swimming,m,,N,afternoon,,2017,10
Unprovoked,USA,Florida,surfing/bodyboarding,m,17.0,N,evening,,2017,10
Unprovoked,USA,Florida,swimming,f,60.0,N,morning,,2017,10
Unprovoked,AUSTRALIA,South Australia,small watercraft,f,15.0,N,afternoon,great white,2017,10
Unprovoked,USA,Florida,swimming,m,,N,afternoon,spinner,2017,10
Unprovoked,USA,Hawaii,surfing/bodyboarding,m,54.0,N,evening,tiger,2017,10
Unprovoked,USA,Hawaii,swimming,f,40.0,N,afternoon,,2017,10
Unprovoked,USA,Florida,surfing/bodyboarding,m,,N,morning,,2017,9
Unprovoked,AUSTRALIA,Western Australia,surfing/bodyboarding,m,,N,evening,great white,2017,9
Unprovoked,USA,Florida,surfing/bodyboarding,m,,N,afternoon,,2017,9
Unprovoked,USA,Florida,surfing/bodyboarding,m,,N,morning,,2017,9
Unprovoked,SPAIN,Canary Islands,surfing/bodyboarding,m,13.0,N,,,2017,9
Unprovoked,USA,Florida,surfing/bodyboarding,m,28.0,N,afternoon,,2017,9
Unprovoked,USA,Florida,surfing/bodyboarding,m,18.0,N,evening,,2017,9
Unprovoked,AUSTRALIA,Westerm Australia,swimming,m,,N,afternoon,,2017,9
Unprovoked,AUSTRALIA,New South Wales,surfing/bodyboarding,m,35.0,N,morning,great white,2017,9
Unprovoked,SOLOMON ISLANDS,,dive fishing,m,,N,,,2017,9
Unprovoked,SOUTH AFRICA,Western Cape Province,swimming,m,,Y,morning,,2017,9
Unprovoked,JAPAN,Shizuoka Prefecture,surfing/bodyboarding,m,42.0,N,morning,,2017,9
Unprovoked,USA,Florida,swimming,m,,N,,nurse,2017,9
Unprovoked,USA,Texas,swimming,f,,N,,,2017,9
Unprovoked,USA,Florida,surfing/bodyboarding,m,17.0,N,morning,,2017,9
Unprovoked,AUSTRALIA,Victoria,surfing/bodyboarding,m,37.0,N,morning,great white,2017,8
Unprovoked,USA,Florida,wading,f,3.0,N,afternoon,,2017,8
Unprovoked,USA,Massachusetts,SUP/foiling,m,69.0,N,morning,great white,2017,8
Unprovoked,BAHAMAS,,dive fishing,m,,N,afternoon,,2017,8
Unprovoked,USA,South Carolina,swimming,m,13.0,N,afternoon,blacktip,2017,8
Unprovoked,EGYPT,Red Sea Protectorate,swimming,f,20.0,N,,whitetip,2017,8
Unprovoked,USA,Florida,,m,15.0,N,evening,,2017,7
Unprovoked,USA,South Carolina,,f,12.0,N,afternoon,,2017,7
Unprovoked,BAHAMAS,New Providence District,swimming,f,,N,,,2017,7
Unprovoked,BAHAMAS,40 miles off Grand Bahama Island,dive fishing,m,,N,,,2017,7
Unprovoked,"ST HELENA, British overseas territory",Ascension Island,surfing/bodyboarding,m,37.0,N,evening,,2017,7
Unprovoked,USA,New Jersey,,f,,N,,tiger,2017,7
Unprovoked,SPAIN,Majorca,swimming,f,,N,afternoon,blue,2017,7
Unprovoked,USA,Florida,,f,40.0,N,afternoon,,2017,7
Unprovoked,USA,California,SUP/foiling,m,50.0,N,morning,great white,2017,7
Unprovoked,USA,Washington,surfing/bodyboarding,m,,N,evening,great white,2017,7
Unprovoked,AUSTRALIA,Western Australia,surfing/bodyboarding,m,,N,morning,,2017,7
Unprovoked,USA,Florida,swimming,m,46.0,N,afternoon,bull,2017,7
Unprovoked,SOUTH AFRICA,Eastern Cape Province,surfing/bodyboarding,f,13.0,N,afternoon,great white,2017,7
Unprovoked,USA,South Carolina,swimming,f,16.0,N,,,2017,6
Unprovoked,USA,Florida,surfing/bodyboarding,m,,N,morning,,2017,6
Unprovoked,USA,South Carolina,swimming,f,14.0,N,,bull,2017,6
Unprovoked,REUNION,,surfing/bodyboarding,m,34.0,N,morning,bull,2017,6
Unprovoked,SPAIN,Ibiza Island,swimming,m,82.0,N,afternoon,,2017,6
Unprovoked,FRENCH POLYNESIA,Marquesas,surfing/bodyboarding,m,,N,,,2017,6
Unprovoked,BAHAMAS,,,f,,N,,,2017,6
Unprovoked,AUSTRALIA,Western Australia,surfing/bodyboarding,m,48.0,N,morning,great white,2017,6
Unprovoked,AUSTRALIA,Victoria,surfing/bodyboarding,f,,N,afternoon,sevengill,2017,6
Unprovoked,USA,Florida,surfing/bodyboarding,m,19.0,N,morning,,2017,6
Unprovoked,UNITED KINGDOM,South Devon,surfing/bodyboarding,m,30.0,N,,,2017,6
Unprovoked,USA,Florida,dive fishing,m,,N,,,2017,6
Unprovoked,BAHAMAS,New Providence ,swimming,f,32.0,N,afternoon,tiger,2017,6
Unprovoked,USA,Florida,,m,,N,morning,tiger,2017,5
Unprovoked,UNITED ARAB EMIRATES,"Sharjah, ",dive fishing,m,41.0,N,morning,,2017,5
Unprovoked,MEXICO,Baja California Sur,swimming,m,33.0,Y,evening,,2017,5
Unprovoked,USA,California,swimming,f,,N,evening,,2017,4
Unprovoked,SOUTH AFRICA,Western Cape Province,surfing/bodyboarding,m,14.0,N,evening,,2017,4
Unprovoked,USA,South Carolina,surfing/bodyboarding,f,33.0,N,morning,,2017,4
Unprovoked,REUNION,Saint-Leu,surfing/bodyboarding,m,28.0,Y,morning,,2017,4
Unprovoked,NEW ZEALAND,South Island,surfing/bodyboarding,f,25.0,N,afternoon,,2017,4
Unprovoked,"ST HELENA, British overseas territory",Ascension Island,swimming,f,40.0,N,afternoon,,2017,4
Unprovoked,USA,Florida,,,,N,afternoon,,2017,4
Unprovoked,AUSTRALIA,Western Australia,surfing/bodyboarding,f,17.0,Y,afternoon,great white,2017,4
Unprovoked,USA,Hawaii,surfing/bodyboarding,m,28.0,N,morning,tiger,2017,4
Unprovoked,USA,Florida,surfing/bodyboarding,m,17.0,N,afternoon,,2017,4
Unprovoked,USA,Florida,surfing/bodyboarding,f,,N,afternoon,,2017,4
Unprovoked,USA,Florida,surfing/bodyboarding,f,35.0,N,afternoon,,2017,4
Unprovoked,USA,Florida,SUP/foiling,f,10.0,N,evening,,2017,4
Unprovoked,USA,Florida,swimming,f,21.0,N,evening,,2017,4
Unprovoked,USA,Florida,swimming,m,16.0,N,,,2017,4
Unprovoked,USA,Florida,swimming,f,51.0,N,afternoon,,2017,4
Unprovoked,AUSTRALIA,Queensland,small watercraft,m,39.0,N,afternoon,,2017,4
Unprovoked,USA,Florida,swimming,f,17.0,N,afternoon,bull,2017,4
Unprovoked,USA,Florida,surfing/bodyboarding,m,58.0,N,morning,,2017,3
Unprovoked,AUSTRALIA,New South Wales,surfing/bodyboarding,m,30.0,N,evening,,2017,3
Unprovoked,PHILIPPINES,Luzon Island,dive fishing,m,25.0,N,,,2017,3
Unprovoked,BAHAMAS,The Exuma Cays,wading,m,58.0,N,,lemon,2017,3
Unprovoked,BAHAMAS,The Exuma Cays,swimming,f,,N,,nurse,2017,3
Unprovoked,AUSTRALIA,Western Australia,swimming,f,,N,morning,bull,2017,2
Unprovoked,AUSTRALIA,Western Australia,surfing/bodyboarding,m,,N,morning,,2017,2
Unprovoked,REUNION,Saint-Andre,surfing/bodyboarding,m,26.0,Y,morning,,2017,2
Unprovoked,AUSTRALIA,Queensland,dive fishing,m,26.0,N,morning,,2017,2
Unprovoked,USA,Florida,swimming,m,22.0,N,afternoon,,2017,2
Unprovoked,BAHAMAS,Bimini,diving,m,37.0,N,,reef,2017,2
Unprovoked,USA,,,m,13.0,N,,,,
Unprovoked,BRAZIL,Pernambuco,swimming,m,21.0,N,afternoon,,2017,1
Unprovoked,USA,Florida,,m,,N,afternoon,,2017,1
Unprovoked,AUSTRALIA,Queensland,diving,m,55.0,N,afternoon,bull,2017,1
Unprovoked,AUSTRALIA,Queensland,swimming,m,57.0,N,afternoon,,2017,1
Unprovoked,USA,Florida,,m,,N,morning,,2017,1
Unprovoked,INDONESIA,Bali,surfing/bodyboarding,m,48.0,N,morning,bull,2017,1
Unprovoked,USA,Florida,wading,m,47.0,N,afternoon,,2017,1
Unprovoked,USA,Florida,surfing/bodyboarding,m,16.0,N,evening,,2016,12
Unprovoked,AUSTRALIA,Western Australia,swimming,f,,N,morning,,2016,12
Unprovoked,SOUTH AFRICA,Western Cape Province,small watercraft,m,55.0,N,morning,great white,2016,12
Unprovoked,AUSTRALIA,Western Australia,diving,m,61.0,N,morning,,2016,12
Unprovoked,FRENCH POLYNESIA,Tuamotos,fishing,m,45.0,N,,,2016,12
Unprovoked,AUSTRALIA,New South Wales,surfing/bodyboarding,m,65.0,N,morning,great white,2016,12
Unprovoked,USA,Hawaii,swimming,f,58.0,N,morning,tiger,2016,11
Unprovoked,USA,Florida,surfing/bodyboarding,m,41.0,N,afternoon,,2016,10
Unprovoked,USA,Florida,surfing/bodyboarding,m,42.0,N,afternoon,,2016,10
Unprovoked,AUSTRALIA,New South Wales,surfing/bodyboarding,m,36.0,N,morning,,2016,10
Unprovoked,USA,Hawaii,surfing/bodyboarding,m,36.0,N,evening,,2016,10
Unprovoked,AUSTRALIA,Queensland,surfing/bodyboarding,m,,N,evening,,2016,10
Unprovoked,USA,Hawaii,swimming,f,66.0,N,morning,,2016,10
Unprovoked,AUSTRALIA,New South Wales,surfing/bodyboarding,m,25.0,N,morning,,2016,10
Unprovoked,USA,Oregon,surfing/bodyboarding,m,29.0,N,afternoon,,2016,10
Unprovoked,Mozambique,Inhambane Province,fishing,m,,Y,,,2016,10
Unprovoked,USA,Florida,surfing/bodyboarding,m,21.0,N,morning,,2016,10
Unprovoked,USA,Florida,surfing/bodyboarding,m,32.0,N,evening,,2016,10
Unprovoked,AUSTRALIA,New South Wales,surfing/bodyboarding,m,17.0,N,morning,great white,2016,9
Unprovoked,USA,Florida,surfing/bodyboarding,m,16.0,N,afternoon,,2016,9
Unprovoked,USA,Florida,surfing/bodyboarding,m,36.0,N,morning,,2016,9
Unprovoked,USA,Florida,surfing/bodyboarding,m,43.0,N,morning,,2016,9
Unprovoked,USA,California,surfing/bodyboarding,m,43.0,N,afternoon,,2016,9
Unprovoked,AUSTRALIA,Victoria,surfing/bodyboarding,m,,N,,,2016,9
Unprovoked,AUSTRALIA,Victoria,surfing/bodyboarding,m,,N,,,2016,9
Unprovoked,USA,Florida,wading,m,65.0,N,afternoon,,2016,9
Unprovoked,USA,Hawaii,swimming,f,51.0,N,afternoon,tiger,2016,9
Unprovoked,NEW CALEDONIA,North Province,surfing/bodyboarding,m,50.0,Y,afternoon,,2016,9
Unprovoked,USA,South Carolina,surfing/bodyboarding,f,12.0,N,afternoon,,2016,9
Unprovoked,AUSTRALIA,Western Australia,surfing/bodyboarding,m,,N,afternoon,,2016,9
Unprovoked,USA,Florida,surfing/bodyboarding,m,9.0,N,,,2016,9
Unprovoked,USA,California,dive fishing,m,22.0,N,,great white,2016,9
Unprovoked,USA,Florida,surfing/bodyboarding,m,25.0,N,afternoon,bull,2016,8
Unprovoked,USA,Florida,surfing/bodyboarding,m,37.0,N,afternoon,,2016,8
Unprovoked,REUNION,,surfing/bodyboarding,m,20.0,N,evening,bull,2016,8
Unprovoked,USA,Florida,wading,m,49.0,N,afternoon,,2016,8
Unprovoked,BAHAMAS,New Providence Island,swimming,m,15.0,N,,,2016,8
Unprovoked,USA,Hawaii,SUP/foiling,m,21.0,N,afternoon,tiger,2016,8
Unprovoked,USA,Florida,surfing/bodyboarding,m,22.0,N,,blacktip,2016,8
Unprovoked,SPAIN,Alicante Province,swimming,m,40.0,N,morning,blue,2016,7
Unprovoked,CHINA,Hong Kong,swimming,m,72.0,N,,,2016,7
Unprovoked,AUSTRALIA,New South Wales,surfing/bodyboarding,m,18.0,N,afternoon,,2016,7
Unprovoked,JAPAN,Kochi Prefecture,surfing/bodyboarding,m,29.0,N,evening,,2016,7
Unprovoked,AUSTRALIA,Tasmania,surfing/bodyboarding,m,36.0,N,,,2016,7
Unprovoked,BAHAMAS,Abaco Islands,dive fishing,m,,N,,bull,2016,7
Unprovoked,USA,Florida,surfing/bodyboarding,f,9.0,N,afternoon,,2016,7
Unprovoked,USA,Florida,,f,11.0,N,morning,,2016,7
Unprovoked,USA,California,surfing/bodyboarding,m,61.0,N,evening,great white,2016,7
Unprovoked,USA,South Carolina,swimming,m,,N,,,2016,7
Unprovoked,BAHAMAS,,diving,m,,N,,lemon,2016,7
Unprovoked,SPAIN,Canary Islands,wading,f,10.0,N,,,2016,7
Unprovoked,USA,Florida,swimming,f,42.0,N,afternoon,,2016,7
Unprovoked,USA,South Carolina,,m,35.0,N,afternoon,,2016,6
Unprovoked,USA,North Carolina,surfing/bodyboarding,m,11.0,N,afternoon,,2016,6
Unprovoked,COLUMBIA,Isla Providencia,diving,m,59.0,N,morning,reef,2016,6
Unprovoked,SOUTH AFRICA,Western Cape Province,dive fishing,m,43.0,N,,great white,2016,6
Unprovoked,USA,South Carolina,swimming,m,42.0,N,afternoon,,2016,6
Unprovoked,USA,Florida,wading,m,,N,afternoon,,2016,6
Unprovoked,USA,Hawaii,surfing/bodyboarding,m,,N,morning,,2016,6
Unprovoked,USA,Texas,swimming,f,6.0,N,evening,,2016,6
Unprovoked,USA,North Carolina,wading,m,19.0,N,afternoon,,2016,6
Unprovoked,USA,Florida,swimming,m,64.0,N,morning,,2016,6
Unprovoked,AUSTRALIA,Western Australia,diving,f,60.0,Y,morning,,2016,6
Unprovoked,EGYPT,Suez,swimming,m,23.0,N,morning,mako,2016,6
Unprovoked,NEW CALEDONIA,,surfing/bodyboarding,m,,N,afternoon,,2016,6
Unprovoked,AUSTRALIA,Western Australia,surfing/bodyboarding,m,29.0,Y,afternoon,great white,2016,5
Unprovoked,USA,California,swimming,f,52.0,N,afternoon,,2016,5
Unprovoked,USA,Florida,swimming,m,13.0,N,afternoon,,2016,5
Unprovoked,USA,Florida,swimming,f,57.0,N,afternoon,,2016,5
Unprovoked,USA,Florida,swimming,f,22.0,N,evening,bull,2016,5
Unprovoked,USA,Florida,swimming,f,11.0,N,evening,,2016,5
Unprovoked,USA,Florida,swimming,m,48.0,N,morning,blacktip,2016,5
Unprovoked,USA,Hawaii,swimming,m,59.0,N,afternoon,,2016,5
Unprovoked,USA,Louisiana,wading,f,33.0,N,,blacktip,2016,5
Unprovoked,INDONESIA,Bali,surfing/bodyboarding,m,24.0,N,morning,bull,2016,4
Unprovoked,USA,Florida,surfing/bodyboarding,m,15.0,N,evening,,2016,4
Unprovoked,SOUTH AFRICA,Western Cape Province,small watercraft,m,,N,morning,great white,2016,4
Unprovoked,AUSTRALIA,New South Wales,swimming,m,12.0,N,afternoon,wobbegong,2016,4
Unprovoked,USA,Florida,dive fishing,m,26.0,N,,bull,2016,4
Unprovoked,NEW CALEDONIA,Grand Terre,wading,f,69.0,Y,morning,tiger,2016,4
Unprovoked,USA,Florida,fishing,m,34.0,N,,,2016,4
Unprovoked,USA,Hawaii,swimming,f,46.0,N,morning,,2016,3
Unprovoked,AUSTRALIA,New South Wales,surfing/bodyboarding,m,22.0,N,evening,,2016,3
Unprovoked,AUSTRALIA,New South Wales,surfing/bodyboarding,m,41.0,N,morning,,2016,3
Unprovoked,USA,Florida,surfing/bodyboarding,m,19.0,N,afternoon,,2016,3
Unprovoked,Fiji,Vanua Levu,diving,m,45.0,Y,afternoon,,2016,3
Unprovoked,USA,Florida,,m,12.0,N,afternoon,,2016,3
Unprovoked,AUSTRALIA,South Australia,fishing,m,,N,night,bronze whaler,2016,3
Unprovoked,BRAZIL,Santa Catarina State,swimming,m,41.0,N,,tiger,2016,3
Unprovoked,NEW CALEDONIA,South Province,surfing/bodyboarding,m,21.0,N,evening,,2016,2
Unprovoked,NEW CALEDONIA,South Province,dive fishing,m,31.0,N,afternoon,,2016,2
Unprovoked,DOMINICAN REPUBLIC,Altagracia Province,wading,f,,N,afternoon,,2016,2
Unprovoked,AUSTRALIA,Queensland,wading,f,45.0,N,afternoon,,2016,2
Unprovoked,AUSTRALIA,New South Wales,surfing/bodyboarding,m,40.0,N,afternoon,,2016,2
Unprovoked,BRAZIL,Balneário Camboriú,swimming,m,41.0,N,,tiger,2016,2
Unprovoked,USA,Hawaii,surfing/bodyboarding,m,,N,afternoon,reef,2016,1
Unprovoked,USA,Hawaii,surfing/bodyboarding,f,15.0,N,morning,,2016,1
Unprovoked,USA,Texas,dive fishing,m,,N,morning,bull,2016,1
Unprovoked,USA,Hawaii,SUP/foiling,m,48.0,N,morning,tiger,2016,1
Unprovoked,AUSTRALIA,Queensland,surfing/bodyboarding,m,,N,,wobbegong,2016,1
Unprovoked,AUSTRALIA,Queensland,wading,m,11.0,N,afternoon,blacktip,2016,1
Unprovoked,AUSTRALIA,Queensland,dive fishing,m,31.0,N,morning,,2016,1
Unprovoked,SPAIN,Grand Canary Island,swimming,f,38.0,N,,,2015,12
Unprovoked,USA,Hawaii,SUP/foiling,m,71.0,N,morning,,2015,12
Unprovoked,AUSTRALIA,New South Wales,surfing/bodyboarding,m,43.0,N,morning,bronze whaler,2015,12
Unprovoked,BRAZIL,Pernambuco,diving,m,32.0,N,,tiger,2015,12
Unprovoked,ARUBA,,adrift,m,58.0,Y,,,2015,12
Unprovoked,BAHAMAS,,dive fishing,m,26.0,N,,bull,2015,12
Unprovoked,SOUTH AFRICA,Eastern Cape Province,wading,f,22.0,N,morning,,2015,12
Unprovoked,ECUADOR,Galapagos Islands,swimming,m,55.0,N,morning,galapagos,2015,11
Unprovoked,USA,Florida,surfing/bodyboarding,m,,N,afternoon,,2015,11
Unprovoked,USA,Florida,swimming,f,,N,morning,,2015,11
Unprovoked,USA,Florida,surfing/bodyboarding,m,28.0,N,,spinner,2015,11
Unprovoked,AUSTRALIA,New South Wales,surfing/bodyboarding,m,20.0,N,evening,bull,2015,11
Unprovoked,USA,Hawaii,swimming,m,54.0,N,morning,,2015,11
Unprovoked,USA,Florida,wading,f,28.0,N,afternoon,,2015,11
Unprovoked,MOZAMBIQUE,Inhambane Province,fishing,m,19.0,N,night,,2015,11
Unprovoked,AUSTRALIA,Western Australia,dive fishing,m,50.0,N,,,2015,10
Unprovoked,USA,Hawaii,surfing/bodyboarding,m,10.0,N,afternoon,,2015,10
Unprovoked,SOUTH AFRICA,Western Cape Province,surfing/bodyboarding,m,42.0,N,afternoon,great white,2015,10
Unprovoked,USA,Florida,surfing/bodyboarding,m,21.0,N,afternoon,,2015,10
Unprovoked,USA,Florida,surfing/bodyboarding,m,21.0,N,afternoon,spinner,2015,10
Unprovoked,MOZAMBIQUE,Inhambane Province,fishing,f,35.0,Y,,,2015,10
Unprovoked,USA,Hawaii,swimming,m,44.0,N,morning,tiger,2015,10
Unprovoked,USA,South Carolina,surfing/bodyboarding,f,9.0,N,afternoon,,2015,10
Unprovoked,USA,Hawaii,surfing/bodyboarding,m,25.0,N,morning,tiger,2015,10
Unprovoked,MOZAMBIQUE,Inhambane Province,fishing,m,,N,,,2015,10
Unprovoked,AUSTRALIA,Western Australia,surfing/bodyboarding,m,18.0,N,afternoon,,2015,10
Unprovoked,USA,Florida,surfing/bodyboarding,m,22.0,N,afternoon,,2015,10
Unprovoked,USA,Texas,wading,m,13.0,N,morning,,2015,10
Unprovoked,USA,Florida,surfing/bodyboarding,m,14.0,N,morning,blacktip,2015,10
Unprovoked,USA,Florida,surfing/bodyboarding,m,22.0,N,afternoon,blacktip,2015,9
Unprovoked,AUSTRALIA,Queensland,swimming,f,7.0,N,afternoon,,2015,9
Unprovoked,USA,Florida,surfing/bodyboarding,m,14.0,N,afternoon,,2015,9
Unprovoked,USA,Hawaii,dive fishing,m,27.0,N,afternoon,tiger,2015,9
Unprovoked,USA,Florida,wading,m,12.0,N,afternoon,,2015,9
Unprovoked,USA,Florida,fishing,m,16.0,N,morning,,2015,9
Unprovoked,USA,Florida,swimming,m,,N,evening,,2015,9
Unprovoked,USA,Florida,surfing/bodyboarding,m,20.0,N,afternoon,,2015,9
Unprovoked,AUSTRALIA,New South Wales,surfing/bodyboarding,m,42.0,N,morning,,2015,9
Unprovoked,USA,California,SUP/foiling,f,50.0,N,evening,great white,2015,9
Unprovoked,AUSTRALIA,New South Wales,small watercraft,m,62.0,N,morning,great white,2015,9
Unprovoked,USA,South Carolina,,m,,N,afternoon,,2015,9
Unprovoked,THAILAND,Phuket,wading,f,37.0,N,morning,,2015,9
Unprovoked,FIJI,,dive fishing,m,,N,,tiger,2015,9
Unprovoked,USA,California,surfing/bodyboarding,f,54.0,N,morning,great white,2015,8
Unprovoked,USA,California,surfing/bodyboarding,m,21.0,N,morning,great white,2015,8
Unprovoked,AUSTRALIA,New South Wales,surfing/bodyboarding,m,38.0,N,evening,,2015,8
Unprovoked,USA,South Carolina,surfing/bodyboarding,m,15.0,N,afternoon,,2015,8
Unprovoked,USA,Florida,wading,f,10.0,N,afternoon,,2015,8
Unprovoked,AUSTRALIA,New South Wales,surfing/bodyboarding,m,52.0,N,morning,great white,2015,7
Unprovoked,COSTA RICA,Guanacaste,surfing/bodyboarding,m,47.0,N,,,2015,7
Unprovoked,USA,Florida,surfing/bodyboarding,m,25.0,N,evening,spinner,2015,7
Unprovoked,AUSTRALIA,Tasmania,diving,m,46.0,Y,morning,great white,2015,7
Unprovoked,AUSTRALIA,Victoria,surfing/bodyboarding,m,40.0,N,,bronze whaler,2015,7
Unprovoked,REUNION,,surfing/bodyboarding,m,45.0,N,,bull,2015,7
Unprovoked,SOUTH AFRICA,Eastern Cape Province,surfing/bodyboarding,m,34.0,N,,great white,2015,7
Unprovoked,USA,California,surfing/bodyboarding,m,38.0,N,morning,great white,2015,7
Unprovoked,BAHAMAS,Grand Bahama Island,dive fishing,f,23.0,N,,,2015,7
Unprovoked,USA,North Carolina,,m,32.0,N,evening,,2015,7
Unprovoked,AUSTRALIA,New South Wales,surfing/bodyboarding,m,52.0,N,morning,great white,2015,7
Unprovoked,AUSTRALIA,New South Wales,surfing/bodyboarding,m,32.0,N,morning,great white,2015,7
Unprovoked,USA,North Carolina,swimming,m,68.0,N,afternoon,,2015,7
Unprovoked,AUSTRALIA,New South Wales,surfing/bodyboarding,m,,N,,,2015,6
Unprovoked,USA,South Carolina,swimming,m,12.0,N,evening,,2015,6
Unprovoked,USA,North Carolina,swimming,m,18.0,N,afternoon,bull,2015,6
Unprovoked,SOUTH AFRICA,Western Cape Province,surfing/bodyboarding,m,19.0,N,afternoon,great white,2015,6
Unprovoked,SOUTH AFRICA,Western Cape Province,surfing/bodyboarding,m,23.0,N,afternoon,great white,2015,6
Unprovoked,USA,South Carolina,wading,m,43.0,N,morning,,2015,6
Unprovoked,USA,North Carolina,surfing/bodyboarding,m,47.0,N,morning,,2015,6
Unprovoked,USA,North Carolina,swimming,m,6.0,N,afternoon,tiger,2015,6
Unprovoked,USA,South Carolina,wading,m,9.0,N,,,2015,6
Unprovoked,PUERTO RICO,,dive fishing,m,36.0,N,morning,,2015,6
Unprovoked,USA,Florida,swimming,m,10.0,N,afternoon,,2015,6
Unprovoked,USA,North Carolina,wading,m,16.0,N,evening,bull,2015,6
Unprovoked,USA,North Carolina,wading,f,12.0,N,afternoon,bull,2015,6
Unprovoked,USA,California,,f,,N,,mako,2015,6
Unprovoked,USA,North Carolina,surfing/bodyboarding,f,13.0,N,afternoon,,2015,6
Unprovoked,USA,Florida,swimming,m,11.0,N,morning,bull,2015,6
Unprovoked,USA,Florida,rescuing,f,17.0,N,,nurse,2015,6
Unprovoked,REUNION,Le Port,surfing/bodyboarding,m,47.0,N,afternoon,bull,2015,6
Unprovoked,USA,Florida,wading,f,14.0,N,afternoon,,2015,5
Unprovoked,USA,Florida,wading,f,19.0,N,afternoon,,2015,5
Unprovoked,FRENCH POLYNESIA,Rangiroa,dive fishing,m,19.0,N,morning,,2015,5
Unprovoked,USA,Florida,swimming,f,13.0,N,,,2015,5
Unprovoked,USA,Florida,surfing/bodyboarding,m,18.0,N,morning,,2015,5
Unprovoked,USA,South Carolina,,m,30.0,N,afternoon,,2015,5
Unprovoked,NEW CALEDONIA,,swimming,m,50.0,Y,,bull,2015,5
Unprovoked,USA,Florida,swimming,m,,N,afternoon,,2015,5
Unprovoked,AUSTRALIA,New South Wales,surfing/bodyboarding,m,,N,afternoon,great white,2015,5
Unprovoked,SOUTH AFRICA,Eastern Cape Province,diving,m,29.0,N,afternoon,great white,2015,5
Unprovoked,USA,Hawaii,swimming,f,65.0,Y,morning,,2015,4
Unprovoked,USA,Florida,wading,m,63.0,N,afternoon,,2015,4
Unprovoked,AUSTRALIA,South Australia,surfing/bodyboarding,m,26.0,N,morning,great white,2015,4
Unprovoked,AUSTRALIA,New South Wales,small watercraft,m,71.0,N,morning,great white,2015,6
Unprovoked,USA,Florida,,m,48.0,N,,blue,2015,4
Unprovoked,REUNION,Saint-Gilles-les-Bains,surfing/bodyboarding,m,13.0,Y,morning,bull,2015,4
Unprovoked,AUSTRALIA,New South Wales,SUP/foiling,m,,N,morning,,2015,4
Unprovoked,USA,Florida,dive fishing,m,70.0,N,afternoon,bull,2015,4
Unprovoked,EGYPT,Red Sea Protectorate,swimming,m,52.0,Y,,mako,2015,3
Unprovoked,USA,Hawaii,wading,m,58.0,N,morning,tiger,2015,3
Unprovoked,FRENCH POLYNESIA,Bora Bora,,m,9.0,N,morning,blacktip,2015,3
Unprovoked,FRENCH POLYNESIA,Central Tuamotu,wading,m,,N,,reef,2015,3
Unprovoked,REUNION,d’Étang-Salé,swimming,f,22.0,Y,evening,tiger,2015,2
Unprovoked,AUSTRALIA,New South Wales,surfing/bodyboarding,m,41.0,Y,morning,,2015,2
Unprovoked,AUSTRALIA,New South Wales,surfing/bodyboarding,m,35.0,N,morning,,2015,2
Unprovoked,AUSTRALIA,New South Wales,surfing/bodyboarding,m,,N,,,2015,2
Unprovoked,AUSTRALIA,New South Wales,surfing/bodyboarding,m,,N,,,2015,1
Unprovoked,SOUTH AFRICA,Eastern Cape Province,swimming,m,24.0,N,afternoon,,2015,1
Unprovoked,AUSTRALIA,New South Wales,,m,17.0,N,,,2015,1
Unprovoked,BAHAMAS,Abaco Islands,swimming,f,34.0,N,afternoon,whitetip,2015,1
Unprovoked,SOUTH AFRICA,Eastern Cape Province,surfing/bodyboarding,m,15.0,N,morning,raggedtooth,2015,1
Unprovoked,USA,Florida,,m,12.0,N,afternoon,,2015,1
Unprovoked,AUSTRALIA,New South Wales,surfing/bodyboarding,,,N,morning,,2014,12
Unprovoked,AUSTRALIA,Western Australia,dive fishing,m,17.0,Y,morning,great white,2014,12
Unprovoked,USA,California,surfing/bodyboarding,m,50.0,N,morning,great white,2014,12
Unprovoked,JAPAN,,diving,m,,N,,,2014,12
Unprovoked,AUSTRALIA,Queensland,dive fishing,m,17.0,Y,morning,tiger,2014,12
Unprovoked,AUSTRALIA,Western Australia,surfing/bodyboarding,m,13.0,N,morning,,2014,11
Unprovoked,USA,Florida,surfing/bodyboarding,m,44.0,N,afternoon,,2014,11
Unprovoked,USA,Hawaii,swimming,m,53.0,N,afternoon,,2014,11
Unprovoked,AUSTRALIA,New South Wales,surfing/bodyboarding,m,,N,morning,,2014,11
Unprovoked,USA,Florida,surfing/bodyboarding,m,18.0,N,afternoon,,2014,11
Unprovoked,USA,Hawaii,surfing/bodyboarding,f,34.0,N,morning,tiger,2014,10
Unprovoked,USA,Hawaii,SUP/foiling,f,,N,morning,tiger,2014,10
Unprovoked,USA,Hawaii,SUP/foiling,m,,N,morning,,2014,10
Unprovoked,AUSTRALIA,New South Wales,surfing/bodyboarding,f,13.0,N,morning,,2014,10
Unprovoked,USA,South Carolina,wading,f,7.0,N,,bull,2014,10
Unprovoked,USA,Florida,surfing/bodyboarding,f,,N,afternoon,,2014,10
Unprovoked,USA,Florida,surfing/bodyboarding,m,29.0,N,morning,blacktip,2014,10
Unprovoked,USA,Florida,fishing,f,40.0,N,afternoon,,2014,10
Unprovoked,USA,Florida,surfing/bodyboarding,m,15.0,N,morning,blacktip,2014,10
Unprovoked,USA,California,surfing/bodyboarding,m,28.0,N,evening,,2014,10
Unprovoked,AUSTRALIA,Western Australia,surfing/bodyboarding,m,23.0,N,morning,great white,2014,10
Unprovoked,USA,Florida,surfing/bodyboarding,m,,N,morning,,2014,9
Unprovoked,FRENCH POLYNESIA,Moorea,fishing,f,36.0,N,,blacktip,2014,9
Unprovoked,AUSTRALIA,New South Wales,swimming,m,50.0,Y,morning,,2014,9
Unprovoked,USA,Alabama,fishing,m,43.0,N,afternoon,bull,2014,9
Unprovoked,SPAIN,Catalonia,swimming,m,16.0,N,,,2014,9
Unprovoked,USA,Florida,surfing/bodyboarding,f,13.0,N,afternoon,spinner,2014,8
Unprovoked,USA,Florida,surfing/bodyboarding,m,17.0,N,,spinner,2014,8
Unprovoked,SPAIN,Alicante,swimming,f,35.0,N,,,2014,8
Unprovoked,USA,North Carolina,surfing/bodyboarding,m,29.0,N,,,2014,8
Unprovoked,USA,South Carolina,wading,f,,N,afternoon,,2014,8
Unprovoked,USA,North Carolina,SUP/foiling,,,N,,,2014,8
Unprovoked,AUSTRALIA,Western Australia,dive fishing,m,31.0,N,,reef,2014,8
Unprovoked,USA,Florida,wading,m,,N,morning,bull,2014,8
Unprovoked,USA,Florida,,m,26.0,N,,,2014,8
Unprovoked,BAHAMAS,,dive fishing,m,,N,,bull,2014,8
Unprovoked,USA,Florida,swimming,f,10.0,N,afternoon,,2014,8
Unprovoked,USA,Louisiana,swimming,m,7.0,N,afternoon,bull,2014,8
Unprovoked,USA,South Carolina,surfing/bodyboarding,m,10.0,N,afternoon,,2014,8
Unprovoked,USA,Florida,swimming,f,45.0,N,,,2014,8
Unprovoked,USA,Florida,surfing/bodyboarding,m,55.0,N,,,2014,8
Unprovoked,USA,Florida,surfing/bodyboarding,m,8.0,N,afternoon,,2014,8
Unprovoked,SOUTH AFRICA,Western Cape Province,surfing/bodyboarding,m,20.0,N,afternoon,great white,2014,8
Unprovoked,USA,North Carolina,swimming,m,,N,,tiger,2014,7
Unprovoked,REUNION,Saint-Leu,surfing/bodyboarding,m,51.0,N,afternoon,,2014,7
Unprovoked,USA,Florida,wading,m,8.0,N,afternoon,,2014,7
Unprovoked,SPAIN,Canary Islands,wading,,,N,,,2014,7
Unprovoked,USA,Hawaii,swimming,m,61.0,N,evening,,2014,7
Unprovoked,USA,Florida,swimming,m,39.0,N,afternoon,,2014,7
Unprovoked,USA,North Carolina,surfing/bodyboarding,m,,N,,,2014,7
Unprovoked,USA,Florida,surfing/bodyboarding,m,14.0,N,afternoon,,2014,7
Unprovoked,USA,California,surfing/bodyboarding,m,,N,morning,,2014,7
Unprovoked,USA,South Carolina,surfing/bodyboarding,m,19.0,N,evening,,2014,7
Unprovoked,BAHAMAS,Abaco Islands,dive fishing,m,42.0,N,afternoon,reef,2014,6
Unprovoked,AUSTRALIA,South Australia,surfing/bodyboarding,m,,N,evening,,2014,6
Unprovoked,AUSTRALIA,South Australia,surfing/bodyboarding,m,15.0,N,evening,,2014,6
Unprovoked,BRAZIL,,fishing,m,43.0,N,,,2014,6
Unprovoked,USA,Delaware,wading,m,16.0,N,evening,,2014,6
Unprovoked,AUSTRALIA,South Australia,surfing/bodyboarding,m,39.0,N,morning,bronze whaler,2014,6
Unprovoked,JAPAN,Atsumi peninsula,surfing/bodyboarding,m,43.0,N,afternoon,,2014,6
Unprovoked,USA,Texas,wading,f,14.0,N,afternoon,,2014,6
Unprovoked,USA,Florida,swimming,f,22.0,N,afternoon,bull,2014,6
Unprovoked,AUSTRALIA,New South Wales,surfing/bodyboarding,m,,N,morning,,2014,6
Unprovoked,USA,Palmyra Atoll,,f,37.0,N,,reef,2014,6
Unprovoked,AUSTRALIA,Queensland,adrift,f,29.0,N,,bull,2014,5
Unprovoked,FRANCE,Wallis and Futuna,diving,m,,N,morning,,2014,5
Unprovoked,USA,Florida,surfing/bodyboarding,f,38.0,N,morning,,2014,5
Unprovoked,AUSTRALIA,South Australia,surfing/bodyboarding,m,35.0,N,morning,great white,2014,5
Unprovoked,USA,Florida,wading,f,44.0,N,morning,,2014,5
Unprovoked,USA,Georgia,surfing/bodyboarding,m,12.0,N,,,2014,5
Unprovoked,USA,South Carolina,swimming,f,40.0,N,afternoon,,2014,5
Unprovoked,SOUTH AFRICA,Western Cape Province,diving,,,N,,,2014,5
Unprovoked,USA,Florida,surfing/bodyboarding,m,23.0,N,afternoon,,2014,5
Unprovoked,AUSTRALIA,Western Australia,dive fishing,m,,N,,reef,2014,4
Unprovoked,USA,Florida,swimming,,42.0,N,afternoon,,2014,4
Unprovoked,USA,Florida,wading,m,25.0,N,morning,,2014,4
Unprovoked,USA,Florida,surfing/bodyboarding,m,13.0,N,afternoon,,2014,4
Unprovoked,USA,Florida,surfing/bodyboarding,m,14.0,N,afternoon,,2014,4
Unprovoked,AUSTRALIA,New South Wales,swimming,f,63.0,Y,morning,great white,2014,4
Unprovoked,SOUTH AFRICA,Eastern Cape Province,swimming,m,66.0,Y,afternoon,,2014,3
Unprovoked,USA,Florida,surfing/bodyboarding,m,,N,,,2014,3
Unprovoked,USA,Florida,surfing/bodyboarding,m,9.0,N,,,2014,3
Unprovoked,NEW CALEDONIA,Baie de Sainte-Marie,surfing/bodyboarding,m,42.0,N,evening,,2014,3
Unprovoked,AUSTRALIA,Victoria,surfing/bodyboarding,m,42.0,N,morning,,2014,3
Unprovoked,AUSTRALIA,New South Wales,swimming,m,,N,evening,wobbegong,2014,3
Unprovoked,USA,Florida,surfing/bodyboarding,m,21.0,N,,spinner,2014,3
Unprovoked,FRENCH POLYNESIA,Society Islands,surfing/bodyboarding,m,21.0,N,afternoon,reef,2014,2
Unprovoked,AUSTRALIA,South Australia,dive fishing,m,28.0,Y,afternoon,,2014,2
Unprovoked,NEW ZEALAND,South Island,surfing/bodyboarding,m,28.0,N,evening,sevengill,2014,2
Unprovoked,NEW ZEALAND,South Island,dive fishing,m,24.0,N,,sevengill,2014,1
Unprovoked,USA,Hawaii,diving,m,,N,,whitetip,2014,
Unprovoked,NEW CALEDONIA,North Province,swimming,m,37.0,N,morning,bull,2013,12
Unprovoked,SOUTH AFRICA,Western Cape Province,surfing/bodyboarding,m,19.0,N,morning,great white,2013,12
Unprovoked,KIRIBATI,740 miles SE of Tarawa Atoll,fishing,m,35.0,N,,,2013,12
Unprovoked,USA,Hawaii,surfing/bodyboarding,m,29.0,N,morning,tiger,2013,12
Unprovoked,USA,Florida,surfing/bodyboarding,m,30.0,N,afternoon,,2013,12
Unprovoked,AUSTRALIA,New South Wales,surfing/bodyboarding,m,26.0,N,evening,wobbegong,2013,12
Unprovoked,USA,Hawaii,small watercraft,m,57.0,Y,morning,,2013,12
Unprovoked,AUSTRALIA,New South Wales,surfing/bodyboarding,m,19.0,Y,afternoon,tiger,2013,11
Unprovoked,USA,Hawaii,swimming,f,58.0,N,afternoon,,2013,11
Unprovoked,AUSTRALIA,Western Australia,surfing/bodyboarding,m,35.0,Y,morning,great white,2013,11
Unprovoked,USA,Oregon,surfing/bodyboarding,m,25.0,N,morning,great white,2013,11
Unprovoked,AUSTRALIA,Western Australia,surfing/bodyboarding,m,,N,afternoon,great white,2013,11
Unprovoked,USA,New Jersey,surfing/bodyboarding,m,16.0,N,afternoon,,2013,11
Unprovoked,USA,Florida,surfing/bodyboarding,m,,N,,,2013,11
Unprovoked,USA,Hawaii,SUP/foiling,m,46.0,N,afternoon,tiger,2013,10
Unprovoked,AUSTRALIA,Western Australia,swimming,f,60.0,N,afternoon,reef,2013,10
Unprovoked,REUNION,d’Étang-Salé,surfing/bodyboarding,m,24.0,N,afternoon,bull,2013,10
Unprovoked,AUSTRALIA,Western Australia,fishing,m,,N,morning,great white,2013,10
Unprovoked,AUSTRALIA,New South Wales,surfing/bodyboarding,m,41.0,N,evening,wobbegong,2013,10
Unprovoked,USA,Hawaii,diving,m,45.0,N,afternoon,reef,2013,10
Unprovoked,USA,Hawaii,surfing/bodyboarding,m,25.0,N,morning,tiger,2013,10
Unprovoked,USA,Florida,wading,m,6.0,N,afternoon,nurse,2013,10
Unprovoked,SOUTH AFRICA,Eastern Cape Province,swimming,m,74.0,Y,morning,great white,2013,10
Unprovoked,AUSTRALIA,Western Australia,diving,m,55.0,N,morning,great white,2013,10
Unprovoked,USA,California,surfing/bodyboarding,m,45.0,N,morning,great white,2013,10
Unprovoked,USA,Florida,wading,m,12.0,N,afternoon,bull,2013,10
Unprovoked,USA,Florida,surfing/bodyboarding,m,50.0,N,morning,,2013,9
Unprovoked,ISRAEL,Southern District,diving,m,27.0,N,morning,,2013,9
Unprovoked,USA,Florida,wading,m,7.0,N,morning,,2013,9
Unprovoked,USA,Florida,swimming,m,45.0,N,afternoon,,2013,9
Unprovoked,USA,Florida,surfing/bodyboarding,m,,N,morning,,2013,9
Unprovoked,USA,Florida,swimming,m,21.0,N,afternoon,bull,2013,9
Unprovoked,USA,Florida,surfing/bodyboarding,f,13.0,N,afternoon,,2013,9
Unprovoked,USA,Florida,wading,m,25.0,N,afternoon,,2013,9
Unprovoked,USA,Florida,swimming,m,17.0,N,afternoon,,2013,9
Unprovoked,BAHAMAS,,,m,,N,,,2013,9
Unprovoked,USA,Florida,fishing,m,9.0,N,afternoon,,2013,9
Unprovoked,BAHAMAS,,dive fishing,m,,N,,blacktip,2013,8
Unprovoked,USA,California,swimming,m,,N,night,,2013,8
Unprovoked,USA,Florida,surfing/bodyboarding,f,11.0,N,evening,,2013,8
Unprovoked,AUSTRALIA,New South Wales,wading,m,,N,afternoon,,2013,8
Unprovoked,USA,Hawaii,surfing/bodyboarding,m,16.0,N,afternoon,,2013,8
Unprovoked,USA,California,surfing/bodyboarding,f,,N,afternoon,great white,2013,8
Unprovoked,USA,Hawaii,swimming,f,20.0,Y,afternoon,tiger,2013,8
Unprovoked,USA,Hawaii,SUP/foiling,f,19.0,N,afternoon,,2013,8
Unprovoked,USA,South Carolina,surfing/bodyboarding,m,10.0,N,evening,bull,2013,8
Unprovoked,SOUTH AFRICA,,,m,,N,,blacktip,2013,8
Unprovoked,USA,Florida,fishing,m,17.0,N,afternoon,bull,2013,8
Unprovoked,USA,Hawaii,swimming,f,56.0,N,morning,,2013,7
Unprovoked,USA,South Carolina,swimming,m,32.0,N,,,2013,7
Unprovoked,BAHAMAS,Abaco Islands,dive fishing,m,40.0,N,afternoon,,2013,7
Unprovoked,MEXICO,Quintana Roo,wading,f,,N,morning,,2013,7
Unprovoked,USA,Hawaii,surfing/bodyboarding,m,18.0,N,afternoon,tiger,2013,7
Unprovoked,BAHAMAS,Exuma Islands,fishing,m,64.0,N,afternoon,nurse,2013,7
Unprovoked,BAHAMAS,Abaco Islands,diving,m,50.0,N,morning,,2013,7
Unprovoked,BRAZIL,Pernambuco,swimming,f,18.0,Y,afternoon,,2013,7
Unprovoked,USA,Alabama,wading,f,50.0,N,afternoon,,2013,7
Unprovoked,USA,Florida,swimming,m,,N,,,2013,7
Unprovoked,REUNION,Saint-Paul,swimming,f,15.0,Y,afternoon,,2013,7
Unprovoked,DIEGO GARCIA,,swimming,m,33.0,Y,,,2013,7
Unprovoked,USA,North Carolina,wading,f,63.0,N,afternoon,,2013,7
Unprovoked,AUSTRALIA,Victoria,surfing/bodyboarding,m,29.0,N,,,2013,7
Unprovoked,TAIWAN,Taitung ,fishing,m,,N,,,2013,6
Unprovoked,USA,Florida,swimming,m,,N,,bull,2013,6
Unprovoked,USA,South Carolina,swimming,m,14.0,N,afternoon,,2013,6
Unprovoked,USA,Hawaii,swimming,m,28.0,N,afternoon,tiger,2013,6
Unprovoked,USA,Texas,swimming,m,15.0,N,afternoon,,2013,6
Unprovoked,SOUTH AFRICA,Eastern Cape Province,surfing/bodyboarding,m,,N,morning,,2013,6
Unprovoked,USA,Florida,surfing/bodyboarding,f,,N,,,2013,6
Unprovoked,USA,South Carolina,surfing/bodyboarding,f,10.0,N,afternoon,,2013,6
Unprovoked,AUSTRALIA,New South Wales,surfing/bodyboarding,m,,N,afternoon,,2013,6
Unprovoked,USA,Hawaii,diving,m,32.0,N,,galapagos,2013,5
Unprovoked,USA,Florida,swimming,m,11.0,N,afternoon,,2013,5
Unprovoked,BRAZIL,Pernambuco,,m,41.0,Y,,,2013,5
Unprovoked,ECUADOR,Santa Cruz Island,surfing/bodyboarding,m,29.0,N,afternoon,galapagos,2014,5
Unprovoked,REUNION,Saint-Gilles,surfing/bodyboarding,m,36.0,Y,morning,bull,2013,5
Unprovoked,USA,Florida,surfing/bodyboarding,m,16.0,N,morning,,2013,5
Unprovoked,MEXICO,Quintana Roo,swimming,f,34.0,N,afternoon,tiger,2013,4
Unprovoked,AUSTRALIA,New South Wales,fishing,m,51.0,N,afternoon,nurse,2013,4
Unprovoked,USA,Florida,swimming,m,9.0,N,morning,,2013,4
Unprovoked,SOUTH AFRICA,Western Cape Province,diving,m,,N,,blue,2013,4
Unprovoked,USA,Florida,surfing/bodyboarding,m,21.0,N,afternoon,bull,2013,4
Unprovoked,GUAM,,,m,40.0,Y,,,2013,4
Unprovoked,FRENCH POLYNESIA,Tuamotus,SUP/foiling,m,53.0,N,afternoon,reef,2013,4
Unprovoked,USA,Florida,swimming,m,50.0,N,,,2013,4
Unprovoked,USA,Hawaii,surfing/bodyboarding,m,58.0,N,morning,,2013,4
Unprovoked,SEYCHELLES,,diving,m,34.0,N,,,2013,3
Unprovoked,BELIZE,,swimming,f,,N,,nurse,2013,3
Unprovoked,BAHAMAS,Eleuthera,fishing,m,50.0,N,,,2013,3
Unprovoked,SOUTH AFRICA,Western Cape Province,surfing/bodyboarding,m,,N,,,2013,3
Unprovoked,JAMAICA,St. Catherine,dive fishing,m,68.0,Y,morning,tiger,2013,3
Unprovoked,AUSTRALIA,Western Australia,dive fishing,m,28.0,N,morning,bronze whaler,2013,3
Unprovoked,PHILIPPINES,Palawan,swimming,m,,N,,,2013,3
Unprovoked,SOUTH AFRICA,Eastern Cape Province,swimming,m,39.0,N,,,2013,3
Unprovoked,NEW ZEALAND,North Island,swimming,m,46.0,Y,afternoon,great white,2013,2
Unprovoked,USA,Hawaii,surfing/bodyboarding,,,N,evening,reef,2013,2
Unprovoked,USA,Hawaii,surfing/bodyboarding,m,,N,evening,reef,2013,2
Unprovoked,USA,Florida,surfing/bodyboarding,m,16.0,N,afternoon,blacktip,2013,2
Unprovoked,FRENCH POLYNESIA,Society Islands,diving,m,48.0,N,morning,lemon,2013,2
Unprovoked,JAMAICA,Kingston Parish,,m,18.0,N,,,2013,2
Unprovoked,AUSTRALIA,Queensland,surfing/bodyboarding,m,,N,,,2013,1
Unprovoked,USA,Hawaii,surfing/bodyboarding,m,43.0,N,afternoon,tiger,2013,1
Unprovoked,NEW ZEALAND,Mercury Islands,dive fishing,m,,N,,bronze whaler,2013,1
Unprovoked,AUSTRALIA,Western Australia,dive fishing,m,26.0,N,morning,,2013,1
Unprovoked,USA,Florida,swimming,m,,N,afternoon,,2012,12
Unprovoked,AUSTRALIA,New South Wales,surfing/bodyboarding,m,23.0,N,afternoon,,2012,12
Unprovoked,AUSTRALIA,New South Wales,SUP/foiling,m,29.0,N,morning,bull,2012,12
Unprovoked,SOUTH AFRICA,Eastern Cape Province,swimming,m,20.0,Y,,tiger,2012,12
Unprovoked,AUSTRALIA,Western Australia,surfing/bodyboarding,m,32.0,N,morning,tiger,2012,12
Unprovoked,USA,Hawaii,surfing/bodyboarding,m,60.0,N,afternoon,,2012,12
Unprovoked,AUSTRALIA,New South Wales,dive fishing,m,31.0,N,afternoon,tiger,2012,12
Unprovoked,NEW ZEALAND,South Island,diving,f,25.0,N,,sevengill,2012,12
Unprovoked,USA,Hawaii,swimming,m,61.0,N,morning,tiger,2012,11
Unprovoked,MEXICO,Sinaloa,swimming,m,32.0,Y,morning,,2012,11
Unprovoked,USA,Florida,surfing/bodyboarding,m,14.0,N,evening,,2012,11
Unprovoked,USA,Hawaii,diving,m,30.0,N,morning,tiger,2012,11
Unprovoked,USA,Hawaii,surfing/bodyboarding,m,43.0,N,morning,tiger,2012,11
Unprovoked,USA,California,surfing/bodyboarding,m,25.0,N,afternoon,great white,2012,10
Unprovoked,USA,Hawaii,swimming,f,51.0,N,afternoon,tiger,2012,10
Unprovoked,USA,California,surfing/bodyboarding,m,39.0,Y,morning,great white,2012,10
Unprovoked,USA,Florida,,f,35.0,N,,,2012,10
Unprovoked,USA,Florida,surfing/bodyboarding,m,24.0,N,morning,,2012,10
Unprovoked,USA,Hawaii,SUP/foiling,m,55.0,N,morning,,2012,10
Unprovoked,NIGERIA,Delta,wading,f,38.0,N,,,2012,10
Unprovoked,USA,California,surfing/bodyboarding,m,42.0,N,evening,,2012,10
Unprovoked,AUSTRALIA,Western Australia,surfing/bodyboarding,m,11.0,N,afternoon,,2012,10
Unprovoked,USA,Florida,surfing/bodyboarding,m,21.0,N,afternoon,,2012,9
Unprovoked,USA,Florida,surfing/bodyboarding,m,22.0,N,afternoon,,2012,9
Unprovoked,USA,Florida,surfing/bodyboarding,m,52.0,N,afternoon,,2012,9
Unprovoked,TONGA,Vava'u,swimming,f,29.0,N,,bull,2012,9
Unprovoked,USA,Florida,surfing/bodyboarding,,19.0,N,afternoon,,2012,9
Unprovoked,USA,Florida,surfing/bodyboarding,m,25.0,N,afternoon,,2012,9
Unprovoked,USA,Florida,swimming,m,,N,afternoon,,2012,9
Unprovoked,USA,Florida,surfing/bodyboarding,m,35.0,N,afternoon,,2012,9
Unprovoked,USA,Florida,surfing/bodyboarding,m,37.0,N,morning,,2012,9
Unprovoked,USA,Florida,surfing/bodyboarding,m,32.0,N,morning,,2012,9
Unprovoked,USA,Florida,surfing/bodyboarding,f,8.0,N,evening,,2012,9
Unprovoked,USA,Florida,surfing/bodyboarding,f,56.0,N,afternoon,,2012,9
Unprovoked,AUSTRALIA,Western Australia,surfing/bodyboarding,m,34.0,N,afternoon,,2012,8
Unprovoked,BRAZIL,Pernambuco,swimming,m,18.0,Y,afternoon,,2012,8
Unprovoked,USA,Alabama,wading,m,31.0,N,,,2012,8
Unprovoked,USA,Florida,diving,m,56.0,N,afternoon,lemon,2012,8
Unprovoked,REUNION,Saint Leu,surfing/bodyboarding,m,39.0,N,evening,bull,2012,8
Unprovoked,FRENCH POLYNESIA,Tuamotus,dive fishing,m,,N,,lemon,2012,8
Unprovoked,USA,California,surfing/bodyboarding,m,17.0,N,morning,,2012,7
Unprovoked,AUSTRALIA,South Australia,surfing/bodyboarding,m,48.0,N,afternoon,bronze whaler,2012,7
Unprovoked,USA,Hawaii,surfing/bodyboarding,m,44.0,N,afternoon,,2012,7
Unprovoked,USA,Massachusetts,surfing/bodyboarding,m,50.0,N,afternoon,great white,2012,7
Unprovoked,REUNION,Trois-Bassins,surfing/bodyboarding,m,22.0,Y,afternoon,,2012,7
Unprovoked,AUSTRALIA,Western Australia,surfing/bodyboarding,m,24.0,Y,morning,great white,2012,7
Unprovoked,USA,North Carolina,swimming,f,43.0,N,evening,,2012,7
Unprovoked,BAHAMAS,Eleuthera,dive fishing,m,,N,,,2012,7
Unprovoked,SOUTH AFRICA,Western Cape Province,surfing/bodyboarding,m,29.0,N,afternoon,,2012,7
Unprovoked,USA,Florida,swimming,m,6.0,N,evening,bull,2012,6
Unprovoked,USA,Florida,surfing/bodyboarding,m,26.0,N,afternoon,,2012,6
Unprovoked,USA,Hawaii,wading,f,16.0,N,morning,reef,2012,6
Unprovoked,AUSTRALIA,Tasmania,surfing/bodyboarding,m,,N,,,2012,6
Unprovoked,USA,Florida,swimming,m,12.0,N,afternoon,,2012,6
Unprovoked,AUSTRALIA,Western Australia,small watercraft,m,62.0,N,morning,,2012,6
Unprovoked,USA,North Carolina,wading,f,6.0,N,morning,,2012,6
Unprovoked,USA,South Carolina,swimming,f,18.0,N,afternoon,blacktip,2012,6
Unprovoked,USA,South Carolina,swimming,m,,N,afternoon,,2012,6
Unprovoked,USA,South Carolina,swimming,m,,N,afternoon,blacktip,2012,6
Unprovoked,USA,South Carolina,swimming,m,16.0,N,afternoon,blacktip,2012,6
Unprovoked,AUSTRALIA,Victoria,surfing/bodyboarding,m,42.0,N,morning,,2012,6
Unprovoked,AUSTRALIA,New South Wales,small watercraft,m,30.0,N,afternoon,great white,2012,6
Unprovoked,USA,Florida,surfing/bodyboarding,f,12.0,N,,,2012,6
Unprovoked,USA,South Carolina,surfing/bodyboarding,m,25.0,N,evening,,2012,6
Unprovoked,USA,North Carolina,wading,f,33.0,N,afternoon,,2012,5
Unprovoked,MEXICO,Guerrero,dive fishing,m,46.0,N,morning,bull,2012,5
Unprovoked,USA,Florida,surfing/bodyboarding,m,22.0,N,afternoon,,2012,5
Unprovoked,FIJI,,dive fishing,m,20.0,N,,,2012,5
Unprovoked,USA,Florida,swimming,f,47.0,N,morning,,2012,5
Unprovoked,USA,California,SUP/foiling,f,15.0,N,morning,great white,2012,5
Unprovoked,USA,Florida,surfing/bodyboarding,m,28.0,N,evening,,2012,4
Unprovoked,SOUTH AFRICA,Western Cape Province,surfing/bodyboarding,m,20.0,Y,afternoon,great white,2012,4
Unprovoked,USA,Hawaii,surfing/bodyboarding,m,28.0,N,afternoon,tiger,2012,4
Unprovoked,USA,Florida,,m,,N,,,2013,4
Unprovoked,AUSTRALIA,Western Australia,diving,m,33.0,Y,morning,great white,2012,3
Unprovoked,USA,Florida,surfing/bodyboarding,m,21.0,N,afternoon,,2012,3
Unprovoked,AUSTRALIA,Queensland,surfing/bodyboarding,m,20.0,N,evening,bull,2012,3
Unprovoked,USA,Florida,surfing/bodyboarding,m,61.0,N,afternoon,bull,2012,3
Unprovoked,USA,Florida,surfing/bodyboarding,f,15.0,N,afternoon,,2012,3
Unprovoked,USA,Florida,surfing/bodyboarding,m,17.0,N,afternoon,,2012,3
Unprovoked,NEW ZEALAND,North Island,surfing/bodyboarding,m,,N,evening,,2012,3
Unprovoked,REUNION,Saint-Benoit,surfing/bodyboarding,m,31.0,N,afternoon,,2012,3
Unprovoked,USA,Florida,surfing/bodyboarding,m,19.0,N,afternoon,,2012,3
Unprovoked,AUSTRALIA,New South Wales,fishing,m,,N,afternoon,nurse,2012,2
Unprovoked,AUSTRALIA,Queensland,surfing/bodyboarding,m,29.0,N,afternoon,,2012,2
Unprovoked,USA,Hawaii,swimming,,,N,morning,,2012,1
Unprovoked,AUSTRALIA,Western Australia,swimming,m,26.0,N,afternoon,tiger,2012,1
Unprovoked,BAHAMAS,,diving,m,,N,,tiger,2012,1
Unprovoked,AUSTRALIA,New South Wales,surfing/bodyboarding,m,44.0,N,afternoon,great white,2012,1
Unprovoked,SOUTH AFRICA,Eastern Cape Province,swimming,m,25.0,Y,afternoon,bull,2012,1
Unprovoked,USA,Oregon,surfing/bodyboarding,m,53.0,N,,great white,2012,1
Unprovoked,AUSTRALIA,New South Wales,surfing/bodyboarding,m,28.0,N,evening,,2012,1
Unprovoked,AUSTRALIA,Queensland,dive fishing,m,34.0,N,morning,tiger,2012,1
Unprovoked,USA,Florida,,m,,N,evening,,2011,12
Unprovoked,ECUADOR,Santa Elena,surfing/bodyboarding,m,23.0,N,evening,,2011,12
Unprovoked,USA,Florida,surfing/bodyboarding,m,27.0,N,afternoon,,2011,12
Unprovoked,AUSTRALIA,New South Wales,surfing/bodyboarding,m,51.0,N,morning,great white,2011,12
Unprovoked,AUSTRALIA,New South Wales,surfing/bodyboarding,m,14.0,N,,wobbegong,2011,12
Unprovoked,USA,Oregon,surfing/bodyboarding,f,,N,morning,,2011,12
Unprovoked,AUSTRALIA,New South Wales,surfing/bodyboarding,m,63.0,N,morning,,2011,12
Unprovoked,INDONESIA,Bali,surfing/bodyboarding,m,18.0,N,afternoon,,2011,11
Unprovoked,AUSTRALIA,Queensland,swimming,m,10.0,N,afternoon,wobbegong,2011,11
Unprovoked,PAPUA NEW GUINEA,East New Britain,diving,m,,N,,,2011,11
Unprovoked,BRAZIL,Pernambuco,surfing/bodyboarding,m,35.0,N,,,2011,11
Unprovoked,REUNION,Bois-Blanc ,dive fishing,m,42.0,N,morning,,2011,11
Unprovoked,USA,California,surfing/bodyboarding,m,27.0,N,,great white,2011,10
Unprovoked,SCOTLAND,Moray,surfing/bodyboarding,m,26.0,N,,,2011,10
Unprovoked,AUSTRALIA,Western Australia,diving,m,32.0,Y,afternoon,great white,2011,10
Unprovoked,USA,Oregon,surfing/bodyboarding,m,41.0,N,,great white,2011,10
Unprovoked,AUSTRALIA,Victoria,diving,m,50.0,N,afternoon,,2011,10
Unprovoked,USA,Florida,surfing/bodyboarding,m,,N,,,2011,10
Unprovoked,USA,Oregon,surfing/bodyboarding,m,,N,,,2011,10
Unprovoked,AUSTRALIA,Western Australia,swimming,m,64.0,Y,morning,,2011,10
Unprovoked,USA,Florida,fishing,m,,N,afternoon,,2011,10
Unprovoked,USA,Alabama,,m,29.0,N,,,2011,10
Unprovoked,SOUTH AFRICA,Western Cape Province,swimming,m,43.0,N,afternoon,great white,2011,9
Unprovoked,USA,Florida,dive fishing,m,21.0,N,afternoon,bull,2011,9
Unprovoked,USA,South Carolina,swimming,m,5.0,N,morning,,2011,9
Unprovoked,REUNION,Saint-Gilles,surfing/bodyboarding,m,38.0,Y,afternoon,,2011,9
Unprovoked,KENYA,Coast Province,swimming,m,17.0,Y,,,2011,9
Unprovoked,USA,Florida,surfing/bodyboarding,m,25.0,N,morning,,2011,9
Unprovoked,USA,California,surfing/bodyboarding,m,37.0,N,afternoon,,2011,9
Unprovoked,PAPUA NEW GUINEA,Central Province,surfing/bodyboarding,m,30.0,N,afternoon,tiger,2011,9
Unprovoked,USA,Hawaii,surfing/bodyboarding,,,N,afternoon,,2011,9
Unprovoked,AUSTRALIA,Western Australia,surfing/bodyboarding,m,21.0,Y,afternoon,great white,2011,9
Unprovoked,USA,Florida,surfing/bodyboarding,m,19.0,N,morning,spinner,2011,9
Unprovoked,USA,Florida,surfing/bodyboarding,m,19.0,N,morning,,2011,8
Unprovoked,USA,Texas,fishing,f,39.0,N,evening,,2011,8
Unprovoked,RUSSIA,Primorsky Krai,wading,m,,N,morning,,2011,8
Unprovoked,USA,North Carolina,surfing/bodyboarding,m,21.0,N,,,2011,8
Unprovoked,USA,North Carolina,,m,10.0,N,afternoon,,2011,8
Unprovoked,SOUTH AFRICA,Western Cape Province,surfing/bodyboarding,m,49.0,Y,morning,great white,2011,8
Unprovoked,RUSSIA,"Peter the Great Bay, Khasan, Primorsky Krai (Far East)",swimming,m,16.0,N,,,2011,8
Unprovoked,USA,North Carolina,wading,f,25.0,N,evening,tiger,2011,8
Unprovoked,RUSSIA,"Telyakovsky Bay, Khasan,  Primorsky Krai (Far East)",swimming,m,25.0,N,evening,,2011,8
Unprovoked,FRENCH POLYNESIA,Society Islands,surfing/bodyboarding,m,32.0,N,afternoon,reef,2011,8
Unprovoked,USA,Puerto Rico,swimming,m,27.0,N,night,,2011,8
Unprovoked,SEYCHELLES,Praslin,swimming,m,30.0,Y,afternoon,bull,2011,8
Unprovoked,USA,North Carolina,swimming,m,54.0,N,afternoon,,2011,8
Unprovoked,SEYCHELLES,Praslin,diving,m,36.0,Y,afternoon,,2011,8
Unprovoked,USA,New Jersey,fishing,m,,N,night,,2011,7
Unprovoked,SOUTH AFRICA,Eastern Cape Province,surfing/bodyboarding,m,29.0,N,morning,great white,2011,7
Unprovoked,USA,North Carolina,surfing/bodyboarding,f,6.0,N,evening,,2011,7
Unprovoked,USA,Texas,fishing,m,,N,evening,,2011,7
Unprovoked,BAHAMAS,Grand Bahama Island,diving,m,54.0,N,afternoon,,2011,7
Unprovoked,USA,Texas,swimming,m,12.0,N,evening,,2011,7
Unprovoked,USA,Texas,fishing,m,14.0,N,,,2011,7
Unprovoked,REUNION,Saint-Gilles,surfing/bodyboarding,m,16.0,N,afternoon,,2011,7
Unprovoked,COLUMBIA,Sucre,small watercraft,m,17.0,N,morning,,2011,7
Unprovoked,TURKS & CAICOS,Middle Caicos,swimming,m,28.0,N,afternoon,,2011,6
Unprovoked,BRAZIL,Pernambuco,surfing/bodyboarding,m,21.0,N,morning,,2011,6
Unprovoked,SOUTH AFRICA,KwaZulu-Natal,diving,m,22.0,N,afternoon,bull,2011,6
Unprovoked,USA,North Carolina,swimming,f,10.0,N,afternoon,bull,2008,6
Unprovoked,USA,California,surfing/bodyboarding,m,,N,afternoon,great white,2011,6
Unprovoked,USA,Florida,small watercraft,m,20.0,N,afternoon,,2011,6
Unprovoked,TURKS & CAICOS,Caicos Bank,dive fishing,m,35.0,N,,,2011,6
Unprovoked,COSTA RICA,Guanacaste,surfing/bodyboarding,m,15.0,Y,afternoon,,2011,6
Unprovoked,REUNION,Saint-Gilles-les-Bains,surfing/bodyboarding,m,31.0,Y,evening,,2011,6
Unprovoked,USA,Florida,diving,m,28.0,N,afternoon,blacktip,2011,6
Unprovoked,COLUMBIA,San Andrés archipelago,dive fishing,m,24.0,N,,,2011,6
Unprovoked,USA,California,dive fishing,m,28.0,N,,sevengill,2011,6
Unprovoked,USA,Florida,wading,m,19.0,N,afternoon,,2011,6
Unprovoked,MALAYSIA,Kedah,swimming,f,,N,,reef,2011,6
Unprovoked,USA,Texas,wading,f,22.0,N,afternoon,,2011,5
Unprovoked,SOUTH AFRICA,Western Cape Province,surfing/bodyboarding,m,33.0,N,,great white,2011,5
Unprovoked,USA,Hawaii,surfing/bodyboarding,f,,N,afternoon,tiger,2011,5
Unprovoked,USA,Hawaii,SUP/foiling,f,,N,afternoon,tiger,2011,5
Unprovoked,SOUTH AFRICA,KwaZulu-Natal,dive fishing,m,28.0,Y,afternoon,bull,2011,5
Unprovoked,USA,Florida,surfing/bodyboarding,m,86.0,N,afternoon,,2011,5
Unprovoked,NEW CALEDONIA,North Province,SUP/foiling,m,15.0,Y,morning,tiger,2011,5
Unprovoked,USA,Florida,surfing/bodyboarding,m,37.0,N,morning,,2011,5
Unprovoked,SOUTH AFRICA,KwaZulu-Natal,dive fishing,m,37.0,N,,,2011,5
Unprovoked,USA,Florida,dive fishing,m,32.0,N,,bull,2011,4
Unprovoked,AUSTRALIA,Western Australia,wading,m,17.0,N,afternoon,reef,2011,4
Unprovoked,USA,Florida,surfing/bodyboarding,m,49.0,N,afternoon,,2011,4
Unprovoked,NEW ZEALAND,South Island,surfing/bodyboarding,m,41.0,N,afternoon,bronze whaler,2011,4
Unprovoked,INDONESIA,Bali,surfing/bodyboarding,m,,N,morning,bull,2011,4
Unprovoked,FIJI,Vitu Levu,diving,m,27.0,N,afternoon,,2011,4
Unprovoked,MEXICO,Quintana Roo,swimming,f,,N,,bull,2011,3
Unprovoked,AUSTRALIA,New South Wales,surfing/bodyboarding,m,48.0,N,evening,bull,2011,3
Unprovoked,MEXICO,Quintana Roo,swimming,m,46.0,N,,,2011,3
Unprovoked,FIJI,,fishing,m,30.0,N,afternoon,,2011,3
Unprovoked,AUSTRALIA,New South Wales,,f,24.0,N,afternoon,,2011,3
Unprovoked,AUSTRALIA,New South Wales,surfing/bodyboarding,m,,N,,,2011,3
Unprovoked,NEW CALEDONIA, Loyalty Islands,dive fishing,m,21.0,N,afternoon,,2011,2
Unprovoked,REUNION,Saint Gilles ,surfing/bodyboarding,m,32.0,N,evening,,2011,2
Unprovoked,AUSTRALIA,South Australia,diving,m,49.0,Y,evening,great white,2011,2
Unprovoked,AUSTRALIA,Western Australia,swimming,m,58.0,N,afternoon,,2011,2
Unprovoked,SOUTH AFRICA,Eastern Cape Province,fishing,m,37.0,N,,,2011,2
Unprovoked,MEXICO,Quintana Roo,swimming,f,38.0,N,afternoon,,2011,1
Unprovoked,BAHAMAS,West End,diving,m,55.0,N,afternoon,reef,2011,1
Unprovoked,SOUTH AFRICA,Eastern Cape Province,surfing/bodyboarding,m,16.0,Y,afternoon,,2011,1
Unprovoked,MEXICO,Quintana Roo,,m,37.0,N,,,2011,1
Unprovoked,USA,Hawaii,surfing/bodyboarding,m,16.0,N,afternoon,,2010,12
Unprovoked,FIJI,Vitu Levu,surfing/bodyboarding,m,,N,morning,,2010,12
Unprovoked,USA,Hawaii,surfing/bodyboarding,m,46.0,N,afternoon,,2010,12
Unprovoked,EGYPT,South Sinai Peninsula,swimming,f,70.0,Y,afternoon,whitetip,2010,12
Unprovoked,INDONESIA,Bali,surfing/bodyboarding,m,,N,,,2010,12
Unprovoked,EGYPT,South Sinai Peninsula,swimming,m,54.0,N,morning,mako,2010,12
Unprovoked,EGYPT,South Sinai Peninsula,swimming,m,46.0,N,morning,mako,2010,12
Unprovoked,EGYPT,South Sinai Peninsula,swimming,f,70.0,N,afternoon,whitetip,2010,11
Unprovoked,EGYPT,South Sinai Peninsula,swimming,f,48.0,N,afternoon,whitetip,2010,11
Unprovoked,SAMOA,,fishing,m,47.0,N,morning,,2010,11
Unprovoked,DOMINICAN REPUBLIC,,diving,m,21.0,Y,morning,,2010,11
Unprovoked,INDONESIA,Bali,surfing/bodyboarding,m,,N,,,2010,11
Unprovoked,AUSTRALIA,Western Australia,swimming,f,20.0,N,afternoon,great white,2010,10
Unprovoked,AUSTRALIA,Western Australia,dive fishing,m,,N,,,2010,10
Unprovoked,USA,Oregon,surfing/bodyboarding,m,,N,afternoon,,2010,10
Unprovoked,USA,Maine,diving,m,30.0,N,afternoon,,2010,10
Unprovoked,AUSTRALIA,Western Australia,surfing/bodyboarding,m,14.0,N,,,2010,10
Unprovoked,USA,California,surfing/bodyboarding,m,19.0,Y,morning,great white,2010,10
Unprovoked,EGYPT,South Sinai Peninsula,swimming,f,,N,morning,,2010,10
Unprovoked,AUSTRALIA,New South Wales,surfing/bodyboarding,m,22.0,N,afternoon,bull,2010,10
Unprovoked,BAHAMAS,Exuma Islands,swimming,m,,N,,lemon,2010,10
Unprovoked,BAHAMAS,Abaco Islands,surfing/bodyboarding,f,,N,afternoon,lemon,2010,10
Unprovoked,SOUTH AFRICA,Western Cape Province,surfing/bodyboarding,m,,N,afternoon,,2010,10
Unprovoked,USA,Oregon,surfing/bodyboarding,m,29.0,N,afternoon,great white,2010,9
Unprovoked,USA,Virginia,surfing/bodyboarding,m,18.0,N,afternoon,,2010,9
Unprovoked,SOUTH AFRICA,Western Cape Province,swimming,m,29.0,Y,,great white,2010,9
Unprovoked,AUSTRALIA,New South Wales,surfing/bodyboarding,m,15.0,N,evening,,2010,9
Unprovoked,USA,Florida,swimming,m,27.0,N,,,2010,9
Unprovoked,TONGA,Ha'api ,swimming,m,24.0,N,afternoon,,2010,9
Unprovoked,USA,Florida,surfing/bodyboarding,m,,N,,,2010,9
Unprovoked,USA,Florida,surfing/bodyboarding,m,24.0,N,afternoon,,2010,9
Unprovoked,USA,Florida,surfing/bodyboarding,m,24.0,N,morning,,2010,9
Unprovoked,SOLOMON ISLANDS,Western Province,,m,34.0,N,,,2010,9
Unprovoked,USA,Florida,surfing/bodyboarding,m,10.0,N,morning,,2010,8
Unprovoked,AUSTRALIA,Western Australia,surfing/bodyboarding,m,31.0,Y,morning,great white,2010,8
Unprovoked,SOUTH KOREA,Jeju Province,swimming,f,16.0,N,afternoon,,2010,8
Unprovoked,AUSTRALIA,New South Wales,surfing/bodyboarding,m,47.0,N,morning,,2010,8
Unprovoked,USA,North Carolina,surfing/bodyboarding,m,25.0,N,afternoon,,2010,8
Unprovoked,MALTA,,surfing/bodyboarding,m,35.0,N,,,2010,8
Unprovoked,USA,Florida,wading,f,37.0,N,morning,,2010,8
Unprovoked,USA,South Carolina,wading,m,16.0,N,,,2010,7
Unprovoked,USA,Florida,surfing/bodyboarding,m,20.0,N,afternoon,,2010,7
Unprovoked,USA,South Carolina,swimming,m,10.0,N,morning,blacktip,2010,7
Unprovoked,USA,North Carolina,swimming,f,13.0,N,afternoon,tiger,2010,7
Unprovoked,USA,Florida,surfing/bodyboarding,m,55.0,N,,spinner,2010,7
Unprovoked,USA,Texas,fishing,m,,N,,,2010,7
Unprovoked,SOUTH AFRICA,KwaZulu-Natal,swimming,f,21.0,N,,,2010,7
Unprovoked,USA,California,surfing/bodyboarding,m,19.0,N,evening,,2010,7
Unprovoked,USA,California,SUP/foiling,m,48.0,N,afternoon,,2010,7
Unprovoked,USA,Texas,surfing/bodyboarding,m,20.0,N,,bull,2010,6
Unprovoked,USA,South Carolina,surfing/bodyboarding,f,6.0,N,,,2010,6
Unprovoked,USA,North Carolina,swimming,f,13.0,N,afternoon,,2010,6
Unprovoked,VIETNAM,Binh Dinh Province,swimming,m,17.0,N,evening,,2010,6
Unprovoked,USA,Florida,surfing/bodyboarding,f,18.0,N,afternoon,,2010,6
Unprovoked,AUSTRALIA,Western Australia,surfing/bodyboarding,m,40.0,N,afternoon,,2010,6
Unprovoked,USA,Florida,surfing/bodyboarding,m,20.0,N,,,2010,6
Unprovoked,VIETNAM,Binh Dinh Province,,f,58.0,N,evening,,2010,5
Unprovoked,VIETNAM,Binh Dinh Province,swimming,f,60.0,N,evening,,2010,5
Unprovoked,AUSTRALIA,New South Wales,surfing/bodyboarding,m,,N,afternoon,,2010,5
Unprovoked,MADAGASCAR,Antsiranana Province,diving,m,59.0,N,morning,,2010,5
Unprovoked,USA,Florida,wading,f,10.0,N,morning,,2010,5
Unprovoked,USA,Hawaii,surfing/bodyboarding,m,68.0,N,afternoon,,2010,4
Unprovoked,SOUTH AFRICA,Eastern Cape Province,surfing/bodyboarding,m,35.0,N,morning,,2010,4
Unprovoked,EGYPT,Sinai Peninsula,swimming,m,24.0,N,afternoon,whitetip,2010,4
Unprovoked,REUNION,Saint-Benoit,surfing/bodyboarding,m,34.0,N,morning,,2010,3
Unprovoked,NEW ZEALAND,South Island,swimming,m,,N,night,blue,,
Unprovoked,SOUTH AFRICA,Eastern Cape Province,surfing/bodyboarding,m,,N,morning,,2010,2
Unprovoked,FIJI,Off Vanua Levu,diving,m,19.0,Y,morning,,2010,2
Unprovoked,AUSTRALIA,Queensland,swimming,f,60.0,N,afternoon,,2010,2
Unprovoked,AUSTRALIA,New South Wales,surfing/bodyboarding,m,46.0,N,morning,wobbegong,2010,2
Unprovoked,AUSTRALIA,New South Wales,surfing/bodyboarding,m,18.0,N,afternoon,great white,2010,2
Unprovoked,USA,Florida,SUP/foiling,m,38.0,Y,afternoon,,2010,2
Unprovoked,BRAZIL,Rio Grande Do Sul,surfing/bodyboarding,m,29.0,N,,hammerhead,2010,1
Unprovoked,AUSTRALIA,Queensland,surfing/bodyboarding,m,,N,afternoon,,2010,1
Unprovoked,UNITED ARAB EMIRATES (UAE),Dubai,surfing/bodyboarding,m,54.0,N,evening,,2010,1
Unprovoked,AUSTRALIA,Victoria,surfing/bodyboarding,m,,N,morning,,2010,1
Unprovoked,SOUTH AFRICA,Western Province,wading,m,37.0,Y,afternoon,great white,2010,1
Unprovoked,AUSTRALIA,Torres Strait,swimming,f,9.0,N,,reef,2010,1
Unprovoked,VIETNAM,Binh Dinh Province,,f,,N,,,2010,1
Unprovoked,VIETNAM,Binh Dinh Province,,m,,N,evening,,2010,1
Unprovoked,VIETNAM,Binh Dinh Province,wading,m,,N,morning,,2010,1
Unprovoked,USA,Florida,dive fishing,m,32.0,N,morning,,2010,1
Unprovoked,SOUTH AFRICA,Eastern Province,surfing/bodyboarding,m,,N,,,2010,1
Unprovoked,SOUTH AFRICA,Eastern Cape  Province,wading,m,20.0,N,morning,,2009,12
Unprovoked,MOZAMBIQUE,Maputo Province,swimming,m,27.0,N,afternoon,bull,2009,12
Unprovoked,AUSTRALIA,Queensland,dive fishing,m,18.0,N,morning,bull,2009,12
Unprovoked,SOUTH AFRICA,Eastern Cape Province,surfing/bodyboarding,m,22.0,Y,afternoon,,2009,12
Unprovoked,NEW ZEALAND,South Island,adrift,m,24.0,Y,,great white,2009,12
Unprovoked,AUSTRALIA,New South Wales,surfing/bodyboarding,m,39.0,N,morning,,2009,12
Unprovoked,USA,Florida,wading,m,10.0,N,morning,,2009,11
Unprovoked,USA,California,fishing,m,31.0,N,afternoon,,2009,11
Unprovoked,USA,Florida,surfing/bodyboarding,m,22.0,N,morning,,2009,11
Unprovoked,USA,Florida,surfing/bodyboarding,f,27.0,N,afternoon,,2009,11
Unprovoked,USA,Florida,surfing/bodyboarding,m,18.0,N,afternoon,,2009,11
Unprovoked,AUSTRALIA,South Australia,small watercraft,m,25.0,N,morning,,2009,11
Unprovoked,USA,California,surfing/bodyboarding,m,21.0,N,evening,,2009,11
Unprovoked,MOZAMBIQUE,Inhambane Province,dive fishing,m,,N,,bull,2009,10
Unprovoked,AUSTRALIA,New South Wales,SUP/foiling,f,17.0,N,morning,,2009,10
Unprovoked,USA,California,surfing/bodyboarding,m,,N,evening,,2009,10
Unprovoked,USA,Hawaii,surfing/bodyboarding,m,54.0,N,morning,,2009,10
Unprovoked,PANAMA,Bocas,wading,f,10.0,N,evening,,2009,10
Unprovoked,AUSTRALIA,Western Australia,diving,m,23.0,N,,bull,2009,10
Unprovoked,USA,California,surfing/bodyboarding,m,,N,morning,,2009,10
Unprovoked,USA,Florida,swimming,m,,N,evening,bull,2009,9
Unprovoked,VIETNAM,,,m,,N,,,2009,9
Unprovoked,BRAZIL,Pernambuco,rescuing,m,15.0,Y,afternoon,,2009,9
Unprovoked,USA,California,surfing/bodyboarding,m,,N,evening,,2009,8
Unprovoked,SOUTH AFRICA,Western Cape Province,surfing/bodyboarding,m,25.0,Y,afternoon,great white,2009,8
Unprovoked,USA,California,swimming,f,22.0,N,afternoon,great white,2009,8
Unprovoked,SOUTH AFRICA,KwaZulu-Natal,surfing/bodyboarding,m,,N,afternoon,great white,2009,8
Unprovoked,USA,Florida,swimming,m,26.0,N,evening,,2009,8
Unprovoked,USA,Hawaii,surfing/bodyboarding,m,,N,morning,tiger,2009,8
Unprovoked,USA,Louisiana,fishing,m,56.0,N,morning,bull,2009,8
Unprovoked,BAHAMAS,Abaco Islands,dive fishing,m,14.0,N,,bull,2009,7
Unprovoked,AUSTRALIA,New South Wales,surfing/bodyboarding,m,14.0,N,morning,,2009,7
Unprovoked,VIETNAM,Binh Dinh Province,swimming,f,41.0,N,evening,,2009,7
Unprovoked,KENYA,Mombasa,wading,m,,Y,,,2009,7
Unprovoked,USA,Texas,wading,f,14.0,N,afternoon,,2009,7
Unprovoked,USA,North Carolina,swimming,f,26.0,N,afternoon,,2009,7
Unprovoked,USA,Florida,swimming,f,19.0,N,afternoon,,2009,7
Unprovoked,VIETNAM,Binh Dinh Province,swimming,m,57.0,N,,,2009,7
Unprovoked,USA,California,surfing/bodyboarding,m,,N,morning,,2009,7
Unprovoked,SOUTH AFRICA,Western Cape Province,surfing/bodyboarding,m,37.0,N,morning,,2009,7
Unprovoked,USA,Florida,surfing/bodyboarding,f,12.0,N,afternoon,,2009,7
Unprovoked,AUSTRALIA,New South Wales,surfing/bodyboarding,m,52.0,N,morning,bronze whaler,2009,6
Unprovoked,EGYPT,St. Johns Reef,diving,m,,N,,whitetip,2009,6
Unprovoked,EGYPT,St. Johns Reef,diving,m,,N,,whitetip,2009,6
Unprovoked,EGYPT,St. Johns Reef,swimming,f,50.0,Y,morning,whitetip,2009,6
Unprovoked,USA,Florida,surfing/bodyboarding,m,31.0,N,morning,spinner,2009,5
Unprovoked,USA,Florida,surfing/bodyboarding,m,49.0,N,morning,spinner,2009,5
Unprovoked,USA,Florida,surfing/bodyboarding,m,55.0,N,morning,spinner,2009,5
Unprovoked,USA,Florida,,f,,N,afternoon,,2009,4
Unprovoked,USA,California,surfing/bodyboarding,m,,N,morning,,2009,4
Unprovoked,USA,Florida,surfing/bodyboarding,m,20.0,N,afternoon,,2009,4
Unprovoked,PHILIPPINES,Batangas province,swimming,m,23.0,N,morning,,2009,4
Unprovoked,USA,Florida,surfing/bodyboarding,m,52.0,N,afternoon,,2009,4
Unprovoked,USA,Florida,surfing/bodyboarding,m,31.0,N,afternoon,,2009,4
Unprovoked,AUSTRALIA,New South Wales,small watercraft,m,40.0,N,morning,,2009,4
Unprovoked,USA,California,dive fishing,m,,N,morning,great white,2009,4
Unprovoked,USA,Florida,wading,m,15.0,N,afternoon,,2009,4
Unprovoked,SOUTH AFRICA,Eastern Cape Province,surfing/bodyboarding,m,16.0,Y,afternoon,,2009,3
Unprovoked,AUSTRALIA,New South Wales,surfing/bodyboarding,m,17.0,N,evening,bronze whaler,2009,3
Unprovoked,AUSTRALIA,New South Wales,surfing/bodyboarding,m,,N,morning,,2009,3
Unprovoked,AUSTRALIA,New South Wales,surfing/bodyboarding,f,,N,morning,,2009,3
Unprovoked,USA,Florida,surfing/bodyboarding,f,17.0,N,evening,,2009,3
Unprovoked,MALAYSIA,Strait of Malacca,fishing,f,,N,,reef,2009,3
Unprovoked,USA,Hawaii,swimming,m,61.0,N,evening,,2009,3
Unprovoked,NEW CALEDONIA,South Province,surfing/bodyboarding,m,19.0,Y,morning,,2009,3
Unprovoked,AUSTRALIA,New South Wales,surfing/bodyboarding,m,15.0,N,morning,,2009,3
Unprovoked,AUSTRALIA,Queensland,fishing,m,,N,morning,,2009,2
Unprovoked,AUSTRALIA,New South Wales,surfing/bodyboarding,m,,N,evening,,2009,2
Unprovoked,AUSTRALIA,New South Wales,surfing/bodyboarding,m,33.0,N,evening,great white,2009,2
Unprovoked,AUSTRALIA,New South Wales,diving,m,31.0,N,morning,bull,2009,2
Unprovoked,AUSTRALIA,New South Wales,surfing/bodyboarding,m,41.0,N,morning,great white,2009,2
Unprovoked,AUSTRALIA,New South Wales,surfing/bodyboarding,m,,N,morning,,2009,2
Unprovoked,CUBA,Guantanamo Province,dive fishing,m,15.0,N,morning,bull,2009,1
Unprovoked,AUSTRALIA,New South Wales,swimming,m,19.0,N,afternoon,,2009,1
Unprovoked,SOUTH AFRICA,Eastern Cape Province,swimming,m,25.0,Y,afternoon,tiger,2009,1
Unprovoked,NEW ZEALAND,South Island,surfing/bodyboarding,m,,N,,,2009,1
Unprovoked,SOUTH AFRICA,Western Cape Province,,,,Y,,great white,2009,1
Unprovoked,AUSTRALIA,New South Wales,swimming,m,24.0,N,morning,dusky,2009,1
Unprovoked,AUSTRALIA,Tasmania,surfing/bodyboarding,f,13.0,N,afternoon,great white,2009,1
Unprovoked,AUSTRALIA,New South Wales,surfing/bodyboarding,m,31.0,N,morning,great white,2009,1
Unprovoked,ECUADOR,Galapagos Islands,surfing/bodyboarding,m,22.0,N,,,2009,1
Unprovoked,NEW ZEALAND,North Island,swimming,m,49.0,N,evening,sevengill,2009,1
Unprovoked,CUBA,Guantanamo Province,dive fishing,,,N,,bull,2009,1
Unprovoked,AUSTRALIA,New South Wales,surfing/bodyboarding,m,10.0,N,,,2008,12
Unprovoked,AUSTRALIA,Western Australia,swimming,m,51.0,Y,morning,great white,2008,12
Unprovoked,NEW ZEALAND,North Island,fishing,m,,N,,bronze whaler,2008,12
Unprovoked,MOZAMBIQUE,Inhambane Province,dive fishing,m,,Y,,bull,2008,12
Unprovoked,EGYPT,Red Sea,diving,f,,N,morning,whitetip,2008,11
Unprovoked,ECUADOR,Galapagos Islands,,f,,N,,,2008,11
Unprovoked,PHILIPPINES,Luzon,fishing,m,39.0,Y,morning,,2008,11
Unprovoked,NEW CALEDONIA,,dive fishing,m,24.0,N,morning,lemon,2008,10
Unprovoked,AUSTRALIA,New South Wales,surfing/bodyboarding,m,15.0,N,afternoon,,2008,10
Unprovoked,USA,Florida,fishing,m,11.0,N,afternoon,,2008,10
Unprovoked,CROATIA," Split-Dalmatia Count,",dive fishing,m,43.0,N,afternoon,great white,2008,10
Unprovoked,USA,Florida,surfing/bodyboarding,m,44.0,N,morning,,2008,9
Unprovoked,USA,Florida,surfing/bodyboarding,m,40.0,N,morning,,2008,9
Unprovoked,USA,Florida,swimming,m,32.0,N,afternoon,,2008,9
Unprovoked,USA,Hawaii,surfing/bodyboarding,m,40.0,N,afternoon,tiger,2008,9
Unprovoked,USA,California,surfing/bodyboarding,m,,N,morning,great white,2008,9
Unprovoked,AUSTRALIA,New South Wales,surfing/bodyboarding,m,51.0,N,afternoon,,2008,9
Unprovoked,USA,Florida,surfing/bodyboarding,m,43.0,N,afternoon,,2008,9
Unprovoked,USA,Florida,surfing/bodyboarding,m,15.0,N,afternoon,,2008,9
Unprovoked,USA,Florida,surfing/bodyboarding,m,52.0,N,morning,,2008,9
Unprovoked,USA,Florida,surfing/bodyboarding,m,,N,morning,,2008,9
Unprovoked,AUSTRALIA,New South Wales,surfing/bodyboarding,m,29.0,N,,,2008,8
Unprovoked,USA,Florida,surfing/bodyboarding,m,19.0,N,afternoon,,2008,8
Unprovoked,USA,Florida,surfing/bodyboarding,m,26.0,N,morning,,2008,8
Unprovoked,USA,Florida,surfing/bodyboarding,m,20.0,N,afternoon,,2008,8
Unprovoked,USA,Florida,swimming,m,47.0,N,afternoon,,2008,8
Unprovoked,USA,US Virgin Islands,swimming,f,38.0,N,evening,reef,2008,8
Unprovoked,USA,Florida,wading,f,13.0,N,afternoon,,2008,8
Unprovoked,USA,Hawaii,diving,m,,N,afternoon,tiger,2008,8
Unprovoked,AUSTRALIA,Victoria,surfing/bodyboarding,m,31.0,N,morning,sevengill,2008,7
Unprovoked,SOUTH AFRICA,,,m,,N,,great white,2008,7
Unprovoked,PANAMA,San Carlos,surfing/bodyboarding,m,,N,evening,,2008,7
Unprovoked,MEXICO,Cabo San Lucas,swimming,m,33.0,N,,,2008,7
Unprovoked,USA,Hawaii,swimming,m,,N,afternoon,reef,2008,7
Unprovoked,USA,Florida,surfing/bodyboarding,m,17.0,N,morning,,2008,7
Unprovoked,USA,Hawaii,swimming,f,44.0,N,morning,,2008,7
Unprovoked,USA,North Carolina,wading,m,9.0,N,,,2008,7
Unprovoked,USA,North Carolina,wading,f,8.0,N,afternoon,,2008,7
Unprovoked,USA,Florida,wading,m,16.0,N,afternoon,,2008,7
Unprovoked,EGYPT,,diving,m,,N,,whitetip,2008,7
Unprovoked,USA,South Carolina,surfing/bodyboarding,m,24.0,N,afternoon,,2008,7
Unprovoked,USA,North Carolina,swimming,f,14.0,N,evening,,2008,7
Unprovoked,USA,South Carolina,,f,17.0,N,afternoon,,2008,7
Unprovoked,BAHAMAS,Abaco Islands,dive fishing,m,42.0,N,morning,bull,2008,6
Unprovoked,SOUTH AFRICA,Western Cape Province,small watercraft,m,46.0,N,afternoon,great white,2008,6
Unprovoked,SOUTH AFRICA,Western Cape Province,dive fishing,m,,N,,great white,2008,6
Unprovoked,USA,Florida,surfing/bodyboarding,m,29.0,N,afternoon,,2008,6
Unprovoked,USA,South Carolina,swimming,m,37.0,N,morning,,2008,6
Unprovoked,BRAZIL,Bahia,surfing/bodyboarding,m,,N,morning,,2008,6
Unprovoked,USA,Florida,wading,f,35.0,N,morning,,2008,6
Unprovoked,BRAZIL,Pernambuco,surfing/bodyboarding,m,14.0,N,,,2008,6
Unprovoked,USA,Florida,surfing/bodyboarding,m,40.0,N,,,2008,6
Unprovoked,USA,South Carolina,surfing/bodyboarding,f,15.0,N,evening,,2008,6
Unprovoked,BRAZIL,Pernambuco,swimming,m,14.0,N,afternoon,bull,2008,6
Unprovoked,USA,North Carolina,surfing/bodyboarding,m,9.0,N,afternoon,,2008,5
Unprovoked,MEXICO,Guerro,surfing/bodyboarding,m,49.0,N,morning,,2008,5
Unprovoked,MEXICO,Guerro,surfing/bodyboarding,m,21.0,Y,,,2008,5
Unprovoked,FIJI,Yasawa Islands,diving,m,28.0,Y,night,,2008,5
Unprovoked,AUSTRALIA,Western Australia,swimming,m,37.0,N,morning,great white,2008,5
Unprovoked,NEW CALEDONIA,North Province,fishing,m,40.0,N,afternoon,bull,2008,5
Unprovoked,USA,Florida,wading,m,6.0,N,afternoon,,2008,5
Unprovoked,MEXICO,Guerro,surfing/bodyboarding,m,24.0,Y,afternoon,tiger,2008,4
Unprovoked,USA,Florida,surfing/bodyboarding,m,18.0,N,morning,,2008,4
Unprovoked,USA,Florida,surfing/bodyboarding,m,24.0,N,morning,,2008,4
Unprovoked,NEW CALEDONIA,North Province,swimming,m,32.0,N,morning,bull,2008,4
Unprovoked,USA,California,swimming,m,66.0,Y,morning,great white,2008,4
Unprovoked,USA,Florida,surfing/bodyboarding,m,14.0,N,morning,,2008,4
Unprovoked,USA,Florida,surfing/bodyboarding,m,30.0,N,afternoon,,2008,4
Unprovoked,FIJI,,dive fishing,m,,N,,,2008,4
Unprovoked,USA,Florida,wading,m,15.0,N,,,2008,3
Unprovoked,USA,Florida,surfing/bodyboarding,,,N,,,2008,4
Unprovoked,AUSTRALIA,New South Wales,surfing/bodyboarding,m,16.0,Y,morning,bull,2008,4
Unprovoked,USA,Florida,wading,m,18.0,N,afternoon,,2008,4
Unprovoked,SOUTH AFRICA,KwaZulu-Natal,fishing,m,39.0,N,,,2008,3
Unprovoked,USA,Florida,surfing/bodyboarding,m,52.0,N,evening,,2008,3
Unprovoked,USA,Florida,surfing/bodyboarding,m,,N,,,2008,3
Unprovoked,USA,Florida,wading,m,13.0,N,morning,,2008,3
Unprovoked,USA,Florida,wading,m,14.0,N,afternoon,,2008,3
Unprovoked,USA,Florida,small watercraft,m,8.0,N,afternoon,,2008,3
Unprovoked,USA,California,surfing/bodyboarding,m,27.0,N,morning,great white,2008,3
Unprovoked,BAHAMAS,Northern Bahamas,diving,m,49.0,Y,morning,bull,2008,2
Unprovoked,FRENCH POLYNESIA,Society Islands,dive fishing,m,26.0,N,,,2008,2
Unprovoked,USA,Florida,surfing/bodyboarding,m,25.0,N,evening,,2008,2
Unprovoked,AUSTRALIA,New South Wales,surfing/bodyboarding,f,14.0,N,,,2008,2
Unprovoked,USA,Florida,small watercraft,m,,N,,,2008,2
Unprovoked,SOUTH AFRICA,KwaZulu-Natal,small watercraft,m,42.0,N,,blacktip,2008,1
Unprovoked,USA,Florida,surfing/bodyboarding,m,20.0,N,,,2008,1
Unprovoked,MEXICO,Baja California,surfing/bodyboarding,m,26.0,N,,hammerhead,,
Unprovoked,ECUADOR,Galapagos Islands,surfing/bodyboarding,m,24.0,N,,,2007,12
Unprovoked,AUSTRALIA,New South Wales,surfing/bodyboarding,m,31.0,N,morning,,2007,12
Unprovoked,AUSTRALIA,Queensland,swimming,m,,N,,,2007,12
Unprovoked,USA,Hawaii,surfing/bodyboarding,m,52.0,N,morning,tiger,2007,12
Unprovoked,NEW ZEALAND,South Island,surfing/bodyboarding,f,,N,,,2007,12
Unprovoked,BRAZIL,Pernambuco,fishing,m,28.0,N,,,2007,12
Unprovoked,AUSTRALIA,New South Wales,surfing/bodyboarding,m,,N,afternoon,,2007,11
Unprovoked,SOUTH AFRICA,Western Cape Province,surfing/bodyboarding,m,14.0,N,evening,,2007,11
Unprovoked,USA,Florida,surfing/bodyboarding,m,21.0,N,night,,2007,11
Unprovoked,USA,Florida,surfing/bodyboarding,m,42.0,N,morning,,2007,11
Unprovoked,SOUTH AFRICA,Eastern Cape Province,surfing/bodyboarding,m,37.0,N,morning,great white,2007,11
Unprovoked,USA,Hawaii,swimming,m,32.0,N,afternoon,tiger,2007,10
Unprovoked,AUSTRALIA,New South Wales,small watercraft,f,52.0,N,morning,great white,2007,10
Unprovoked,AUSTRALIA,Queensland,dive fishing,m,31.0,N,afternoon,bronze whaler,2007,10
Unprovoked,USA,California,surfing/bodyboarding,m,22.0,N,evening,,2007,10
Unprovoked,USA,Florida,surfing/bodyboarding,m,16.0,N,morning,blacktip,2007,10
Unprovoked,USA,California,surfing/bodyboarding,m,,N,morning,,2007,9
Unprovoked,NEW CALEDONIA,Loyalty Islands,swimming,f,23.0,Y,morning,great white,2007,9
Unprovoked,BAHAMAS,Grand Bahama Island,dive fishing,f,48.0,N,afternoon,reef,2007,9
Unprovoked,USA,California,surfing/bodyboarding,f,,N,morning,great white,2007,9
Unprovoked,EGYPT,Red Sea,swimming,f,,N,morning,whitetip,2007,9
Unprovoked,USA,Florida,surfing/bodyboarding,f,,N,,,2007,9
Unprovoked,USA,Florida,surfing/bodyboarding,m,23.0,N,evening,,2007,9
Unprovoked,SOLOMON ISLANDS,Marovo Lagoon,dive fishing,m,,N,evening,reef,2007,9
Unprovoked,USA,Florida,wading,m,56.0,N,morning,,2007,9
Unprovoked,USA,Florida,surfing/bodyboarding,f,,N,morning,,2007,9
Unprovoked,USA,Florida,swimming,m,14.0,N,afternoon,nurse,2007,9
Unprovoked,USA,Florida,wading,f,58.0,N,morning,,2007,9
Unprovoked,USA,Florida,wading,f,36.0,N,afternoon,,2007,9
Unprovoked,USA,South Carolina,wading,m,15.0,N,evening,,2007,9
Unprovoked,USA,Florida,swimming,f,12.0,N,morning,,2007,9
Unprovoked,USA,Florida,swimming,m,58.0,N,morning,spinner,2007,9
Unprovoked,USA,Hawaii,surfing/bodyboarding,m,15.0,N,afternoon,tiger,2007,8
Unprovoked,USA,California,surfing/bodyboarding,m,24.0,N,morning,great white,2007,8
Unprovoked,USA,Florida,surfing/bodyboarding,m,54.0,N,afternoon,,2007,8
Unprovoked,USA,Florida,surfing/bodyboarding,m,27.0,N,morning,,2007,8
Unprovoked,USA,Florida,swimming,m,52.0,N,evening,,2007,8
Unprovoked,USA,Florida,surfing/bodyboarding,m,16.0,N,afternoon,,2007,8
Unprovoked,USA,South Carolina,swimming,m,7.0,N,morning,,2007,8
Unprovoked,USA,Florida,swimming,m,20.0,N,night,bull,2007,8
Unprovoked,USA,Florida,swimming,f,15.0,N,evening,,2007,8
Unprovoked,USA,Florida,wading,m,19.0,N,evening,,2007,8
Unprovoked,USA,South Carolina,swimming,m,30.0,N,afternoon,,2007,8
Unprovoked,USA,South Carolina,surfing/bodyboarding,m,9.0,N,afternoon,,2007,8
Unprovoked,USA,Florida,swimming,f,19.0,N,afternoon,bull,2007,8
Unprovoked,USA,Florida,surfing/bodyboarding,m,51.0,N,afternoon,,2007,7
Unprovoked,USA,California,surfing/bodyboarding,m,20.0,N,night,,2007,7
Unprovoked,USA,California,surfing/bodyboarding,m,,N,,great white,2007,7
Unprovoked,USA,Hawaii,swimming,m,36.0,N,afternoon,,,
Unprovoked,AUSTRALIA,Territory of Cocos (Keeling) Islands,wading,m,15.0,N,morning,bronze whaler,,
Unprovoked,USA,North Carolina,swimming,m,14.0,N,afternoon,,2007,7
Unprovoked,USA,North Carolina,wading,f,30.0,N,afternoon,,2007,7
Unprovoked,BAHAMAS,Abaco Islands,dive fishing,f,48.0,N,morning,bull,2007,7
Unprovoked,USA,Florida,surfing/bodyboarding,m,18.0,N,afternoon,,2007,7
Unprovoked,REUNION,,surfing/bodyboarding,m,17.0,N,afternoon,,2007,7
Unprovoked,USA,California,swimming,f,,N,morning,,2007,6
Unprovoked,USA,Florida,surfing/bodyboarding,m,20.0,N,evening,,2007,6
Unprovoked,USA,Hawaii,surfing/bodyboarding,m,,N,morning,tiger,2007,6
Unprovoked,USA,Florida,swimming,f,,N,morning,,2007,6
Unprovoked,AUSTRALIA,New South Wales,surfing/bodyboarding,m,,N,evening,,2007,6
Unprovoked,USA,South Carolina,wading,f,,N,evening,,2007,5
Unprovoked,AUSTRALIA,Western Australia,wading,f,38.0,N,afternoon,,2007,5
Unprovoked,AUSTRALIA,Victoria,surfing/bodyboarding,m,19.0,N,evening,,2007,5
Unprovoked,USA,Florida,surfing/bodyboarding,f,21.0,N,afternoon,,2007,5
Unprovoked,SEYCHELLES,Bird Island,swimming,m,,N,,great white,2007,5
Unprovoked,USA,Hawaii,swimming,f,63.0,N,morning,tiger,2007,5
Unprovoked,USA,Florida,swimming,m,68.0,N,morning,,2007,5
Unprovoked,AUSTRALIA,Queensland,swimming,f,13.0,N,evening,,2007,4
Unprovoked,USA,Florida,surfing/bodyboarding,m,12.0,N,afternoon,spinner,2007,4
Unprovoked,USA,Florida,surfing/bodyboarding,m,24.0,N,evening,,2007,4
Unprovoked,NEW CALEDONIA,South Province,surfing/bodyboarding,m,26.0,N,afternoon,tiger,2007,4
Unprovoked,USA,Florida,swimming,m,7.0,N,afternoon,,2007,4
Unprovoked,USA,Florida,surfing/bodyboarding,m,27.0,N,afternoon,,2007,3
Unprovoked,USA,Florida,,m,9.0,N,afternoon,,2007,3
Unprovoked,YEMEN,Muhafazat Hadramawt,,,,Y,morning,,2007,3
Unprovoked,USA,Florida,surfing/bodyboarding,m,11.0,N,evening,,2007,3
Unprovoked,AUSTRALIA,New South Wales,surfing/bodyboarding,f,42.0,N,morning,,2007,3
Unprovoked,AUSTRALIA,Queensland,swimming,f,59.0,N,afternoon,,2007,3
Unprovoked,USA,Florida,surfing/bodyboarding,m,29.0,N,afternoon,,2007,3
Unprovoked,AUSTRALIA,New South Wales,surfing/bodyboarding,m,26.0,N,morning,,2007,2
Unprovoked,NEW CALEDONIA,Loyalty Islands,dive fishing,m,,N,,,2007,2
Unprovoked,NEW CALEDONIA,North Province,dive fishing,m,30.0,N,afternoon,tiger,2007,1
Unprovoked,AUSTRALIA,New South Wales,diving,m,41.0,N,morning,great white,2007,1
Unprovoked,SOUTH AFRICA,Eastern Cape Province,surfing/bodyboarding,m,24.0,Y,afternoon,tiger,2007,1
Unprovoked,AUSTRALIA,New South Wales,surfing/bodyboarding,m,,N,morning,,2007,1
Unprovoked,USA,Hawaii,surfing/bodyboarding,m,24.0,N,morning,tiger,2007,1
Unprovoked,AUSTRALIA,Victoria,surfing/bodyboarding,m,25.0,N,evening,,2006,12
Unprovoked,NEW ZEALAND,North Island,surfing/bodyboarding,m,10.0,N,morning,,2006,12
Unprovoked,USA,California,surfing/bodyboarding,m,43.0,N,morning,great white,2006,12
Unprovoked,AUSTRALIA,Western Australia,surfing/bodyboarding,m,15.0,N,morning,great white,2006,12
Unprovoked,USA,Hawaii,swimming,m,29.0,N,afternoon,,2006,11
Unprovoked,USA,Oregon,surfing/bodyboarding,m,22.0,N,evening,great white,2006,10
Unprovoked,USA,Florida,fishing,m,15.0,N,,,2006,10
Unprovoked,USA,Florida,surfing/bodyboarding,m,20.0,N,morning,,2006,10
Unprovoked,USA,Texas,surfing/bodyboarding,m,,N,,,2006,10
Unprovoked,USA,Florida,swimming,m,18.0,N,afternoon,,2006,10
Unprovoked,BAHAMAS,New Providence Island,diving,f,26.0,N,,,2006,10
Unprovoked,GULF OF ADEN,Between Somalia & Yemen,,,,Y,,,2006,10
Unprovoked,USA,Florida,surfing/bodyboarding,m,19.0,N,,,2006,9
Unprovoked,USA,North Carolina,surfing/bodyboarding,m,16.0,N,morning,,2006,9
Unprovoked,USA,Florida,swimming,m,55.0,N,afternoon,spinner,2006,9
Unprovoked,USA,Florida,surfing/bodyboarding,m,52.0,N,,,2006,9
Unprovoked,BRAZIL,,,m,20.0,Y,afternoon,,2006,9
Unprovoked,USA,Florida,wading,m,33.0,N,evening,,2006,9
Unprovoked,USA,Florida,swimming,m,,N,evening,,2006,9
Unprovoked,SOUTH AFRICA,Western Cape Province,surfing/bodyboarding,m,37.0,N,,great white,2006,9
Unprovoked,USA,Oregon,surfing/bodyboarding,m,23.0,N,evening,,2006,8
Unprovoked,AUSTRALIA,South Australia,surfing/bodyboarding,m,,N,afternoon,bronze whaler,2006,8
Unprovoked,REUNION,Saint-Gilles-les-Bains,surfing/bodyboarding,m,27.0,N,evening,,2006,8
Unprovoked,REUNION,Saint-Pierre,surfing/bodyboarding,m,34.0,Y,morning,,2006,8
Unprovoked,SOUTH AFRICA,Western Cape Province,surfing/bodyboarding,m,,N,,,2006,8
Unprovoked,SOUTH AFRICA,Western Cape Province,swimming,m,24.0,N,morning,great white,2006,8
Unprovoked,USA,North Carolina,wading,f,59.0,N,afternoon,,2006,8
Unprovoked,REUNION,,dive fishing,m,,N,,bull,,
Unprovoked,USA,Oregon,surfing/bodyboarding,m,41.0,N,afternoon,great white,2006,7
Unprovoked,USA,Florida,surfing/bodyboarding,m,15.0,N,,,2006,7
Unprovoked,SOUTH AFRICA,Western Cape Province,small watercraft,m,19.0,N,afternoon,great white,2006,7
Unprovoked,USA,Florida,surfing/bodyboarding,m,14.0,N,afternoon,,2006,7
Unprovoked,USA,Texas,fishing,m,,N,,bull,2006,7
Unprovoked,USA,South Carolina,wading,m,49.0,N,morning,,2006,7
Unprovoked,USA,South Carolina,swimming,f,21.0,N,afternoon,,2006,7
Unprovoked,BRAZIL,Pernambuco,,m,,Y,,tiger,2006,7
Unprovoked,USA,Florida,wading,m,40.0,N,evening,,2006,7
Unprovoked,USA,Florida,wading,m,11.0,N,afternoon,,2006,7
Unprovoked,USA,South Carolina,surfing/bodyboarding,f,14.0,N,morning,spinner,2006,7
Unprovoked,USA,Florida,swimming,m,13.0,N,afternoon,,2006,7
Unprovoked,USA,Florida,dive fishing,f,28.0,N,,reef,2006,7
Unprovoked,USA,Florida,dive fishing,m,35.0,N,,reef,2006,7
Unprovoked,USA,Florida,surfing/bodyboarding,f,9.0,N,morning,,2006,6
Unprovoked,BAHAMAS,Andros Islands,dive fishing,m,25.0,N,afternoon,,2006,6
Unprovoked,USA,Florida,surfing/bodyboarding,f,22.0,N,afternoon,spinner,2006,6
Unprovoked,BRAZIL,Pernambuco,surfing/bodyboarding,m,27.0,Y,morning,,2006,6
Unprovoked,USA,California,diving,m,43.0,N,morning,,2006,6
Unprovoked,USA,Florida,surfing/bodyboarding,m,24.0,N,afternoon,,2006,6
Unprovoked,USA,South Carolina,swimming,f,7.0,N,afternoon,,2006,6
Unprovoked,AUSTRALIA,South Australia,surfing/bodyboarding,m,40.0,N,morning,great white,2006,6
Unprovoked,USA,Hawaii,dive fishing,m,26.0,N,afternoon,tiger,2006,5
Unprovoked,USA,Hawaii,surfing/bodyboarding,m,31.0,N,afternoon,,2006,5
Unprovoked,BRAZIL,Pernambuco,surfing/bodyboarding,m,33.0,N,morning,,2006,5
Unprovoked,USA,Guam,diving,f,35.0,N,afternoon,tiger,2006,5
Unprovoked,USA,Florida,,m,,N,afternoon,,2006,5
Unprovoked,USA,Florida,swimming,f,25.0,N,afternoon,,2006,5
Unprovoked,USA,Florida,surfing/bodyboarding,m,54.0,N,,,2006,4
Unprovoked,USA,Florida,wading,f,13.0,N,afternoon,,2006,4
Unprovoked,AUSTRALIA,New South Wales,surfing/bodyboarding,m,15.0,N,afternoon,bronze whaler,2006,4
Unprovoked,SOUTH AFRICA,Eastern Cape Province,surfing/bodyboarding,m,15.0,N,evening,raggedtooth,2006,4
Unprovoked,BRAZIL,Pernambuco,swimming,m,35.0,N,afternoon,tiger,2006,4
Unprovoked,USA,Florida,wading,m,11.0,N,afternoon,,2006,4
Unprovoked,Sierra Leone,Western Area,fishing,m,,Y,,,2006,3
Unprovoked,USA,Hawaii,surfing/bodyboarding,f,28.0,N,morning,tiger,2006,3
Unprovoked,FIJI,Vitu Levu,surfing/bodyboarding,m,21.0,N,evening,tiger,2006,3
Unprovoked,AUSTRALIA,New South Wales,surfing/bodyboarding,m,15.0,N,evening,bronze whaler,2006,3
Unprovoked,USA,Hawaii,wading,f,15.0,N,afternoon,,2006,2
Unprovoked,AUSTRALIA,Queensland,wading,m,18.0,N,morning,,2006,2
Unprovoked,AUSTRALIA,Queensland,swimming,m,,N,,,2006,2
Unprovoked,SOUTH AFRICA,Eastern Cape Province,surfing/bodyboarding,m,15.0,N,afternoon,raggedtooth,2006,2
Unprovoked,TONGA,Vava'u,swimming,f,24.0,Y,evening,tiger,2006,2
Unprovoked,SOUTH AFRICA,Eastern Cape Province,dive fishing,m,34.0,N,afternoon,,2006,1
Unprovoked,USA,California,surfing/bodyboarding,m,,N,night,,2006,1
Unprovoked,AUSTRALIA,Western Australia,diving,m,52.0,N,morning,great white,2006,1
Unprovoked,AUSTRALIA,Queensland,swimming,f,21.0,Y,evening,bull,2006,1
Unprovoked,USA,Florida,surfing/bodyboarding,m,21.0,N,afternoon,,2006,1
Unprovoked,SOUTH AFRICA,Western Cape Province,fishing,m,49.0,N,,,2006,1
Unprovoked,USA,Oregon,surfing/bodyboarding,m,30.0,N,afternoon,great white,2005,12
Unprovoked,USA,Hawaii,swimming,m,29.0,N,morning,tiger,2005,12
Unprovoked,AUSTRALIA,Queensland,dive fishing,m,44.0,N,morning,reef,2005,12
Unprovoked,USA,Florida,surfing/bodyboarding,m,,N,,,2005,11
Unprovoked,USA,Florida,surfing/bodyboarding,m,23.0,N,afternoon,,2005,11
Unprovoked,AUSTRALIA,Victoria,surfing/bodyboarding,m,18.0,N,evening,,2005,11
Unprovoked,SOUTH AFRICA,Eastern Cape Province,surfing/bodyboarding,m,26.0,N,morning,,2005,11
Unprovoked,NEW CALEDONIA,Loyalty Islands,dive fishing,,,N,evening,,2005,11
Unprovoked,USA,Florida,surfing/bodyboarding,m,35.0,N,afternoon,,2005,11
Unprovoked,USA,Florida,surfing/bodyboarding,m,17.0,N,afternoon,,2005,11
Unprovoked,USA,Florida,surfing/bodyboarding,m,18.0,N,afternoon,,2005,11
Unprovoked,USA,California,surfing/bodyboarding,m,25.0,N,afternoon,,2005,11
Unprovoked,USA,California,surfing/bodyboarding,m,26.0,N,morning,great white,2005,11
Unprovoked,USA,Florida,wading,m,15.0,N,,,2005,10
Unprovoked,ST. MAARTIN,Simpson Bay,wading,m,55.0,N,morning,,2005,10
Unprovoked,SOUTH AFRICA,Western Cape Province,wading,m,20.0,N,morning,,2005,10
Unprovoked,USA,California,surfing/bodyboarding,m,36.0,N,morning,great white,2005,10
Unprovoked,USA,California,surfing/bodyboarding,f,20.0,N,morning,great white,2005,10
Unprovoked,USA,Hawaii,surfing/bodyboarding,m,22.0,N,evening,tiger,2005,10
Unprovoked,GRAND CAYMAN,East Wall,diving,f,57.0,N,afternoon,reef,2005,10
Unprovoked,USA,Florida,surfing/bodyboarding,m,48.0,N,afternoon,,2005,10
Unprovoked,BAHAMAS,Abaco Islands,diving,m,35.0,N,,,2005,10
Unprovoked,SOUTH AFRICA,Western Cape Province,small watercraft,m,52.0,N,afternoon,great white,2005,10
Unprovoked,AUSTRALIA,New South Wales,surfing/bodyboarding,m,28.0,N,,tiger,2005,9
Unprovoked,AUSTRALIA,South Australia,surfing/bodyboarding,m,26.0,N,afternoon,great white,2005,9
Unprovoked,AUSTRALIA,Western Australia,surfing/bodyboarding,m,44.0,N,morning,bronze whaler,2005,9
Unprovoked,USA,South Carolina,surfing/bodyboarding,f,68.0,N,afternoon,,2005,9
Unprovoked,USA,South Carolina,surfing/bodyboarding,m,18.0,Y,afternoon,,2005,9
Unprovoked,AUSTRALIA,New South Wales,wading,m,15.0,N,evening,,2005,9
Unprovoked,USA,North Carolina,wading,f,18.0,N,afternoon,bull,2005,9
Unprovoked,AUSTRALIA,South Australia,surfing/bodyboarding,m,40.0,N,afternoon,great white,2005,9
Unprovoked,USA,Florida,wading,m,62.0,N,morning,,2005,9
Unprovoked,AUSTRALIA,South Australia,diving,m,23.0,Y,afternoon,great white,2005,8
Unprovoked,USA,California,surfing/bodyboarding,m,37.0,N,morning,great white,2005,8
Unprovoked,USA,South Carolina,swimming,m,8.0,N,morning,blacktip,2005,8
Unprovoked,USA,Texas,wading,m,12.0,N,evening,,2005,8
Unprovoked,USA,North Carolina,surfing/bodyboarding,m,16.0,N,morning,,2005,8
Unprovoked,USA,South Carolina,swimming,m,14.0,N,morning,,2005,8
Unprovoked,USA,Florida,wading,f,13.0,N,evening,,2005,7
Unprovoked,USA,Florida,surfing/bodyboarding,m,61.0,N,morning,,2005,7
Unprovoked,USA,North Carolina,swimming,m,22.0,N,afternoon,,2005,7
Unprovoked,USA,Texas,,f,14.0,N,afternoon,,2005,7
Unprovoked,USA,Florida,wading,m,19.0,N,morning,,2005,7
Unprovoked,USA,Florida,fishing,m,16.0,N,morning,bull,2005,6
Unprovoked,USA,Florida,surfing/bodyboarding,f,14.0,Y,morning,bull,2005,6
Unprovoked,VANUATU,Malampa Province,swimming,f,7.0,Y,afternoon,,2005,6
Unprovoked,MEXICO ,Baja California,surfing/bodyboarding,m,,N,morning,,2005,6
Unprovoked,USA,Florida,swimming,m,20.0,N,afternoon,,2005,6
Unprovoked,SOUTH KOREA,South Ch'ungch'ong Province,diving,f,38.0,N,,great white,2005,6
Unprovoked,USA,South Carolina,surfing/bodyboarding,f,11.0,N,morning,,2005,6
Unprovoked,SOUTH AFRICA,Western Cape Province,dive fishing,m,22.0,Y,afternoon,great white,2005,6
Unprovoked,USA,Texas,wading,m,6.0,N,morning,,2005,6
Unprovoked,USA,Florida,swimming,m,33.0,N,evening,,2005,5
Unprovoked,USA,Florida,wading,f,,N,evening,,2005,5
Unprovoked,SOUTH AFRICA,Eastern Cape Province,surfing/bodyboarding,m,32.0,N,morning,raggedtooth,2005,5
Unprovoked,AUSTRALIA,Queensland,dive fishing,,,N,,blacktip,2005,5
Unprovoked,MADAGASCAR,,fishing,m,,N,,,2005,5
Unprovoked,USA,Hawaii,surfing/bodyboarding,m,47.0,N,morning,tiger,2005,5
Unprovoked,AUSTRALIA,New South Wales,,,,N,,,2005,4
Unprovoked,AUSTRALIA,Northern Territory,dive fishing,m,20.0,N,,bronze whaler,2005,4
Unprovoked,AUSTRALIA,New South Wales,surfing/bodyboarding,m,40.0,N,morning,bronze whaler,2005,4
Unprovoked,USA,Florida,wading,f,70.0,N,,blacktip,2005,4
Unprovoked,USA,Texas,surfing/bodyboarding,m,37.0,N,evening,,2005,4
Unprovoked,USA,Florida,,f,,N,,hammerhead,2005,4
Unprovoked,SOUTH AFRICA,Western Cape Province,surfing/bodyboarding,m,32.0,N,morning,,2005,3
Unprovoked,AUSTRALIA,New South Wales,surfing/bodyboarding,m,,N,,,2005,3
Unprovoked,VENEZUELA,,surfing/bodyboarding,m,,N,evening,,2005,3
Unprovoked,AUSTRALIA,Western Australia,swimming,m,26.0,Y,afternoon,great white,2005,3
Unprovoked,SOLOMON ISLANDS,Santa Isabel Province,diving,m,,N,,,2005,3
Unprovoked,AUSTRALIA,Queensland,swimming,m,18.0,N,,bull,2005,2
Unprovoked,USA,Hawaii,surfing/bodyboarding,m,,N,afternoon,tiger,2005,2
Unprovoked,USA,Florida,dive fishing,m,,N,,reef,2005,2
Unprovoked,BRAZIL,Bahia,surfing/bodyboarding,m,12.0,N,,,2005,2
Unprovoked,CUBA,Santiago de Cuba Province,swimming,m,19.0,N,,,2005,1
Unprovoked,AUSTRALIA,South Australia,surfing/bodyboarding,m,18.0,Y,afternoon,great white,2004,12
Unprovoked,AUSTRALIA,Queensland,dive fishing,m,38.0,Y,afternoon,bull,2004,12
Unprovoked,SOUTH AFRICA,Eastern Cape Province,surfing/bodyboarding,m,20.0,N,evening,raggedtooth,2004,11
Unprovoked,SOUTH AFRICA,Eastern Cape Province,swimming,m,16.0,N,,raggedtooth,2004,11
Unprovoked,SOUTH AFRICA,Western Cape Province,swimming,f,77.0,Y,morning,great white,2004,11
Unprovoked,USA,California,surfing/bodyboarding,,38.0,N,afternoon,great white,2004,11
Unprovoked,VANUATU,Malampa Province,swimming,m,35.0,N,morning,,2004,11
Unprovoked,NEW CALEDONIA,North Province,diving,,,N,,,2004,11
Unprovoked,CUBA,Camaguey Province,diving,m,40.0,N,afternoon,bull,2004,10
Unprovoked,SOUTH AFRICA,Western Cape Province,,m,52.0,N,morning,great white,2004,10
Unprovoked,AUSTRALIA,New South Wales,surfing/bodyboarding,m,59.0,N,afternoon,bronze whaler,2004,10
Unprovoked,USA,California,surfing/bodyboarding,m,,N,morning,great white,2004,10
Unprovoked,USA,Hawaii,dive fishing,m,34.0,N,afternoon,tiger,2004,10
Unprovoked,SOUTH AFRICA,Eastern Cape Province,surfing/bodyboarding,m,34.0,N,morning,raggedtooth,2004,10
Unprovoked,REUNION,Conservatória District,surfing/bodyboarding,m,15.0,N,afternoon,tiger,2004,10
Unprovoked,USA,California,surfing/bodyboarding,m,16.0,N,afternoon,,2004,10
Unprovoked,USA,California,surfing/bodyboarding,m,40.0,N,afternoon,,2004,10
Unprovoked,USA,Oregon,surfing/bodyboarding,m,26.0,N,morning,great white,2004,9
Unprovoked,BRAZIL,Pernambuco,swimming,,,Y,,,2004,9
Unprovoked,USA,South Carolina ,swimming,f,17.0,N,afternoon,,2004,9
Unprovoked,USA,Florida,wading,f,38.0,N,evening,,2004,8
Unprovoked,BRAZIL,Pernambuco,wading,m,24.0,N,afternoon,tiger,2004,8
Unprovoked,USA,California,surfing/bodyboarding,m,,N,evening,great white,2004,8
Unprovoked,USA,California,diving,m,50.0,Y,afternoon,great white,2004,8
Unprovoked,USA,Florida,swimming,m,47.0,N,evening,,2004,8
Unprovoked,AUSTRALIA,New South Wales,dive fishing,m,30.0,N,afternoon,,2004,8
Unprovoked,USA,Florida,surfing/bodyboarding,f,20.0,N,afternoon,,2004,7
Unprovoked,RUSSIA,Kuril Islands in the Pacific,fishing,m,,N,,great white,2004,7
Unprovoked,USA,North Carolina,surfing/bodyboarding,f,28.0,N,evening,,2004,7
Unprovoked,USA,North Carolina,swimming,f,13.0,N,evening,,2004,7
Unprovoked,USA,Texas,swimming,f,19.0,N,afternoon,,2004,7
Unprovoked,USA,Texas,wading,m,11.0,N,evening,bull,2004,7
Unprovoked,JAPAN,Wakayama Prefecture,fishing,m,51.0,N,,mako,2004,7
Unprovoked,AUSTRALIA,Western Australia,surfing/bodyboarding,m,30.0,Y,afternoon,,2004,7
Unprovoked,EGYPT,Sinai Peninsula,swimming,f,,N,,blacktip,2004,7
Unprovoked,USA,Alabama,wading,m,7.0,N,afternoon,,2004,7
Unprovoked,USA,California,surfing/bodyboarding,m,45.0,N,morning,great white,2004,6
Unprovoked,USA,Florida,diving,f,,N,,,2004,6
Unprovoked,AUSTRALIA,Western Australia,surfing/bodyboarding,m,17.0,N,afternoon,bronze whaler,2004,6
Unprovoked,USA,Florida,swimming,m,8.0,N,evening,,2004,6
Unprovoked,SOUTH AFRICA,Western Cape Province,swimming,m,21.0,Y,afternoon,great white,2004,6
Unprovoked,USA,Texas,wading,m,16.0,N,evening,,2004,5
Unprovoked,BRAZIL,Pernambuco,swimming,m,17.0,N,afternoon,bull,2004,5
Unprovoked,USA,California,surfing/bodyboarding,m,44.0,N,morning,,2004,5
Unprovoked,USA,Florida,surfing/bodyboarding,m,9.0,N,afternoon,,2004,5
Unprovoked,USA,Florida,,f,9.0,N,afternoon,,2004,5
Unprovoked,BRAZIL,Pernambuco,wading,f,24.0,N,afternoon,,2004,5
Unprovoked,USA,Texas,surfing/bodyboarding,m,28.0,N,afternoon,mako,2004,5
Unprovoked,BRAZIL,Pernambuco,swimming,m,22.0,Y,afternoon,,2004,5
Unprovoked,AUSTRALIA,New South Wales,diving,m,,N,morning,wobbegong,2004,4
Unprovoked, TONGA,Nuku'alofa,rescuing,m,,Y,,,2004,4
Unprovoked,USA,Hawaii,surfing/bodyboarding,m,57.0,Y,morning,tiger,2004,4
Unprovoked,SOUTH AFRICA,Western Cape Province,surfing/bodyboarding,m,16.0,N,afternoon,great white,2004,4
Unprovoked,USA,Florida,,m,26.0,N,,,2004,3
Unprovoked,USA,Florida,surfing/bodyboarding,m,20.0,N,morning,bull,2004,3
Unprovoked,BRAZIL,Pernambuco,surfing/bodyboarding,m,22.0,N,morning,bull,2004,3
Unprovoked,USA,Florida,surfing/bodyboarding,m,,N,afternoon,bull,2004,3
Unprovoked,REUNION,Saint-Benoît,surfing/bodyboarding,m,20.0,N,evening,,2004,3
Unprovoked,USA,Florida,swimming,m,61.0,N,morning,,2004,3
Unprovoked,USA,Hawaii,swimming,f,,N,morning,,2004,3
Unprovoked,NEW ZEALAND,North Island,dive fishing,m,,N,afternoon,bronze whaler,2004,3
Unprovoked,USA,Hawaii,surfing/bodyboarding,m,51.0,N,morning,tiger,2004,3
Unprovoked,AUSTRALIA,Western Australia,dive fishing,m,47.0,N,,bronze whaler,2004,3
Unprovoked,BRAZIL,Pernambuco,swimming,m,29.0,Y,afternoon,,2004,2
Unprovoked,NEW ZEALAND,"South Island, near Karitane north of Dunedin",surfing/bodyboarding,m,15.0,N,evening,sevengill,2004,2
Unprovoked,AUSTRALIA,New South Wales,swimming,m,,N,,,2004,2
Unprovoked,EGYPT,,swimming,m,,Y,,,2004,2
Unprovoked,AUSTRALIA,New South Wales,swimming,m,22.0,N,,,2004,2
Unprovoked,AUSTRALIA,Western Australia,diving,m,46.0,N,morning,great white,2004,1
Unprovoked,URUGUAY,Rocha,surfing/bodyboarding,m,21.0,N,,tiger,2004,1
Unprovoked,VENEZUELA,Anzoategui,swimming,m,,N,afternoon,bull,2004,1
Unprovoked,VENEZUELA,Anzoategui,dive fishing,m,40.0,N,morning,bull,2004,1
Unprovoked,AUSTRALIA,New South Wales,diving,m,,N,afternoon,raggedtooth,2004,1
Unprovoked,SOUTH AFRICA,Eastern Cape Province,surfing/bodyboarding,m,22.0,N,,raggedtooth,2004,1
Unprovoked,AUSTRALIA,Western Australia,surfing/bodyboarding,m,,N,morning,,2004,
Unprovoked,USA,Florida,swimming,m,13.0,N,afternoon,,2003,12
Unprovoked,NEW ZEALAND,Cook Islands,adrift,m,45.0,Y,night,,2003,12
Unprovoked,AUSTRALIA,Victoria,surfing/bodyboarding,m,36.0,N,morning,,2003,12
Unprovoked,AUSTRALIA,Western Australia,swimming,m,,N,morning,wobbegong,2003,11
Unprovoked,AUSTRALIA,Western Australia,swimming,m,,N,morning,wobbegong,2003,11
Unprovoked,SOUTH AFRICA,KwaZulu-Natal,dive fishing,m,21.0,Y,morning,tiger,2003,11
Unprovoked,USA,Florida,surfing/bodyboarding,f,35.0,N,afternoon,,2003,11
Unprovoked,INDIA,Tamil Nadu,surfing/bodyboarding,m,35.0,N,,tiger,2003,11
Unprovoked,USA,Florida,surfing/bodyboarding,m,24.0,N,,,2003,11
Unprovoked,EGYPT,Sinai Peninsula,swimming,m,,N,,whitetip,2003,11
Unprovoked,SOUTH AFRICA,KwaZulu-Natal,small watercraft,,,N,,great white,2003,11
Unprovoked,AUSTRALIA,New South Wales,wading,m,,N,evening,,2003,11
Unprovoked,USA,Florida,surfing/bodyboarding,m,18.0,N,afternoon,,2003,10
Unprovoked,AUSTRALIA,New South Wales,surfing/bodyboarding,m,22.0,N,evening,nurse,2003,10
Unprovoked,USA,Hawaii,surfing/bodyboarding,f,13.0,N,morning,tiger,2003,10
Unprovoked,USA,Florida,surfing/bodyboarding,m,46.0,N,afternoon,,2003,10
Unprovoked,USA,Florida,surfing/bodyboarding,m,19.0,N,,,2003,10
Unprovoked,USA,Florida,surfing/bodyboarding,f,,N,afternoon,,2003,10
Unprovoked,USA,Florida,surfing/bodyboarding,m,18.0,N,afternoon,,2003,10
Unprovoked,USA,Florida,wading,m,50.0,N,afternoon,,2003,10
Unprovoked,USA,Hawaii,wading,f,41.0,N,afternoon,,2003,10
Unprovoked,FIJI,Taveuni,wading,m,40.0,Y,night,,2003,9
Unprovoked,USA,Florida,surfing/bodyboarding,m,16.0,N,morning,,2003,9
Unprovoked,USA,Florida,surfing/bodyboarding,m,21.0,N,morning,,2003,9
Unprovoked,USA,Florida,surfing/bodyboarding,m,19.0,N,afternoon,,2003,9
Unprovoked,USA,Florida,surfing/bodyboarding,m,17.0,N,afternoon,,2003,9
Unprovoked,USA,Florida,surfing/bodyboarding,m,30.0,N,afternoon,,2003,9
Unprovoked,USA,Florida,surfing/bodyboarding,m,18.0,N,evening,,2003,9
Unprovoked,USA,South Carolina,wading,m,15.0,N,afternoon,,2003,9
Unprovoked,SOUTH AFRICA,Western Cape Province,surfing/bodyboarding,m,19.0,Y,afternoon,great white,2003,9
Unprovoked,USA,Florida,fishing,m,,N,,,2003,9
Unprovoked,USA,California,swimming,f,50.0,Y,morning,great white,2003,8
Unprovoked,SOUTH AFRICA,Eastern Cape Province,wading,m,16.0,N,morning,great white,2003,8
Unprovoked,AUSTRALIA,Northern Territory,small watercraft,m,37.0,N,,,2003,7
Unprovoked,USA,Florida,surfing/bodyboarding,m,18.0,N,afternoon,,2003,7
Unprovoked,USA,Florida,wading,f,15.0,N,afternoon,,2003,7
Unprovoked,BAHAMAS,Abaco Islands,dive fishing,m,58.0,N,afternoon,,2003,7
Unprovoked,USA,Florida,surfing/bodyboarding,m,21.0,N,,,2003,7
Unprovoked,BAHAMAS,Abaco Islands,dive fishing,m,39.0,N,afternoon,bull,2003,7
Unprovoked,USA,Florida,dive fishing,m,,N,,hammerhead,2003,7
Unprovoked,FRENCH POLYNESIA,Society Islands,dive fishing,m,,N,,,,
Unprovoked,NEW ZEALAND,Cook Islands,swimming,m,,N,,reef,2003,7
Unprovoked,USA,Florida,surfing/bodyboarding,m,17.0,N,afternoon,,2003,6
Unprovoked,USA,Florida,surfing/bodyboarding,m,15.0,N,morning,,2003,6
Unprovoked,BRAZIL,Pernambuco,,m,,Y,,,2003,6
Unprovoked,USA,Florida,wading,f,12.0,N,afternoon,,2003,6
Unprovoked,USA,Hawaii,swimming,m,60.0,N,morning,,2003,6
Unprovoked,USA,Johnston Atoll,swimming,m,51.0,N,afternoon,,2003,6
Unprovoked,USA,North Carolina,surfing/bodyboarding,m,33.0,N,afternoon,,2003,6
Unprovoked,USA,Florida,surfing/bodyboarding,,15.0,N,morning,,2003,6
Unprovoked,USA,Florida,surfing/bodyboarding,m,18.0,N,morning,,2003,5
Unprovoked,USA,Florida,wading,m,22.0,N,afternoon,,2003,5
Unprovoked,USA,Hawaii,swimming,m,20.0,N,morning,reef,2003,5
Unprovoked,USA,Florida,wading,f,9.0,N,afternoon,,2003,5
Unprovoked,PHILIPPINES,Baatan,,,,N,,great white,2003,5
Unprovoked,BRAZIL,Rio de Janeiro,swimming,m,16.0,N,evening,,2003,4
Unprovoked,BRAZIL,Pernambuco,surfing/bodyboarding,m,17.0,N,evening,bull,2003,4
Unprovoked,BRAZIL,Rio de Janeiro,swimming,m,7.0,N,,,2003,4
Unprovoked,USA,Florida,surfing/bodyboarding,m,36.0,N,afternoon,,2003,4
Unprovoked,USA,Florida,surfing/bodyboarding,m,17.0,N,afternoon,,2003,4
Unprovoked,USA,Florida,surfing/bodyboarding,m,30.0,N,afternoon,,2003,4
Unprovoked,USA,Florida,surfing/bodyboarding,m,23.0,N,morning,,2003,4
Unprovoked,USA,Florida,surfing/bodyboarding,m,18.0,N,afternoon,,2003,4
Unprovoked,USA,Florida,swimming,m,11.0,N,afternoon,,2003,4
Unprovoked,USA,Florida,surfing/bodyboarding,m,12.0,N,morning,,2003,4
Unprovoked,USA,Florida,swimming,m,20.0,N,afternoon,,2003,4
Unprovoked,VENEZUELA,Nueva Esparta,surfing/bodyboarding,m,28.0,N,,mako,2003,4
Unprovoked,USA,Florida,surfing/bodyboarding,m,,N,evening,,2003,4
Unprovoked,USA,Florida,surfing/bodyboarding,m,50.0,N,morning,,2003,4
Unprovoked,NEW ZEALAND,Southland,diving,m,44.0,N,morning,great white,2003,2
Unprovoked,AUSTRALIA,South Australia,wading,m,37.0,N,evening,,2003,2
Unprovoked,USA,Florida,swimming,m,54.0,N,afternoon,,2003,2
Unprovoked,AUSTRALIA,New South Wales,swimming,m,24.0,N,,nurse,2003,2
Unprovoked,AUSTRALIA,Queensland,swimming,m,84.0,Y,morning,bull,2003,2
Unprovoked,COSTA RICA,North Pacific coast,surfing/bodyboarding,m,,N,,bull,2003,1
Unprovoked,AUSTRALIA,Western Australia,surfing/bodyboarding,f,,N,afternoon,bronze whaler,2003,1
Unprovoked,AUSTRALIA,Queensland,swimming,f,18.0,N,,hammerhead,2002,12
Unprovoked,SOUTH AFRICA,Western Cape Province,swimming,m,25.0,N,afternoon,great white,2002,12
Unprovoked,AUSTRALIA,Queensland,diving,m,26.0,N,,wobbegong,2002,12
Unprovoked,AUSTRALIA,Queensland,swimming,m,23.0,Y,night,bull,2002,12
Unprovoked,BRAZIL,Pernambuco,surfing/bodyboarding,m,19.0,Y,,,2002,12
Unprovoked,MICRONESIA,Caroline Islands,diving,m,,N,afternoon,blacktip,2002,11
Unprovoked,USA,California,surfing/bodyboarding,m,48.0,N,morning,great white,2002,11
Unprovoked,USA,Hawaii,swimming,f,34.0,N,morning,,2002,11
Unprovoked,TURKS & CAICOS,Caicos Bank,swimming,f,41.0,N,morning,reef,2002,11
Unprovoked,USA,Florida,surfing/bodyboarding,m,21.0,N,afternoon,,2002,11
Unprovoked,USA,Florida,surfing/bodyboarding,m,16.0,N,afternoon,,2002,11
Unprovoked,FRENCH POLYNESIA,Society Islands,wading,m,52.0,N,,,2002,11
Unprovoked,USA,Hawaii,swimming,f,60.0,N,morning,,2002,10
Unprovoked,BRAZIL,Pernambuco,swimming,m,36.0,Y,afternoon,tiger,2002,10
Unprovoked,USA,Florida,surfing/bodyboarding,m,21.0,N,evening,,2002,10
Unprovoked,USA,Florida,surfing/bodyboarding,m,14.0,N,afternoon,spinner,2002,10
Unprovoked,USA,Florida,surfing/bodyboarding,m,35.0,N,afternoon,,2002,10
Unprovoked,USA,Florida,surfing/bodyboarding,m,18.0,N,afternoon,,2002,10
Unprovoked,USA,Florida,surfing/bodyboarding,m,47.0,N,afternoon,,2002,9
Unprovoked,USA,Florida,surfing/bodyboarding,m,32.0,N,morning,,2002,9
Unprovoked,USA,Hawaii,fishing,m,55.0,N,afternoon,blacktip,2002,9
Unprovoked,USA,Oregon,surfing/bodyboarding,m,24.0,N,,,2002,9
Unprovoked,USA,California,surfing/bodyboarding,m,35.0,N,morning,,2002,9
Unprovoked,BRAZIL,Pernambuco,swimming,m,19.0,N,afternoon,tiger,2002,9
Unprovoked,USA,Hawaii,surfing/bodyboarding,,,N,morning,,2002,9
Unprovoked,SOUTH AFRICA,Western Cape Province,small watercraft,m,47.0,N,afternoon,great white,2002,9
Unprovoked,USA,Florida,surfing/bodyboarding,m,20.0,N,afternoon,,2002,9
Unprovoked,USA,Hawaii,surfing/bodyboarding,m,16.0,N,afternoon,tiger,2002,8
Unprovoked,USA,Alabama,swimming,f,29.0,N,evening,,2002,8
Unprovoked,USA,Florida,surfing/bodyboarding,m,27.0,N,afternoon,,2002,8
Unprovoked,USA,Florida,surfing/bodyboarding,m,15.0,N,afternoon,nurse,2002,8
Unprovoked,USA,Florida,wading,m,15.0,N,afternoon,,2002,8
Unprovoked,USA,North Carolina,wading,m,14.0,N,morning,,2002,8
Unprovoked,USA,South Carolina,surfing/bodyboarding,m,13.0,N,evening,blacktip,2002,7
Unprovoked,USA,North Carolina,swimming,f,15.0,N,evening,bull,2002,7
Unprovoked,BRAZIL,Pernambuco,surfing/bodyboarding,m,22.0,N,afternoon,tiger,2002,7
Unprovoked,USA,North Carolina,wading,f,9.0,N,evening,bull,2002,7
Unprovoked,AUSTRALIA,Queensland,surfing/bodyboarding,m,30.0,N,morning,,2002,6
Unprovoked,USA,Florida,swimming,f,11.0,N,afternoon,,2002,6
Unprovoked,PAPUA NEW GUINEA,Louisiade Archipelago,,,,N,,,2002,6
Unprovoked,PAPUA NEW GUINEA,Louisiade Archipelago,,,,Y,,,2002,6
Unprovoked,USA,Hawaii,wading,,,N,night,tiger,2002,6
Unprovoked,USA,Florida,surfing/bodyboarding,m,28.0,N,afternoon,,2002,6
Unprovoked,USA,Florida,surfing/bodyboarding,m,50.0,N,morning,,2002,6
Unprovoked,USA,Florida,swimming,m,10.0,N,afternoon,,2002,6
Unprovoked,SOUTH AFRICA,KwaZulu-Natal between Port Edward and Port St Johns,swimming,m,50.0,N,,bronze whaler,2002,6
Unprovoked,USA,California,surfing/bodyboarding,m,24.0,N,afternoon,great white,2002,5
Unprovoked,USA,Florida,small watercraft,m,16.0,N,afternoon,,2002,5
Unprovoked,USA,Florida,swimming,m,35.0,N,morning,,2002,5
Unprovoked,COSTA RICA,Guanacaste,surfing/bodyboarding,m,,N,,bull,2002,5
Unprovoked,PAPUA NEW GUINEA,Milne Bay Province,,m,14.0,N,,,2002,5
Unprovoked,USA,Florida,fishing,m,31.0,N,,,2002,5
Unprovoked,BRAZIL,Pernambuco,surfing/bodyboarding,m,40.0,N,evening,,2002,5
Unprovoked,AUSTRALIA,South Australia,diving,m,23.0,Y,afternoon,great white,2002,4
Unprovoked,USA,Florida,wading,m,34.0,N,morning,,2002,4
Unprovoked,USA,Florida,surfing/bodyboarding,m,28.0,N,morning,,2002,4
Unprovoked,AUSTRALIA,New South Wales,swimming,m,45.0,N,evening,,2002,4
Unprovoked,BAHAMAS,Abaco Islands,wading,m,43.0,N,morning,bull,2002,4
Unprovoked,USA,Florida,wading,m,41.0,N,afternoon,,2002,4
Unprovoked,USA,Florida,wading,m,29.0,N,morning,,2002,4
Unprovoked,USA,Hawaii,surfing/bodyboarding,m,17.0,N,afternoon,tiger,2002,3
Unprovoked,USA,Florida,wading,f,11.0,N,morning,,2002,3
Unprovoked,BRAZIL,Pernambuco,swimming,m,16.0,Y,evening,,2002,3
Unprovoked,USA,Florida,surfing/bodyboarding,m,20.0,N,afternoon,,2002,3
Unprovoked,USA,Florida,swimming,m,39.0,N,morning,nurse,2002,3
Unprovoked,USA,Florida,surfing/bodyboarding,m,31.0,N,morning,spinner,2002,3
Unprovoked,TURKS & CAICOS,,adrift,m,,Y,,,2002,2
Unprovoked,AUSTRALIA,Queensland,surfing/bodyboarding,m,,N,morning,,2002,2
Unprovoked,FIJI,Cikobia Island (north of Vanua Levu),,m,15.0,Y,evening,,2002,2
Unprovoked,AUSTRALIA,New South Wales,surfing/bodyboarding,m,20.0,N,evening,tiger,2002,1
Unprovoked,AUSTRALIA,Western Australia,swimming,m,32.0,N,,,2002,1
Unprovoked,SOUTH AFRICA,KwaZulu-Natal,fishing,m,16.0,N,night,bull,2002,1
Unprovoked,BRAZIL,Pernambuco,swimming,,,Y,,,2002,1
Unprovoked,SOUTH AFRICA,KwaZulu-Natal,small watercraft,m,26.0,N,evening,,2002,1
Unprovoked,USA,Hawaii,swimming,m,35.0,N,afternoon,tiger,2002,1
Unprovoked,AUSTRALIA,New South Wales,surfing/bodyboarding,m,49.0,N,,bronze whaler,2001,11
Unprovoked,USA,Hawaii,surfing/bodyboarding,,,N,evening,,2001,11
Unprovoked,SOUTH AFRICA,KwaZulu-Natal,SUP/foiling,m,,N,,mako,2001,10
Unprovoked,AUSTRALIA,Queensland,swimming,f,20.0,N,afternoon,bronze whaler,2001,10
Unprovoked,MEXICO,Guerrero,surfing/bodyboarding,m,26.0,N,morning,tiger,2001,9
Unprovoked,USA,Florida,surfing/bodyboarding,m,14.0,N,afternoon,,2001,9
Unprovoked,USA,Florida,surfing/bodyboarding,m,,N,afternoon,,2001,9
Unprovoked,USA,North Carolina,surfing/bodyboarding,m,16.0,N,afternoon,,2001,9
Unprovoked,USA,Florida,wading,m,13.0,N,evening,,2001,9
Unprovoked,USA,North Carolina,swimming,m,28.0,Y,evening,great white,2001,9
Unprovoked,USA,North Carolina,swimming,f,23.0,N,evening,great white,2001,9
Unprovoked,USA,Florida,wading,m,20.0,N,afternoon,,2001,9
Unprovoked,USA,Virginia,swimming,m,10.0,Y,evening,bull,2001,9
Unprovoked,BAHAMAS,Abaco Islands,dive fishing,m,44.0,N,afternoon,bull,2001,8
Unprovoked,USA,Florida,wading,f,29.0,N,afternoon,,2001,8
Unprovoked,USA,Florida,wading,m,69.0,N,afternoon,,2001,8
Unprovoked,USA,Florida,surfing/bodyboarding,m,18.0,N,afternoon,,2001,8
Unprovoked,USA,Florida,surfing/bodyboarding,m,18.0,N,afternoon,,2001,8
Unprovoked,USA,Florida,surfing/bodyboarding,m,17.0,N,afternoon,,2001,8
Unprovoked,USA,Florida,surfing/bodyboarding,m,27.0,N,afternoon,,2001,8
Unprovoked,USA,Florida,surfing/bodyboarding,m,32.0,N,afternoon,,2001,8
Unprovoked,USA,Florida,surfing/bodyboarding,f,17.0,N,afternoon,,2001,8
Unprovoked,USA,Florida,surfing/bodyboarding,f,17.0,N,morning,,2001,8
Unprovoked,USA,Florida,surfing/bodyboarding,m,20.0,N,afternoon,spinner,2001,8
Unprovoked,USA,Florida,surfing/bodyboarding,m,19.0,N,afternoon,spinner,2001,8
Unprovoked,USA,Florida,surfing/bodyboarding,m,19.0,N,morning,blacktip,2001,8
Unprovoked,BAHAMAS,Grand Bahama Island,dive fishing,m,43.0,N,afternoon,bull,2001,8
Unprovoked,THAILAND,Rayong Province,adrift,m,,N,,,2001,8
Unprovoked,USA,South Carolina,,f,,N,,,2001,8
Unprovoked,BAHAMAS,Grand Bahama Island,swimming,m,36.0,N,morning,,2001,8
Unprovoked,USA,South Carolina,,f,,N,,,2001,7
Unprovoked,USA,Florida,,m,,N,afternoon,,2001,7
Unprovoked,USA,Florida,,f,,N,,nurse,2001,7
Unprovoked,USA,Florida,surfing/bodyboarding,m,48.0,N,afternoon,,2001,7
Unprovoked,USA,Florida,surfing/bodyboarding,m,18.0,N,afternoon,,2001,7
Unprovoked,MEXICO,Baja California,surfing/bodyboarding,m,42.0,N,evening,,2001,7
Unprovoked,USA,Florida,swimming,m,8.0,N,evening,bull,2001,7
Unprovoked,USA,South Carolina,,,,N,,,2001,7
Unprovoked,USA,Georgia,swimming,m,35.0,N,evening,,2001,7
Unprovoked,USA,Texas,swimming,m,14.0,N,,,2001,6
Unprovoked,USA,South Carolina,wading,f,29.0,N,afternoon,,2001,6
Unprovoked,USA,Texas,,m,16.0,N,,,2001,5
Unprovoked,USA,South Carolina,swimming,m,11.0,N,,,2001,5
Unprovoked,USA,South Carolina,swimming,m,,N,evening,,2001,5
Unprovoked,SOUTH AFRICA,Eastern Cape Province,surfing/bodyboarding,m,26.0,N,,great white,2001,5
Unprovoked,AUSTRALIA,New South Wales,surfing/bodyboarding,m,,N,evening,,2001,5
Unprovoked,USA,Florida,surfing/bodyboarding,m,45.0,N,evening,,2001,5
Unprovoked,FIJI,Taveuni,dive fishing,m,,Y,,,2001,5
Unprovoked,USA,Florida,surfing/bodyboarding,m,14.0,N,afternoon,,2001,4
Unprovoked,USA,Florida,surfing/bodyboarding,m,16.0,N,morning,,2001,4
Unprovoked,USA,Florida,surfing/bodyboarding,m,12.0,N,morning,spinner,2001,4
Unprovoked,USA,Florida,,m,,N,afternoon,,2001,4
Unprovoked,USA,Florida,surfing/bodyboarding,m,38.0,N,afternoon,,2001,4
Unprovoked,USA,Florida,surfing/bodyboarding,m,21.0,N,afternoon,spinner,2001,4
Unprovoked,USA,Florida,surfing/bodyboarding,m,12.0,N,afternoon,spinner,2001,4
Unprovoked,USA,Florida,surfing/bodyboarding,m,22.0,N,morning,spinner,2001,4
Unprovoked,USA,Florida,surfing/bodyboarding,m,19.0,N,evening,spinner,2001,4
Unprovoked,USA,Florida,surfing/bodyboarding,m,22.0,N,afternoon,,2001,4
Unprovoked,USA,Hawaii,surfing/bodyboarding,m,,N,morning,reef,2001,4
Unprovoked,USA,Florida,surfing/bodyboarding,,16.0,N,,spinner,2001,4
Unprovoked,SOUTH AFRICA,Eastern Cape Province,surfing/bodyboarding,m,46.0,N,morning,great white,2001,4
Unprovoked,USA,Florida,wading,m,26.0,N,afternoon,,2001,4
Unprovoked,BRAZIL,Rio Grande de Norte,,f,12.0,N,,,,
Unprovoked,AUSTRALIA,New South Wales,surfing/bodyboarding,m,40.0,N,morning,bronze whaler,2001,4
Unprovoked,USA,Hawaii,surfing/bodyboarding,m,,N,afternoon,,2001,3
Unprovoked,USA,Florida,surfing/bodyboarding,m,,N,,spinner,2001,3
Unprovoked,BRAZIL,Pernambuco,swimming,m,20.0,Y,,,2001,3
Unprovoked,AUSTRALIA,New South Wales,surfing/bodyboarding,m,40.0,N,afternoon,bronze whaler,2001,2
Unprovoked,CUBA,Holquin Province,swimming,f,55.0,N,,,2001,1
Unprovoked,USA,California,surfing/bodyboarding,m,,N,,,2001,1
Unprovoked,AUSTRALIA,Queensland,diving,m,23.0,N,,,2000,12
Unprovoked,FIJI,Taveuni,swimming,m,47.0,Y,afternoon,,2000,12
Unprovoked,CANADA,New Brunswick,diving,m,30.0,N,,,2000,12
Unprovoked,AUSTRALIA,Queensland,dive fishing,m,38.0,N,morning,bronze whaler,2000,12
Unprovoked,NEW ZEALAND,Cook Islands,surfing/bodyboarding,f,,Y,,,2000,12
Unprovoked,AUSTRALIA,Queensland,diving,m,28.0,N,,tiger,2000,11
Unprovoked,USA,Florida,swimming,m,73.0,N,afternoon,,2000,11
Unprovoked,AUSTRALIA,Western Australia,swimming,m,52.0,N,morning,great white,2000,11
Unprovoked,AUSTRALIA,Western Australia,swimming,m,49.0,Y,morning,great white,2000,11
Unprovoked,USA,California,surfing/bodyboarding,m,27.0,N,afternoon,great white,2000,11
Unprovoked,USA,Florida,surfing/bodyboarding,m,23.0,N,evening,,2000,10
Unprovoked,USA,Hawaii,swimming,f,56.0,N,morning,tiger,2000,10
Unprovoked,USA,Florida,swimming,m,69.0,N,afternoon,,2000,10
Unprovoked,USA,Florida,surfing/bodyboarding,m,17.0,N,morning,,2000,10
Unprovoked,USA,Florida,surfing/bodyboarding,m,23.0,N,afternoon,blacktip,2000,10
Unprovoked,USA,Florida,surfing/bodyboarding,m,11.0,N,afternoon,,2000,10
Unprovoked,USA,North Carolina,surfing/bodyboarding,m,24.0,N,afternoon,,2000,10
Unprovoked,USA,California,wading,m,,N,morning,great white,2000,9
Unprovoked,AUSTRALIA,South Australia,surfing/bodyboarding,m,17.0,Y,afternoon,great white,2000,9
Unprovoked,AUSTRALIA,South Australia,surfing/bodyboarding,m,25.0,Y,morning,great white,2000,9
Unprovoked,OKINAWA,Miyako Island,surfing/bodyboarding,m,31.0,Y,evening,great white,2000,9
Unprovoked,USA,South Carolina,,,,N,,,2000,9
Unprovoked,USA,Florida,wading,m,49.0,N,evening,,2000,9
Unprovoked,USA,Florida,surfing/bodyboarding,f,26.0,N,afternoon,,2000,9
Unprovoked,USA,Florida,surfing/bodyboarding,m,25.0,N,afternoon,,2000,9
Unprovoked,USA,Florida,swimming,m,8.0,N,evening,,2000,9
Unprovoked,SOUTH AFRICA,Western Cape Province,diving,m,48.0,N,morning,great white,2000,9
Unprovoked,TANZANIA,,swimming,m,28.0,Y,,bull,2000,9
Unprovoked,USA,Florida,wading,m,40.0,N,morning,,2000,9
Unprovoked,REUNION,Saint-Pierre,surfing/bodyboarding,m,27.0,N,evening,tiger,2000,9
Unprovoked,TANZANIA,,swimming,,,Y,,bull,,
Unprovoked,USA,Florida,swimming,m,47.0,N,afternoon,,2000,8
Unprovoked,USA,Florida,swimming,m,69.0,Y,afternoon,bull,2000,8
Unprovoked,USA,North Carolina,swimming,m,,N,,,2000,8
Unprovoked,USA,Hawaii,wading,m,53.0,N,morning,tiger,2000,8
Unprovoked,USA,Florida,wading,m,27.0,N,afternoon,,2000,8
Unprovoked,USA,Florida,wading,f,44.0,N,afternoon,blacktip,2000,8
Unprovoked,TANZANIA,,swimming,,,Y,,bull,2000,8
Unprovoked,USA,Florida,,m,5.0,N,,,2000,7
Unprovoked,USA,Florida,swimming,f,45.0,N,,nurse,2000,7
Unprovoked,USA,North Carolina,surfing/bodyboarding,m,16.0,N,,,2000,7
Unprovoked,USA,North Carolina,surfing/bodyboarding,m,14.0,N,,,2000,7
Unprovoked,SOUTH AFRICA,Eastern Cape Province,surfing/bodyboarding,m,15.0,N,,,2000,7
Unprovoked,SOUTH AFRICA,Eastern Cape Province,surfing/bodyboarding,m,18.0,N,,,2000,7
Unprovoked,SOUTH AFRICA,KwaZulu-Natal,surfing/bodyboarding,m,,N,evening,,2000,7
Unprovoked, TONGA,Minerva Reef,diving,m,69.0,N,,reef,2000,7
Unprovoked,USA,Florida,wading,m,13.0,N,afternoon,,2000,7
Unprovoked,USA,Florida,swimming,m,41.0,N,evening,,2000,7
Unprovoked,USA,Texas,swimming,m,5.0,N,,lemon,2000,7
Unprovoked,USA,North Carolina,swimming,f,12.0,N,afternoon,tiger,2000,7
Unprovoked,USA,Florida,wading,f,20.0,N,evening,,2000,7
Unprovoked,USA,Florida,dive fishing,f,55.0,N,afternoon,nurse,2000,7
Unprovoked,USA,Florida,wading,f,13.0,N,evening,,2000,7
Unprovoked,USA,Florida,wading,f,19.0,N,afternoon,spinner,2000,7
Unprovoked,TANZANIA,,swimming,,,Y,,bull,2000,7
Unprovoked,PAPUA NEW GUINEA,Madang Province,,m,,Y,,,2000,6
Unprovoked,USA,Florida,wading,m,52.0,N,morning,,2000,6
Unprovoked,USA,Texas,surfing/bodyboarding,m,17.0,N,afternoon,blacktip,2000,6
Unprovoked,USA,Alabama,swimming,m,55.0,N,morning,bull,2000,6
Unprovoked,USA,Alabama,swimming,m,44.0,N,morning,bull,2000,6
Unprovoked,USA,Florida,swimming,m,13.0,N,afternoon,,2000,6
Unprovoked,TANZANIA,,swimming,m,,Y,,bull,,
Unprovoked,PAPUA NEW GUINEA,Madang Province,wading,m,9.0,N,,,2000,5
Unprovoked,PAPUA NEW GUINEA,Madang Province,diving,m,,Y,,,2000,5
Unprovoked,USA,Florida,wading,m,34.0,N,morning,,2000,4
Unprovoked,USA,Florida,wading,m,,N,afternoon,,2000,4
Unprovoked,USA,Florida,fishing,m,,N,,,2000,3
Unprovoked,AUSTRALIA,Queensland,swimming,m,26.0,N,afternoon,,2000,3
Unprovoked,USA,Florida,surfing/bodyboarding,f,14.0,N,morning,,2000,3
Unprovoked,USA,Florida,surfing/bodyboarding,m,37.0,N,afternoon,,2000,3
Unprovoked,NEW CALEDONIA,North Province,dive fishing,m,35.0,Y,morning,tiger,2000,3
Unprovoked,AUSTRALIA,New South Wales,surfing/bodyboarding,m,,N,evening,tiger,2000,3
Unprovoked,AUSTRALIA,New South Wales,swimming,m,,N,,,2000,3
Unprovoked,USA,Louisiana,dive fishing,m,39.0,N,afternoon,mako,2000,3
Unprovoked,USA,Florida,,m,27.0,N,afternoon,,2000,2
Unprovoked,SOUTH AFRICA,Western Cape Province,surfing/bodyboarding,m,,N,afternoon,great white,2000,2
Unprovoked,NEW ZEALAND,South Island,surfing/bodyboarding,m,12.0,N,,,2000,2
Unprovoked,AUSTRALIA,South Australia,surfing/bodyboarding,m,26.0,N,,,2000,2
Unprovoked,THAILAND,Phang nga Province,diving,m,35.0,Y,,,2000,1
Unprovoked,NEW ZEALAND,South Island,surfing/bodyboarding,m,15.0,N,,sevengill,1999,12
Unprovoked,NEW ZEALAND,South Island,swimming,f,13.0,N,,sevengill,1999,12
Unprovoked,NEW ZEALAND,South Island,wading,f,12.0,N,,sevengill,1999,12
Unprovoked,BRAZIL,Pernambuco,surfing/bodyboarding,m,18.0,N,,tiger,1999,12
Unprovoked,USA,Florida,surfing/bodyboarding,m,35.0,N,afternoon,,1999,12
Unprovoked,USA,Florida,surfing/bodyboarding,m,19.0,N,afternoon,,1999,11
Unprovoked,USA,Hawaii,swimming,f,51.0,N,evening,tiger,1999,11
Unprovoked,USA,California,wading,m,,N,,great white,1999,11
Unprovoked,SOUTH AFRICA,KwaZulu-Natal,surfing/bodyboarding,m,35.0,N,,great white,1999,11
Unprovoked,BRAZIL,Rio de Janeiro,dive fishing,m,39.0,N,morning,,1999,11
Unprovoked,MARSHALL ISLANDS,Alinglaplap Atoll,swimming,m,12.0,N,,reef,1999,11
Unprovoked,MARSHALL ISLANDS,Alinglaplap Atoll,swimming,m,12.0,N,,reef,1999,11
Unprovoked,USA,Florida,surfing/bodyboarding,m,45.0,N,evening,,1999,10
Unprovoked,USA,Florida,surfing/bodyboarding,m,13.0,N,afternoon,,1999,10
Unprovoked,USA,Florida,surfing/bodyboarding,m,,N,afternoon,lemon,1999,10
Unprovoked,USA,Hawaii,wading,m,16.0,N,evening,tiger,1999,10
Unprovoked,USA,Florida,wading,m,22.0,N,evening,,1999,9
Unprovoked,USA,Florida,wading,f,61.0,N,,,1999,9
Unprovoked,USA,South Carolina,wading,f,10.0,N,afternoon,,1999,9
Unprovoked,USA,Florida,surfing/bodyboarding,m,13.0,N,,,1999,9
Unprovoked,USA,Florida,wading,m,39.0,N,evening,,1999,9
Unprovoked,USA,Florida,surfing/bodyboarding,m,28.0,N,afternoon,,1999,8
Unprovoked,USA,North Carolina,surfing/bodyboarding,m,,N,,,1999,8
Unprovoked,MARSHALL ISLANDS,Ralik Chain,fishing,m,23.0,N,morning,,1999,8
Unprovoked,USA,Florida,surfing/bodyboarding,m,17.0,N,evening,,1999,8
Unprovoked,USA,South Carolina,wading,m,10.0,N,evening,,1999,8
Unprovoked,USA,Florida,surfing/bodyboarding,m,62.0,N,morning,,1999,8
Unprovoked,BAHAMAS,Abaco Islands,dive fishing,m,35.0,N,evening,reef,1999,8
Unprovoked,SOUTH AFRICA,Western Cape Province,surfing/bodyboarding,m,42.0,N,afternoon,great white,1999,7
Unprovoked,USA,Florida,swimming,m,43.0,N,evening,bull,1999,7
Unprovoked,USA,Hawaii,surfing/bodyboarding,m,43.0,N,morning,tiger,1999,7
Unprovoked,SOUTH AFRICA,Western Cape Province,surfing/bodyboarding,m,14.0,Y,morning,great white,1999,7
Unprovoked,USA,South Carolina,,m,,N,,,1999,7
Unprovoked,USA,Florida,wading,f,30.0,N,afternoon,blacktip,1999,7
Unprovoked,SOUTH AFRICA,Eastern Cape Province,surfing/bodyboarding,m,29.0,N,morning,great white,1999,7
Unprovoked,USA,Florida,adrift,m,20.0,N,,,1999,6
Unprovoked,USA,Florida,surfing/bodyboarding,m,21.0,N,morning,,1999,6
Unprovoked,USA,Florida,swimming,m,41.0,N,afternoon,,1999,6
Unprovoked,USA,Florida,wading,m,5.0,N,afternoon,spinner,1999,6
Unprovoked,AUSTRALIA,South Australia,surfing/bodyboarding,m,22.0,Y,afternoon,great white,1999,5
Unprovoked,BRAZIL,Pernambuco,surfing/bodyboarding,m,21.0,N,afternoon,tiger,1999,5
Unprovoked,MAURITIUS,Grand Baie,swimming,f,41.0,N,morning,reef,1999,4
Unprovoked,REUNION,L' Etang Salé-les-Bains,swimming,m,52.0,Y,morning,bull,1999,4
Unprovoked,USA,Florida,surfing/bodyboarding,m,14.0,N,,,1999,4
Unprovoked,NEW ZEALAND,South Island,dive fishing,m,,N,,sevengill,1999,3
Unprovoked,USA,Hawaii,small watercraft,f,29.0,Y,evening,,1999,3
Unprovoked,NEW CALEDONIA,Loyalty Islands,dive fishing,m,,N,morning,,1999,3
Unprovoked,USA,Hawaii,surfing/bodyboarding,m,18.0,N,,,1999,3
Unprovoked,USA,Hawaii,swimming,f,29.0,N,morning,,1999,3
Unprovoked,AUSTRALIA,New South Wales,surfing/bodyboarding,m,35.0,N,evening,bronze whaler,1999,2
Unprovoked,USA,Florida,surfing/bodyboarding,m,25.0,N,afternoon,spinner,1999,2
Unprovoked,MAURITIUS,,dive fishing,m,47.0,N,,bull,1999,1
Unprovoked,SOUTH AFRICA,Eastern Cape Province,,m,,N,,great white,1999,1
Unprovoked,REUNION,Saint-Leu,dive fishing,,,Y,,bull,1999,1
Unprovoked,SOUTH AFRICA,Western Cape Province,dive fishing,m,30.0,N,afternoon,great white,1999,
Unprovoked,AUSTRALIA,South Australia,wading,f,21.0,N,afternoon,,1998,12
Unprovoked,SOUTH AFRICA,Eastern Cape Province,surfing/bodyboarding,m,18.0,N,evening,great white,1998,12
Unprovoked,SOUTH AFRICA,Eastern Cape Province,,m,14.0,N,,,1998,12
Unprovoked,AUSTRALIA,South Australia,surfing/bodyboarding,f,21.0,N,afternoon,,1998,12
Unprovoked,USA,Florida,swimming,m,9.0,Y,afternoon,tiger,1998,11
Unprovoked,USA,Florida,surfing/bodyboarding,m,14.0,N,morning,,1998,11
Unprovoked,USA,Florida,wading,m,13.0,N,evening,,1998,11
Unprovoked,USA,Oregon,surfing/bodyboarding,m,32.0,N,,great white,1998,11
Unprovoked,BRAZIL,Pernambuco,surfing/bodyboarding,m,22.0,Y,afternoon,great white,1998,11
Unprovoked,USA,Florida,swimming,f,17.0,N,afternoon,,1998,10
Unprovoked,SOUTH AFRICA,Eastern Cape Province,surfing/bodyboarding,m,30.0,N,,,1998,10
Unprovoked,USA,Florida,surfing/bodyboarding,m,,N,,,1998,10
Unprovoked,BRAZIL,Pernambuco,surfing/bodyboarding,m,17.0,N,,,1998,10
Unprovoked,REUNION,Saint-Benoît,diving,,,N,,,1998,10
Unprovoked,USA,Florida,,m,28.0,N,afternoon,,1998,10
Unprovoked,USA,Florida,surfing/bodyboarding,m,6.0,N,,,1998,9
Unprovoked,USA,Florida,surfing/bodyboarding,m,18.0,N,afternoon,,1998,9
Unprovoked,SOUTH AFRICA,Eastern Cape Province,wading,m,,N,evening,,1998,9
Unprovoked,USA,Florida,surfing/bodyboarding,m,28.0,N,,,1998,9
Unprovoked,USA,Florida,surfing/bodyboarding,m,26.0,N,evening,,1998,8
Unprovoked,USA,California,surfing/bodyboarding,m,16.0,N,afternoon,great white,1998,8
Unprovoked,USA,Virginia,dive fishing,m,,N,,dusky,1998,8
Unprovoked,BAHAMAS,Berry Islands,dive fishing,m,28.0,N,afternoon,reef,1998,8
Unprovoked,USA,Florida,surfing/bodyboarding,m,11.0,N,,,1998,8
Unprovoked,SOUTH AFRICA,Western Cape Province,surfing/bodyboarding,m,19.0,N,,great white,1998,8
Unprovoked,SOUTH AFRICA,Western Cape Province,dive fishing,m,24.0,N,afternoon,great white,1998,8
Unprovoked,BRAZIL,Pernambuco,surfing/bodyboarding,m,,N,evening,,1998,7
Unprovoked,USA,Florida,surfing/bodyboarding,m,13.0,N,evening,,1998,7
Unprovoked,SOUTH AFRICA,Western Cape Province,wading,m,47.0,N,,raggedtooth,1998,7
Unprovoked,SOUTH AFRICA,Eastern Cape Province,surfing/bodyboarding,m,16.0,N,morning,,1998,7
Unprovoked,SOUTH AFRICA,Western Cape Province,surfing/bodyboarding,m,10.0,N,,raggedtooth,1998,7
Unprovoked,AUSTRALIA,South Australia,diving,m,26.0,Y,afternoon,great white,1998,6
Unprovoked,SOUTH AFRICA,Eastern Cape Province,surfing/bodyboarding,m,20.0,Y,morning,great white,1998,6
Unprovoked,USA,Florida,surfing/bodyboarding,m,18.0,N,evening,,1998,6
Unprovoked,SOUTH AFRICA,Eastern Cape Province,surfing/bodyboarding,m,,N,,,1998,6
Unprovoked,SOUTH AFRICA,Eastern Cape Province,surfing/bodyboarding,m,17.0,N,,,1998,5
Unprovoked,SOUTH AFRICA,Eastern Cape Province,surfing/bodyboarding,m,15.0,N,,great white,1998,5
Unprovoked,SOUTH AFRICA,Eastern Cape Province,surfing/bodyboarding,m,16.0,N,afternoon,,1998,5
Unprovoked,USA,Florida,surfing/bodyboarding,m,40.0,N,morning,lemon,1998,5
Unprovoked,USA,Florida,swimming,f,14.0,N,afternoon,blacktip,1998,5
Unprovoked,USA,Florida,surfing/bodyboarding,m,24.0,N,afternoon,,1998,5
Unprovoked,SOUTH AFRICA,Western Cape Province,surfing/bodyboarding,m,22.0,N,afternoon,great white,1998,5
Unprovoked,MOZAMBIQUE,Gaza,swimming,f,35.0,Y,afternoon,,1998,4
Unprovoked,USA,Oregon,wading,m,50.0,N,morning,great white,1998,4
Unprovoked,BRAZIL,Pernambuco,swimming,m,,Y,,,1998,4
Unprovoked,NEW CALEDONIA,,,,,N,,,1998,4
Unprovoked,USA,Florida,swimming,m,40.0,N,afternoon,,1998,3
Unprovoked,SOUTH AFRICA,Western Cape Province,fishing,m,33.0,N,evening,great white,1998,3
Unprovoked,USA,Florida,SUP/foiling,m,32.0,N,morning,spinner,1998,3
Unprovoked,USA,Florida,swimming,m,,N,morning,spinner,1998,2
Unprovoked,NEW CALEDONIA,South Province,surfing/bodyboarding,m,,N,,,1998,1
Unprovoked,REUNION,Grand'Anse,wading,m,,Y,afternoon,,1998,1
Unprovoked,SOUTH AFRICA,Eastern Cape Province,surfing/bodyboarding,m,21.0,N,,,1998,1
Unprovoked,AUSTRALIA,South Australia,surfing/bodyboarding,m,,N,afternoon,,1998,1
Unprovoked,MOZAMBIQUE,Maputo Province,surfing/bodyboarding,m,23.0,N,afternoon,dusky,1998,1
Unprovoked,SOUTH AFRICA,Eastern Cape Province,surfing/bodyboarding,m,28.0,Y,,,1998,
Unprovoked,REUNION,Beaufonds,diving,,,Y,,,1998,
Unprovoked,USA,Virginia,wading,m,,N,,tiger,1998,1
Unprovoked,SOUTH AFRICA,Western Cape Province,dive fishing,m,39.0,Y,afternoon,great white,1997,12
Unprovoked,SOUTH AFRICA,Eastern Cape Province,wading,m,,N,,,1997,12
Unprovoked,USA,Florida,swimming,m,8.0,N,,,1997,12
Unprovoked,AUSTRALIA,Western Australia,diving,m,42.0,N,morning,great white,1997,11
Unprovoked,USA,Florida,swimming,m,32.0,N,morning,,1997,11
Unprovoked,AUSTRALIA,Western Australia,small watercraft,m,51.0,N,,great white,1997,10
Unprovoked,USA,Hawaii,surfing/bodyboarding,m,19.0,N,morning,tiger,1997,10
Unprovoked,USA,Florida,surfing/bodyboarding,m,23.0,N,evening,blacktip,1997,10
Unprovoked,USA,Florida,surfing/bodyboarding,m,12.0,N,evening,,1997,10
Unprovoked,USA,Florida,swimming,f,14.0,N,morning,,1997,10
Unprovoked,BRAZIL,Pernambuco,swimming,m,20.0,Y,,,1997,9
Unprovoked,USA,Florida,surfing/bodyboarding,m,12.0,N,evening,,1997,9
Unprovoked,USA,Florida,surfing/bodyboarding,,17.0,N,evening,blacktip,1997,9
Unprovoked,USA,Florida,surfing/bodyboarding,m,20.0,N,afternoon,,1997,9
Unprovoked,USA,Florida,surfing/bodyboarding,m,18.0,N,afternoon,,1997,8
Unprovoked,USA,Florida,wading,m,22.0,N,morning,,1997,8
Unprovoked,USA,California,wading,m,29.0,N,afternoon,great white,1997,8
Unprovoked,MEXICO,Quintana Roo,diving,m,33.0,Y,,tiger,1997,8
Unprovoked,USA,Florida,small watercraft,f,12.0,N,afternoon,,1997,8
Unprovoked,EGYPT,Red Sea,fishing,m,17.0,N,,,1997,8
Unprovoked,EGYPT,Red Sea,fishing,m,16.0,Y,,whitetip,1997,8
Unprovoked,USA,Florida,surfing/bodyboarding,m,17.0,N,morning,,1997,8
Unprovoked,USA,Florida,surfing/bodyboarding,m,,N,evening,,1997,8
Unprovoked,USA,Texas,wading,f,10.0,N,,,1997,8
Unprovoked,USA,Florida,fishing,m,,N,,,1997,8
Unprovoked,USA,Florida,surfing/bodyboarding,m,17.0,N,afternoon,,1997,8
Unprovoked,USA,Florida,wading,m,19.0,N,morning,,1997,8
Unprovoked,AUSTRALIA,Queensland,surfing/bodyboarding,m,19.0,N,afternoon,,1997,7
Unprovoked,SOUTH AFRICA,Eastern Cape Province,surfing/bodyboarding,m,25.0,Y,afternoon,great white,1997,7
Unprovoked,BRAZIL,Pernambuco,surfing/bodyboarding,m,,N,,,1997,7
Unprovoked,USA,South Carolina,wading,m,50.0,N,night,blacktip,1997,7
Unprovoked,OKINAWA,Miyako,fishing,m,55.0,Y,,great white,1997,7
Unprovoked,BRAZIL,Pernambuco,surfing/bodyboarding,,,N,,,1997,7
Unprovoked,USA,Hawaii,dive fishing,m,,N,night,,1997,6
Unprovoked,FIJI,Taveuni,swimming,f,47.0,N,afternoon,tiger,1997,6
Unprovoked,USA,Florida,surfing/bodyboarding,m,18.0,N,evening,spinner,1997,6
Unprovoked,USA,Florida,surfing/bodyboarding,m,33.0,N,morning,spinner,1997,6
Unprovoked,USA,Florida,dive fishing,m,35.0,N,morning,,1997,5
Unprovoked,USA,Florida,surfing/bodyboarding,m,34.0,N,morning,,1997,5
Unprovoked,USA,Florida,surfing/bodyboarding,m,12.0,N,morning,,1997,5
Unprovoked,BAHAMAS,Abaco Islands,dive fishing,m,54.0,N,,reef,1997,5
Unprovoked,BAHAMAS,Abaco Islands,dive fishing,m,,N,morning,,1997,5
Unprovoked,BRAZIL,Rio de Janeiro,surfing/bodyboarding,m,22.0,N,,great white,1997,4
Unprovoked,AUSTRALIA,Queensland,swimming,f,21.0,N,,,1997,2
Unprovoked,AUSTRALIA,Queensland,diving,m,,N,afternoon,tiger,1997,2
Unprovoked,REUNION,L'Etang-Sale,,m,,N,,,1997,2
Unprovoked,AUSTRALIA,Queensland,swimming,m,27.0,N,morning,,1997,1
Unprovoked,AUSTRALIA,Western Australia,surfing/bodyboarding,m,41.0,Y,evening,tiger,1997,1
Unprovoked,REUNION,,dive fishing,m,,Y,,bull,1997,1
Unprovoked,SOUTH AFRICA,Eastern Cape Province,surfing/bodyboarding,m,,N,afternoon,great white,1996,12
Unprovoked,NEW CALEDONIA,,dive fishing,m,,Y,,,1996,12
Unprovoked,NEW CALEDONIA,South Province,,f,,N,,,1996,12
Unprovoked,USA,California,surfing/bodyboarding,m,45.0,N,morning,great white,1996,11
Unprovoked,USA,Florida,surfing/bodyboarding,m,26.0,N,evening,,1996,11
Unprovoked,BRAZIL,Pernambuco,surfing/bodyboarding,,,N,,,1996,10
Unprovoked,BRAZIL,Pernambuco,surfing/bodyboarding,m,,N,,,1996,10
Unprovoked,OKINAWA,Miyako Island,swimming,m,,Y,,,1996,10
Unprovoked,USA,California,surfing/bodyboarding,m,22.0,N,afternoon,great white,1996,10
Unprovoked,USA,Florida,surfing/bodyboarding,m,21.0,N,morning,,1996,10
Unprovoked,USA,California,surfing/bodyboarding,m,31.0,N,morning,great white,1996,10
Unprovoked,BRAZIL,Pernambuco,,,,N,,,1996,10
Unprovoked,USA,Florida,swimming,m,14.0,N,afternoon,,1996,9
Unprovoked,NEW ZEALAND,Chatham Islands ,diving,m,23.0,N,morning,great white,1996,9
Unprovoked,USA,Florida,surfing/bodyboarding,m,19.0,N,afternoon,,1996,9
Unprovoked,USA,Florida,wading,m,5.0,N,evening,,1996,9
Unprovoked,USA,Florida,wading,m,28.0,N,afternoon,,1996,9
Unprovoked,USA,Hawaii,surfing/bodyboarding,m,19.0,N,afternoon,tiger,1996,8
Unprovoked,USA,California,diving,m,36.0,N,morning,great white,1996,8
Unprovoked,USA,Florida,fishing,m,21.0,N,afternoon,hammerhead,1996,8
Unprovoked,USA,Florida,wading,f,8.0,N,evening,,1996,7
Unprovoked,OKINAWA,Miyako,swimming,m,52.0,Y,,great white,1996,7
Unprovoked,EGYPT / ISRAEL,"South Sinai, Gulf of Aqaba",diving,m,,N,evening,whitetip,1996,7
Unprovoked,USA,Massachusetts,swimming,m,46.0,N,,,1996,7
Unprovoked,USA,Florida,swimming,m,9.0,N,afternoon,,1996,7
Unprovoked,USA,Florida,,m,18.0,N,afternoon,,1996,7
Unprovoked,USA,Florida,wading,f,63.0,N,afternoon,,1996,7
Unprovoked,BAHAMAS,Cat Cay,diving,m,24.0,N,,,1996,7
Unprovoked,USA,South Carolina,surfing/bodyboarding,f,24.0,N,afternoon,,1996,6
Unprovoked,AUSTRALIA,Victoria,surfing/bodyboarding,m,,N,evening,great white,1996,6
Unprovoked,SOUTH AFRICA,KwaZulu-Natal,surfing/bodyboarding,m,,N,,,1996,6
Unprovoked,SOUTH AFRICA,Western Cape Province,surfing/bodyboarding,m,17.0,N,afternoon,great white,1996,5
Unprovoked,USA,Florida,surfing/bodyboarding,m,22.0,N,afternoon,,1996,5
Unprovoked,SOUTH KOREA,,diving,m,33.0,Y,morning,,1996,5
Unprovoked,USA,Florida,surfing/bodyboarding,m,27.0,N,morning,spinner,1996,5
Unprovoked,AUSTRALIA,New South Wales,swimming,m,11.0,N,,wobbegong,1996,4
Unprovoked,AUSTRALIA,New South Wales,swimming,f,16.0,N,,wobbegong,1996,4
Unprovoked,BRAZIL,Pernambuco,swimming,m,,Y,,,1996,4
Unprovoked,AUSTRALIA,Queensland,swimming,f,47.0,N,morning,tiger,1996,3
Unprovoked,AUSTRALIA,New South Wales,fishing,m,7.0,N,,,1996,3
Unprovoked,AUSTRALIA,New South Wales,diving,m,24.0,N,night,bronze whaler,1996,2
Unprovoked,PAPUA NEW GUINEA,Madang Province,,m,,Y,,,1996,2
Unprovoked,PAPUA NEW GUINEA,Madang Province,,,,N,,,1996,2
Unprovoked,PAPUA NEW GUINEA,Madang Province,diving,,14.0,Y,,,1996,2
Unprovoked,AUSTRALIA,New South Wales,swimming,m,7.0,N,afternoon,reef,1996,2
Unprovoked,AUSTRALIA,Queensland,swimming,f,13.0,N,,bronze whaler,1996,1
Unprovoked,USA,Hawaii,swimming,m,53.0,N,afternoon,tiger,1996,1
Unprovoked,REUNION,Saint-Paul ,surfing/bodyboarding,m,25.0,Y,afternoon,tiger,1996,1
Unprovoked,FIJI,Taveuni,,m,,Y,,tiger,1996,
Unprovoked,USA,North Carolina,surfing/bodyboarding,m,,N,,tiger,1996,
Unprovoked,NEW ZEALAND,"Chatham Islands, east of New  Zealand",fishing,m,22.0,N,,great white,1995,11
Unprovoked,NORTHERN ARABIAN SEA,,adrift,m,,N,,,1995,11
Unprovoked,AUSTRALIA,Queensland,,m,,N,,,1995,11
Unprovoked,USA,Florida,surfing/bodyboarding,m,13.0,N,,,1995,10
Unprovoked,USA,Florida,surfing/bodyboarding,m,17.0,N,,,1995,10
Unprovoked,AUSTRALIA,Queensland,wading,f,15.0,N,afternoon,,1995,10
Unprovoked,USA,Florida,surfing/bodyboarding,m,39.0,N,morning,,1995,10
Unprovoked,USA,Florida,surfing/bodyboarding,m,14.0,N,morning,,1995,9
Unprovoked,USA,Florida,surfing/bodyboarding,m,17.0,N,,,1995,9
Unprovoked,USA,California,surfing/bodyboarding,m,25.0,N,evening,great white,1995,9
Unprovoked,USA,Florida,surfing/bodyboarding,m,19.0,N,,,1995,9
Unprovoked,USA,Florida,swimming,f,19.0,N,afternoon,,1995,9
Unprovoked,REUNION,Saint-Denis,surfing/bodyboarding,m,,Y,,,1995,9
Unprovoked,USA,Florida,diving,m,25.0,Y,,bull,1995,9
Unprovoked,AUSTRALIA,Western Australia,diving,m,29.0,Y,afternoon,great white,1995,9
Unprovoked,USA,California,diving,m,32.0,N,afternoon,great white,1995,9
Unprovoked,USA,Florida,surfing/bodyboarding,m,19.0,N,,,1995,8
Unprovoked,USA,South Carolina,,m,44.0,N,,,1995,8
Unprovoked,BRAZIL,Pernambuco,surfing/bodyboarding,m,,N,,,1995,8
Unprovoked,USA,Florida,surfing/bodyboarding,m,16.0,N,evening,,1995,8
Unprovoked,USA,Florida,surfing/bodyboarding,m,18.0,N,afternoon,,1995,8
Unprovoked,USA,North Carolina,swimming,m,16.0,N,night,,1995,8
Unprovoked,USA,North Carolina,swimming,m,23.0,N,afternoon,,1995,8
Unprovoked,USA,Florida,surfing/bodyboarding,m,19.0,N,evening,,1995,8
Unprovoked,USA,North Carolina,diving,,,N,,,1995,8
Unprovoked,TONGA,Vava’u,fishing,m,18.0,N,afternoon,,1995,8
Unprovoked,USA,Florida,wading,m,20.0,N,morning,,1995,8
Unprovoked,USA,Florida,surfing/bodyboarding,m,20.0,N,afternoon,,1995,8
Unprovoked,USA,South Carolina,,f,14.0,N,,blacktip,1995,8
Unprovoked,USA,Florida,surfing/bodyboarding,m,12.0,N,afternoon,,1995,8
Unprovoked,USA,Florida,surfing/bodyboarding,m,,N,afternoon,,1995,7
Unprovoked,USA,Florida,surfing/bodyboarding,m,,N,afternoon,,1995,7
Unprovoked,USA,Florida,surfing/bodyboarding,m,18.0,N,afternoon,,1995,7
Unprovoked,USA,Florida,wading,m,18.0,N,afternoon,,1995,7
Unprovoked,USA,South Carolina,,m,12.0,N,,,1995,7
Unprovoked,USA,South Carolina,swimming,f,7.0,N,,,1995,7
Unprovoked,USA,Florida,surfing/bodyboarding,m,47.0,N,,,1995,7
Unprovoked,BRAZIL,Pernambuco,surfing/bodyboarding,m,18.0,Y,,,1995,7
Unprovoked,SOUTH AFRICA,Eastern Cape Province,surfing/bodyboarding,m,14.0,N,evening,,1984,11
Unprovoked,USA,Texas,surfing/bodyboarding,m,34.0,N,,,1995,7
Unprovoked,USA,California,diving,m,31.0,N,evening,great white,1995,6
Unprovoked,USA,California,small watercraft,f,,N,,great white,1995,6
Unprovoked,USA,Georgia,swimming,m,13.0,N,,,1995,6
Unprovoked,USA,South Carolina,surfing/bodyboarding,m,,N,,,1995,6
Unprovoked,USA,Florida,swimming,m,45.0,N,evening,,1995,6
Unprovoked,USA,Florida,swimming,f,10.0,N,afternoon,,1995,6
Unprovoked,USA,Hawaii,swimming,m,38.0,N,morning,tiger,1995,6
Unprovoked,HONG KONG,Clearwater Bay,swimming,f,45.0,Y,,tiger,1995,6
Unprovoked,HONG KONG,New Territories,swimming,m,29.0,Y,afternoon,,1995,6
Unprovoked,HONG KONG,New Territories,diving,,44.0,Y,,,1995,5
Unprovoked,USA,Florida,surfing/bodyboarding,m,15.0,N,,bull,1995,5
Unprovoked,FIJI,Yasawa Islands,,m,69.0,Y,,,1995,5
Unprovoked,SOUTH KOREA,,diving,f,44.0,Y,,,1995,5
Unprovoked,USA,Florida,,m,20.0,N,afternoon,,1995,4
Unprovoked,AUSTRALIA,New South Wales,diving,m,,N,,wobbegong,1995,4
Unprovoked,JAPAN,Aichi Prefecture,diving,m,47.0,Y,morning,great white,1995,4
Unprovoked,AUSTRALIA,New South Wales,small watercraft,f,,N,,,1995,3
Unprovoked,AUSTRALIA,South Australia,surfing/bodyboarding,m,35.0,N,morning,bronze whaler,1995,3
Unprovoked,BRAZIL,Maranhão,swimming,,,Y,afternoon,,1995,3
Unprovoked,SOUTH AFRICA,Eastern Cape Province,swimming,m,22.0,N,evening,raggedtooth,1995,2
Unprovoked,VENEZUELA,,surfing/bodyboarding,m,,N,,,1995,2
Unprovoked,SOUTH AFRICA,KwaZulu-Natal,swimming,m,14.0,Y,evening,tiger,1995,1
Unprovoked,BRAZIL,Pernambuco,surfing/bodyboarding,m,17.0,N,,,1995,1
Unprovoked,SOUTH AFRICA,Western Cape Province,surfing/bodyboarding,m,26.0,N,afternoon,great white,1994,12
Unprovoked,USA,Hawaii,wading,,,N,afternoon,,1994,12
Unprovoked,BRAZIL,Pernambuco,surfing/bodyboarding,m,,N,,,1994,12
Unprovoked,BRAZIL,Pernambuco,surfing/bodyboarding,m,,N,,,1994,12
Unprovoked,USA,California,diving,m,42.0,Y,morning,great white,1994,12
Unprovoked,BRAZIL,Pernambuco,surfing/bodyboarding,m,,Y,,,1994,12
Unprovoked,SOUTH AFRICA,Western Cape Province,dive fishing,m,,N,,raggedtooth,1994,11
Unprovoked,USA,Hawaii,surfing/bodyboarding,f,34.0,N,morning,,1994,11
Unprovoked,USA,Hawaii,surfing/bodyboarding,,,N,afternoon,,1994,11
Unprovoked,BRAZIL,Pernambuco,surfing/bodyboarding,,,N,,,1994,10
Unprovoked,BRAZIL,Pernambuco,surfing/bodyboarding,m,,N,,,1994,10
Unprovoked,USA,Florida,surfing/bodyboarding,m,16.0,N,afternoon,,1994,10
Unprovoked,USA,South Carolina,swimming,f,30.0,N,,,1994,9
Unprovoked,USA,Oregon,surfing/bodyboarding,m,43.0,N,afternoon,great white,1994,9
Unprovoked,USA,Hawaii,swimming,f,12.0,N,morning,,1994,9
Unprovoked,JAPAN,Kagoshima Prefecture,,,,N,,,1994,8
Unprovoked,BRAZIL,Pernambuco,surfing/bodyboarding,m,15.0,N,,,1994,7
Unprovoked,BRAZIL,Pernambuco,swimming,m,,Y,,,1994,7
Unprovoked,REUNION,Saint-Denis,surfing/bodyboarding,m,24.0,Y,afternoon,bull,1994,7
Unprovoked,SOUTH AFRICA,Eastern Cape Province,surfing/bodyboarding,m,22.0,Y,afternoon,great white,1994,7
Unprovoked,SOUTH AFRICA,Eastern Cape Province,surfing/bodyboarding,m,31.0,N,afternoon,great white,1994,7
Unprovoked,BRAZIL,Pernambuco,surfing/bodyboarding,m,,N,,,1994,7
Unprovoked,USA,Florida,surfing/bodyboarding,m,15.0,N,afternoon,,1994,7
Unprovoked,BAHAMAS,Grand Bahama Island,dive fishing,m,30.0,N,afternoon,,1994,6
Unprovoked,USA,Florida,surfing/bodyboarding,m,24.0,N,morning,,1994,5
Unprovoked,USA,Florida,surfing/bodyboarding,m,,N,morning,spinner,1994,5
Unprovoked,USA,Florida,dive fishing,m,35.0,N,,,1994,5
Unprovoked,USA,Florida,wading,f,36.0,N,,,1994,5
Unprovoked,USA,Florida,wading,m,26.0,N,afternoon,,1994,5
Unprovoked,USA,Florida,surfing/bodyboarding,m,22.0,N,morning,,1994,5
Unprovoked,REUNION,Saint-Joseph,,,,Y,,bull,1994,4
Unprovoked,BAHAMAS,,wading,m,,N,morning,,1994,4
Unprovoked,USA,Florida,diving,m,71.0,N,afternoon,,1994,4
Unprovoked,SOUTH AFRICA,Western Cape Province,dive fishing,m,,Y,,great white,1994,4
Unprovoked,CHILE,,swimming,f,19.0,N,morning,great white,1994,3
Unprovoked,CHILE,,swimming,m,,N,morning,great white,1994,3
Unprovoked,BRAZIL,Pernambuco,surfing/bodyboarding,m,25.0,N,,,1994,3
Unprovoked,SOUTH AFRICA,Western Cape Province,dive fishing,m,,N,morning,,1994,2
Unprovoked,USA,Florida,surfing/bodyboarding,m,23.0,N,afternoon,,1994,2
Unprovoked,SOUTH AFRICA,Eastern Cape Province,surfing/bodyboarding,m,15.0,N,afternoon,great white,1994,2
Unprovoked,NEW CALEDONIA,South Province,fishing,,,Y,,,1994,2
Unprovoked,BRAZIL,Pernambuco,swimming,m,,N,,,1994,1
Unprovoked,USA,Hawaii,surfing/bodyboarding,m,,Y,,tiger,1994,1
Unprovoked,SOUTH AFRICA,Eastern Cape Province,surfing/bodyboarding,m,44.0,N,afternoon,,1994,1
Unprovoked,AUSTRALIA,Queensland,swimming,m,23.0,N,,,1994,1
Unprovoked,SOUTH AFRICA,KwaZulu-Natal,swimming,m,33.0,N,afternoon,,1994,1
Unprovoked,HONG KONG,,swimming,f,,N,,tiger,,
Unprovoked,USA,Florida,surfing/bodyboarding,m,,N,,blacktip,1994,
Unprovoked,USA,Hawaii,surfing/bodyboarding,m,,Y,,tiger,1993,12
Unprovoked,USA,Florida,swimming,m,30.0,N,,,1993,11
Unprovoked,AUSTRALIA,Western Australia,diving,m,27.0,Y,afternoon,tiger,1993,11
Unprovoked,USA,Hawaii,surfing/bodyboarding,m,,N,morning,,1993,11
Unprovoked,SOMALIA,Banaadir Region,wading,m,,Y,,,1993,11
Unprovoked,USA,California,surfing/bodyboarding,m,26.0,N,afternoon,great white,1993,10
Unprovoked,USA,Florida,swimming,f,26.0,N,morning,bull,1993,10
Unprovoked,USA,Hawaii,surfing/bodyboarding,,,N,,tiger,1993,10
Unprovoked,SOMALIA,Banaadir Region,swimming,m,21.0,Y,,,1993,9
Unprovoked,SOUTH AFRICA,Western Cape Province,dive fishing,m,36.0,N,morning,great white,1993,9
Unprovoked,EL SALVADOR,La Libertad,surfing/bodyboarding,,15.0,N,,great white,1993,9
Unprovoked,EL SALVADOR,La Libertad,surfing/bodyboarding,m,17.0,Y,,,1993,9
Unprovoked,USA,Florida,wading,m,19.0,N,,,1993,9
Unprovoked,USA,Florida,,m,16.0,N,,,1993,9
Unprovoked,SPAIN,Costa Blanca,swimming,m,69.0,N,morning,,1993,9
Unprovoked,BAHAMAS,Walkers Cay,dive fishing,m,51.0,N,evening,reef,1993,8
Unprovoked,USA,Florida,surfing/bodyboarding,,13.0,N,,,1993,8
Unprovoked,USA,Hawaii,surfing/bodyboarding,m,,N,morning,,1993,8
Unprovoked,USA,North Carolina,,f,19.0,N,morning,bull,1993,8
Unprovoked,USA,California,diving,m,39.0,N,afternoon,great white,1993,8
Unprovoked,NEW CALEDONIA,South Province,dive fishing,m,,Y,,,1993,8
Unprovoked,SOUTH AFRICA,Eastern Cape Province,surfing/bodyboarding,m,28.0,N,afternoon,great white,1993,7
Unprovoked,USA,Florida,swimming,f,12.0,N,evening,,1993,7
Unprovoked,BRAZIL,Pernambuco,swimming,m,,Y,,,1993,6
Unprovoked,REUNION,Saint-Paul,surfing/bodyboarding,m,16.0,N,,,1993,6
Unprovoked,HONG KONG,New Territories,swimming,m,61.0,Y,morning,,1993,6
Unprovoked,MEXICO,Quintana Roo,diving,f,42.0,Y,evening,,1993,6
Unprovoked,USA,Hawaii,surfing/bodyboarding,m,22.0,N,morning,tiger,1993,6
Unprovoked,AUSTRALIA,New South Wales,diving,m,31.0,Y,morning,great white,1993,6
Unprovoked,AUSTRALIA,Tasmania,diving,f,34.0,Y,morning,great white,1993,6
Unprovoked,HONG KONG,New Territories,swimming,m,42.0,Y,,,1993,6
Unprovoked,USA,North Carolina,swimming,f,,N,evening,,1993,6
Unprovoked,HONG KONG,"On the Kowloon penisula, south of Sai Kung",,f,,Y,,,,
Unprovoked,SOMALIA,Banaadir Region,swimming,f,,Y,,,1993,5
Unprovoked,BRAZIL,Pernambuco,surfing/bodyboarding,m,,N,,,1993,3
Unprovoked,USA,Florida,swimming,m,25.0,N,afternoon,,1993,3
Unprovoked,JAPAN,Ehime Prefecture,,,,N,,great white,1993,3
Unprovoked,USA,Hawaii,surfing/bodyboarding,m,35.0,N,afternoon,tiger,1993,3
Unprovoked,USA,California,dive fishing,m,55.0,N,afternoon,great white,1993,3
Unprovoked,NEW CALEDONIA,South Province,swimming,,,N,,,1993,3
Unprovoked,BRAZIL,Pernambuco,surfing/bodyboarding,m,15.0,N,,,1993,1
Unprovoked,AUSTRALIA,Queensland,dive fishing,m,21.0,N,morning,,1993,1
Unprovoked,USA,Oregon,surfing/bodyboarding,m,29.0,N,afternoon,great white,1993,1
Unprovoked,ANGOLA,West Africa,surfing/bodyboarding,m,,N,,great white,,
Unprovoked,SOMALIA,Banaadir Region,,,,Y,,,,
Unprovoked,TONGA,Vava’u,dive fishing,,30.0,N,,,1993,
Unprovoked,USA,Florida,swimming,,,N,,lemon,1993,
Unprovoked,USA,Hawaii,wading,m,10.0,N,morning,tiger,1992,12
Unprovoked,USA,Hawaii,wading,m,30.0,N,evening,tiger,1992,12
Unprovoked,USA,California,dive fishing,m,31.0,N,afternoon,mako,1992,11
Unprovoked,USA,Florida,surfing/bodyboarding,m,19.0,N,morning,blacktip,1992,11
Unprovoked,USA,Florida,surfing/bodyboarding,m,24.0,N,afternoon,,1992,11
Unprovoked,FIJI,Wakaya Island,diving,m,30.0,N,,hammerhead,1992,11
Unprovoked,USA,California,diving,m,40.0,N,afternoon,,1992,11
Unprovoked,USA,Florida,surfing/bodyboarding,m,17.0,N,afternoon,,1992,11
Unprovoked,USA,Hawaii,surfing/bodyboarding,m,18.0,Y,morning,tiger,1992,11
Unprovoked,USA,California,diving,m,40.0,N,morning,great white,1992,10
Unprovoked,USA,Hawaii,surfing/bodyboarding,m,28.0,N,morning,tiger,1992,10
Unprovoked,AUSTRALIA,New South Wales,diving,m,,N,,nurse,1992,10
Unprovoked,BRAZIL,Maranhão,surfing/bodyboarding,,,N,afternoon,,1992,10
Unprovoked,AUSTRALIA,Queensland,surfing/bodyboarding,m,28.0,Y,afternoon,great white,1992,10
Unprovoked,BRAZIL,Pernambuco,surfing/bodyboarding,m,,N,afternoon,,1992,9
Unprovoked,USA,Oregon,surfing/bodyboarding,m,20.0,N,evening,great white,1992,9
Unprovoked,USA,Florida,wading,f,18.0,N,afternoon,,1992,9
Unprovoked,BRAZIL,Pernambuco,swimming,m,,Y,,,1992,9
Unprovoked,USA,Florida,fishing,m,,N,,,1992,9
Unprovoked,BAHAMAS,Abaco Islands,dive fishing,f,34.0,N,,blacktip,1992,8
Unprovoked,AUSTRALIA,South Australia,surfing/bodyboarding,m,17.0,N,evening,great white,1992,8
Unprovoked,USA,California,surfing/bodyboarding,m,22.0,N,evening,great white,1992,8
Unprovoked,USA,Florida,wading,f,42.0,N,afternoon,,1992,7
Unprovoked,BRAZIL,Maranhão,surfing/bodyboarding,m,,N,evening,,1992,7
Unprovoked,BRAZIL,Maranhão,surfing/bodyboarding,m,,N,morning,,1992,7
Unprovoked,BRAZIL,Pernambuco,swimming,m,,Y,,,1992,6
Unprovoked,REUNION,Saint-Paul,surfing/bodyboarding,m,16.0,Y,afternoon,lemon,1992,6
Unprovoked,VANUATU,Malampa Province,swimming,f,21.0,N,,,1992,6
Unprovoked,REUNION,Saint-Paul,diving,,,N,,mako,1992,6
Unprovoked,REUNION,Saint-Joseph,surfing/bodyboarding,m,,Y,afternoon,tiger,1992,5
Unprovoked,MEXICO,Mexico / Caribbean Sea,diving,m,,N,,,1992,5
Unprovoked,NEW ZEALAND,Antarctic Ocean,swimming,m,,N,afternoon,great white,1992,4
Unprovoked,SOUTH AFRICA,Eastern Cape Province,surfing/bodyboarding,m,35.0,N,afternoon,,1992,4
Unprovoked,USA,Hawaii,surfing/bodyboarding,f,36.0,N,morning,tiger,1992,3
Unprovoked,AUSTRALIA,Victoria,surfing/bodyboarding,m,17.0,N,,bronze whaler,1992,3
Unprovoked,JAPAN,Ehime Prefecture,diving,m,41.0,Y,afternoon,great white,1992,3
Unprovoked,USA,Oregon,wading,m,21.0,N,morning,great white,1992,3
Unprovoked,USA,Hawaii,surfing/bodyboarding,m,,Y,afternoon,tiger,1992,2
Unprovoked,JAPAN,Ehime Prefecture,diving,m,,N,morning,,1992,2
Unprovoked,REUNION,La Saline-les-Bains,dive fishing,m,,N,afternoon,,1992,1
Unprovoked,AUSTRALIA,New South Wales,surfing/bodyboarding,m,19.0,N,evening,bronze whaler,1992,1
Unprovoked,SOUTH AFRICA,KwaZulu-Natal,swimming,m,19.0,N,evening,bull,1992,1
Unprovoked,SOUTH AFRICA,KwaZulu-Natal,dive fishing,m,36.0,N,evening,blacktip,1992,1
Unprovoked,MAURITIUS,,fishing,m,,N,,reef,1992,1
Unprovoked,JAPAN,Ehime Prefecture,,m,,N,,,1992,1
Unprovoked,FIJI,Tavenui,,m,33.0,Y,,,1992,
Unprovoked,USA,California,diving,m,25.0,N,afternoon,great white,1991,12
Unprovoked,USA,Hawaii,swimming,f,41.0,Y,morning,tiger,1991,11
Unprovoked,USA,Hawaii,swimming,f,,N,morning,tiger,1991,11
Unprovoked,USA,Hawaii,fishing,m,,Y,afternoon,tiger,1991,11
Unprovoked,AUSTRALIA,Western Australia,surfing/bodyboarding,m,14.0,N,,,1991,11
Unprovoked,USA,Florida,surfing/bodyboarding,m,21.0,N,morning,,1991,10
Unprovoked,USA,California,surfing/bodyboarding,m,32.0,N,morning,great white,1991,10
Unprovoked,AUSTRALIA,South Australia,diving,m,19.0,Y,afternoon,great white,1991,9
Unprovoked,USA,South Carolina,swimming,m,23.0,N,afternoon,,1991,8
Unprovoked,USA,Florida,wading,f,10.0,N,afternoon,,1991,8
Unprovoked,USA,Florida,swimming,m,39.0,N,,reef,1991,7
Unprovoked,USA,Florida,small watercraft,m,42.0,N,,blacktip,1991,7
Unprovoked,USA,Florida,swimming,m,22.0,N,evening,,1991,7
Unprovoked,REUNION,L'Etang-Salé,surfing/bodyboarding,m,30.0,N,evening,tiger,1991,7
Unprovoked,USA,California,surfing/bodyboarding,m,32.0,N,morning,great white,1991,7
Unprovoked,USA,Virginia,surfing/bodyboarding,m,13.0,N,,,1991,7
Unprovoked,HONG KONG,,,m,22.0,Y,,,1991,6
Unprovoked,HONG KONG,Kowloon Peninsula,fishing,m,,Y,,,1991,6
Unprovoked,USA,Florida,surfing/bodyboarding,m,18.0,N,evening,,1991,6
Unprovoked,USA,Florida,swimming,m,31.0,N,morning,lemon,1991,6
Unprovoked,HONG KONG,Port Shelter,swimming,f,65.0,Y,morning,tiger,1991,6
Unprovoked,USA,Hawaii,wading,m,23.0,N,afternoon,,1991,5
Unprovoked,SOUTH AFRICA,Western Cape Province,diving,m,,N,afternoon,great white,1991,5
Unprovoked,USA,Florida,surfing/bodyboarding,m,22.0,N,morning,,1991,4
Unprovoked,USA,Hawaii,wading,m,,N,evening,,1991,4
Unprovoked,AUSTRALIA,New South Wales,diving,m,18.0,N,,nurse,1991,3
Unprovoked,USA,Oregon,surfing/bodyboarding,m,38.0,N,morning,great white,1991,2
Unprovoked,SOUTH AFRICA,Western Cape Province,dive fishing,m,20.0,N,afternoon,great white,1991,2
Unprovoked,AUSTRALIA,Queensland,swimming,m,35.0,N,morning,,1991,1
Unprovoked,AUSTRALIA,Western Australia,small watercraft,m,,N,,,1991,1
Unprovoked,AUSTRALIA,Queensland,surfing/bodyboarding,m,22.0,N,,,1991,1
Unprovoked,AUSTRALIA,Queensland,swimming,m,26.0,N,,,1990,11
Unprovoked,USA,California,diving,f,,N,afternoon,great white,1990,11
Unprovoked,USA,Florida,surfing/bodyboarding,m,24.0,N,morning,,1990,11
Unprovoked,USA,Florida,surfing/bodyboarding,m,50.0,N,afternoon,,1990,10
Unprovoked,USA,Florida,surfing/bodyboarding,m,18.0,N,afternoon,,1990,10
Unprovoked,AUSTRALIA,Queensland,swimming,m,26.0,N,evening,,1990,10
Unprovoked,AUSTRALIA,South Australia,surfing/bodyboarding,m,,N,morning,,1990,10
Unprovoked,USA,Florida,surfing/bodyboarding,m,25.0,N,afternoon,spinner,1990,10
Unprovoked,USA,Hawaii,surfing/bodyboarding,m,43.0,N,afternoon,tiger,1990,10
Unprovoked,USA,Florida,surfing/bodyboarding,m,19.0,N,afternoon,,1990,10
Unprovoked,SOUTH AFRICA,Western Cape Province,dive fishing,m,26.0,N,afternoon,great white,1990,9
Unprovoked,USA,California,dive fishing,m,49.0,N,afternoon,great white,1990,9
Unprovoked,USA,California,surfing/bodyboarding,m,22.0,N,afternoon,great white,1990,8
Unprovoked,USA,Texas,surfing/bodyboarding,m,,N,,,1990,8
Unprovoked,USA,Texas,fishing,m,18.0,N,afternoon,,1990,8
Unprovoked,USA,Texas,wading,f,53.0,N,evening,,1990,7
Unprovoked,USA,Florida,surfing/bodyboarding,m,17.0,N,,,1990,7
Unprovoked,SOUTH AFRICA,Western Cape Province,diving,f,21.0,Y,afternoon,great white,1990,6
Unprovoked,BAHAMAS,,dive fishing,m,38.0,N,afternoon,,1990,6
Unprovoked,AUSTRALIA,Queensland,swimming,f,35.0,N,,hammerhead,1990,5
Unprovoked,AUSTRALIA,Queensland,fishing,m,35.0,N,,hammerhead,1990,5
Unprovoked,SOUTH AFRICA,Eastern Cape Province,surfing/bodyboarding,m,22.0,N,afternoon,great white,1990,5
Unprovoked,SOUTH AFRICA,Eastern Cape Province,wading,m,23.0,N,afternoon,great white,1990,4
Unprovoked,AUSTRALIA,Queensland,surfing/bodyboarding,m,31.0,N,morning,tiger,1990,4
Unprovoked,AUSTRALIA,Queensland,diving,m,37.0,Y,,,1990,4
Unprovoked,AUSTRALIA,Queensland,surfing/bodyboarding,m,,N,,,1990,4
Unprovoked,AUSTRALIA,Queensland,surfing/bodyboarding,m,29.0,N,,,1990,4
Unprovoked,USA,Hawaii,wading,m,,N,morning,,1990,4
Unprovoked,FIJI,Laucala Island,swimming,m,30.0,N,,,1990,3
Unprovoked,REUNION,Sainte-Marie,surfing/bodyboarding,m,,N,evening,bull,1990,3
Unprovoked,USA,Hawaii,dive fishing,m,,Y,night,,1990,2
Unprovoked,USA,Florida,,m,33.0,N,,,1990,2
Unprovoked,USA,California,wading,m,,N,,great white,1990,1
Unprovoked,AUSTRALIA,Victoria,surfing/bodyboarding,m,32.0,N,,great white,1989,11
Unprovoked,SOUTH AFRICA,Western Cape Province,dive fishing,m,29.0,Y,afternoon,great white,1989,11
Unprovoked,AUSTRALIA,Queensland,swimming,m,10.0,N,,bronze whaler,1989,11
Unprovoked,AUSTRALIA,Northern Territory,swimming,f,31.0,N,,,1989,10
Unprovoked,AUSTRALIA,Tasmania,surfing/bodyboarding,m,17.0,N,afternoon,great white,1989,10
Unprovoked,USA,Texas,surfing/bodyboarding,m,12.0,N,evening,,1989,10
Unprovoked,SOUTH AFRICA,Western Cape Province,diving,m,29.0,N,afternoon,great white,1989,9
Unprovoked,USA,California,diving,m,38.0,N,afternoon,great white,1989,9
Unprovoked,USA,North Carolina,surfing/bodyboarding,m,31.0,N,,,1989,9
Unprovoked,USA,Florida,swimming,m,21.0,N,,,1989,8
Unprovoked,SOUTH AFRICA,Western Cape Province,surfing/bodyboarding,m,21.0,N,morning,great white,1989,8
Unprovoked,AUSTRALIA,New South Wales,surfing/bodyboarding,m,17.0,N,morning,bronze whaler,1989,8
Unprovoked,BAHAMAS,Great Exuma Island,dive fishing,f,31.0,N,,,1989,8
Unprovoked,SOUTH AFRICA,Eastern Cape Province,surfing/bodyboarding,m,34.0,N,morning,great white,1989,7
Unprovoked,REUNION,Sainte-Suzanne,surfing/bodyboarding,m,,Y,evening,,1989,7
Unprovoked,USA,Florida,surfing/bodyboarding,m,16.0,N,afternoon,,1989,7
Unprovoked,USA,Texas,swimming,f,9.0,N,,,1989,7
Unprovoked,USA,Hawaii,adrift,m,,N,,,1989,6
Unprovoked,USA,Louisiana,dive fishing,m,45.0,N,,tiger,1989,6
Unprovoked,ITALY,Tuscany,surfing/bodyboarding,m,,N,afternoon,great white,1989,6
Unprovoked,SOUTH AFRICA,Eastern Cape Province,surfing/bodyboarding,m,16.0,N,afternoon,great white,1989,6
Unprovoked,SOUTH AFRICA,Eastern Cape Province,diving,m,28.0,N,afternoon,great white,1989,6
Unprovoked,USA,Florida,swimming,m,19.0,N,,,1989,4
Unprovoked,USA,Washington,wading,m,,N,morning,great white,1989,4
Unprovoked,USA,Hawaii,surfing/bodyboarding,m,,N,,,1989,4
Unprovoked,USA,Hawaii,surfing/bodyboarding,m,,N,,,1989,4
Unprovoked,AUSTRALIA,South Australia,surfing/bodyboarding,m,27.0,Y,evening,great white,1989,3
Unprovoked,SOUTH AFRICA,KwaZulu-Natal,surfing/bodyboarding,m,26.0,N,afternoon,,1989,2
Unprovoked,ITALY,Tyrrhenian Sea,diving,m,47.0,Y,morning,great white,1989,2
Unprovoked,USA,California,small watercraft,f,24.0,Y,morning,great white,1989,1
Unprovoked,USA,Hawaii,surfing/bodyboarding,m,10.0,N,,hammerhead,1989,1
Unprovoked,SOUTH AFRICA,KwaZulu-Natal,swimming,m,19.0,N,evening,,1989,1
Unprovoked,USA,Hawaii,swimming,m,,Y,,,1989,1
Unprovoked,AUSTRALIA,New South Wales,surfing/bodyboarding,m,17.0,N,evening,tiger,1989,1
Unprovoked,PAPUA NEW GUINEA,New Ireland,diving,f,,N,,,1989,
Unprovoked,USA,Virginia,dive fishing,m,,N,,,1989,
Unprovoked,CHILE,Valpariso Province,diving,m,,Y,,great white,1988,12
Unprovoked,USA,Oregon,wading,m,21.0,N,evening,great white,1988,10
Unprovoked,AUSTRALIA,Victoria,surfing/bodyboarding,m,38.0,N,,,1988,10
Unprovoked,USA,Florida,surfing/bodyboarding,m,15.0,N,,,1988,10
Unprovoked,USA,Florida,surfing/bodyboarding,m,30.0,N,,,1988,10
Unprovoked,USA,Florida,surfing/bodyboarding,m,23.0,N,evening,,1988,10
Unprovoked,AUSTRALIA,South Australia,surfing/bodyboarding,m,15.0,N,afternoon,,1988,10
Unprovoked,USA,Florida,wading,f,23.0,N,,,1988,10
Unprovoked,USA,Florida,surfing/bodyboarding,m,21.0,N,afternoon,,1988,9
Unprovoked,PAPUA NEW GUINEA,New Ireland,diving,m,27.0,Y,morning,,1988,9
Unprovoked,USA,Florida,wading,f,,N,afternoon,,1988,9
Unprovoked,USA,Florida,swimming,m,38.0,Y,afternoon,bull,1988,9
Unprovoked,ITALY,Manfredonia ,,m,16.0,N,,,1988,8
Unprovoked,JAPAN,Tokyo Prefecture,,m,,N,,,1988,8
Unprovoked,USA,California,surfing/bodyboarding,m,27.0,N,morning,great white,1988,8
Unprovoked,BAHAMAS,,dive fishing,m,,N,,,1988,7
Unprovoked,BAHAMAS,,dive fishing,m,28.0,N,,reef,1988,7
Unprovoked,BAHAMAS,,diving,m,35.0,N,,reef,1988,7
Unprovoked,USA,Florida,swimming,f,15.0,N,morning,,1988,7
Unprovoked,USA,Florida,surfing/bodyboarding,m,37.0,N,afternoon,,1988,7
Unprovoked,BAHAMAS,,swimming,m,,N,,,1988,7
Unprovoked,BAHAMAS,,dive fishing,m,,N,,,1988,7
Unprovoked,SOUTH AFRICA,Western Cape Province,dive fishing,m,36.0,N,morning,great white,1988,6
Unprovoked,USA,North Carolina,diving,m,42.0,N,,tiger,1988,6
Unprovoked,USA,South Carolina,wading,m,37.0,N,afternoon,,1988,6
Unprovoked,USA,Florida,swimming,m,12.0,N,afternoon,,1988,6
Unprovoked,USA,Florida,surfing/bodyboarding,m,25.0,N,morning,,1988,6
Unprovoked,SOUTH KOREA,,diving,f,38.0,Y,,,1988,5
Unprovoked,USA,Florida,surfing/bodyboarding,m,31.0,N,evening,,1988,5
Unprovoked,USA,Florida,surfing/bodyboarding,m,29.0,N,morning,,1988,5
Unprovoked,REUNION,Saint-Louis,,m,,Y,evening,,1988,4
Unprovoked,USA,California,surfing/bodyboarding,m,,N,,great white,1988,4
Unprovoked,USA,Florida,swimming,m,24.0,N,evening,,1988,4
Unprovoked,USA,Florida,surfing/bodyboarding,m,14.0,N,,,1988,4
Unprovoked,USA,Florida,surfing/bodyboarding,m,,N,,,1988,4
Unprovoked,USA,Florida,wading,f,30.0,N,,,1988,3
Unprovoked,USA,Hawaii,surfing/bodyboarding,m,,N,,,1988,3
Unprovoked,SOUTH AFRICA,KwaZulu-Natal,surfing/bodyboarding,m,17.0,N,afternoon,,1988,3
Unprovoked,REUNION,Saint-Pierre,surfing/bodyboarding,m,,N,evening,,1988,3
Unprovoked,SOUTH AFRICA,Eastern Cape Province,surfing/bodyboarding,m,20.0,N,evening,,1988,2
Unprovoked,SOUTH AFRICA,KwaZulu-Natal,wading,f,15.0,N,morning,bull,1988,2
Unprovoked,Fiji,Vanua Levu,diving,m,22.0,N,,tiger,1988,2
Unprovoked,AUSTRALIA,New South Wales,surfing/bodyboarding,m,12.0,N,,wobbegong,1988,
Unprovoked,USA,Florida,surfing/bodyboarding,m,16.0,N,afternoon,blacktip,1987,12
Unprovoked,USA,Florida,surfing/bodyboarding,m,15.0,N,,,1987,11
Unprovoked,USA,California,surfing/bodyboarding,m,20.0,N,evening,,1987,10
Unprovoked,SOUTH AFRICA,Western Cape Province,dive fishing,m,21.0,N,afternoon,great white,1987,10
Unprovoked,AUSTRALIA,South Australia,diving,m,47.0,Y,,great white,1987,9
Unprovoked,SOUTH AFRICA,Western Cape Province,surfing/bodyboarding,m,24.0,N,morning,great white,1987,9
Unprovoked,USA,Florida,wading,m,12.0,N,morning,,1987,8
Unprovoked,USA,California,wading,m,40.0,N,morning,great white,1987,8
Unprovoked,USA,Florida,surfing/bodyboarding,m,27.0,N,morning,,1987,7
Unprovoked,USA,Texas,surfing/bodyboarding,f,32.0,N,evening,,1987,7
Unprovoked,USA,Texas,wading,f,16.0,N,afternoon,,1987,7
Unprovoked,BAHAMAS,Exuma Islands,swimming,m,35.0,N,afternoon,,1987,7
Unprovoked,BAHAMAS,,dive fishing,m,,N,,,1987,7
Unprovoked,USA,South Carolina,,m,12.0,N,,,1987,5
Unprovoked,USA,Florida,surfing/bodyboarding,m,,N,,,1987,5
Unprovoked,USA,Texas,swimming,f,16.0,N,evening,,1987,4
Unprovoked,USA,Hawaii,swimming,m,,Y,,,1987,4
Unprovoked,VANUATU,Malampa Province,swimming,m,8.0,Y,afternoon,,1987,4
Unprovoked,AUSTRALIA,Western Australia,surfing/bodyboarding,m,18.0,N,,bronze whaler,1987,3
Unprovoked,USA,Florida,surfing/bodyboarding,m,,N,,spinner,1987,2
Unprovoked,SOUTH AFRICA,Eastern Cape Province,dive fishing,m,30.0,N,afternoon,great white,1987,1
Unprovoked,AUSTRALIA,Queensland,swimming,m,37.0,N,morning,,1987,1
Unprovoked,SOUTH AFRICA,Western Cape Province,dive fishing,m,,N,afternoon,raggedtooth,1986,12
Unprovoked,SOUTH AFRICA,Western Cape Province,surfing/bodyboarding,m,21.0,Y,evening,great white,1986,12
Unprovoked,USA,Florida,surfing/bodyboarding,m,40.0,N,afternoon,spinner,1986,12
Unprovoked,BAHAMAS,Florida Straits,adrift,m,37.0,N,,,1986,12
Unprovoked,USA,California,dive fishing,m,27.0,N,morning,great white,1986,12
Unprovoked,NEW CALEDONIA,,dive fishing,,,N,,tiger,1986,12
Unprovoked,USA,Florida,surfing/bodyboarding,m,17.0,N,morning,,1986,11
Unprovoked,USA,Florida,surfing/bodyboarding,m,26.0,N,morning,,1986,11
Unprovoked,USA,Florida,surfing/bodyboarding,m,23.0,N,,,1986,11
Unprovoked,USA,Florida,swimming,f,6.0,N,evening,lemon,1986,10
Unprovoked,SOUTH AFRICA,KwaZulu-Natal,,m,32.0,N,morning,,1986,10
Unprovoked,USA,Florida,surfing/bodyboarding,m,28.0,N,,bull,1986,10
Unprovoked,USA,Florida,surfing/bodyboarding,,,N,,,1986,9
Unprovoked,USA,Florida,surfing/bodyboarding,,18.0,N,,,1986,9
Unprovoked,USA,North Carolina,surfing/bodyboarding,,16.0,N,,,1986,8
Unprovoked,AUSTRALIA,New South Wales,diving,f,,N,,wobbegong,1986,8
Unprovoked,FRANCE,Gulf of Lyons,,,,N,,,1986,8
Unprovoked,USA,South Carolina,,m,8.0,N,,,1986,7
Unprovoked,SOUTH AFRICA,KwaZulu-Natal,dive fishing,m,26.0,N,evening,dusky,1986,7
Unprovoked,AUSTRALIA,New South Wales,diving,m,,N,,wobbegong,1986,5
Unprovoked,SOUTH KOREA,,diving,m,,Y,,,1986,5
Unprovoked,USA,Hawaii,adrift,m,,Y,,,1986,4
Unprovoked,SPAIN,Catalonia,diving,m,,N,,,1986,4
Unprovoked,SPAIN,Cádiz,surfing/bodyboarding,m,,N,morning,great white,1986,3
Unprovoked,SOUTH AFRICA,KwaZulu-Natal,swimming,m,26.0,N,afternoon,,1986,3
Unprovoked,SOUTH AFRICA,Eastern Cape Province,surfing/bodyboarding,m,23.0,N,,,1986,3
Unprovoked,SOUTH AFRICA,Eastern Cape Province,surfing/bodyboarding,m,21.0,N,afternoon,great white,1986,2
Unprovoked,SOUTH AFRICA,Eastern Cape Province,surfing/bodyboarding,m,,N,evening,,1986,2
Unprovoked,SOUTH AFRICA,Eastern Cape Province,swimming,m,46.0,N,evening,raggedtooth,1986,2
Unprovoked,SOUTH AFRICA,Western Cape Province,dive fishing,m,29.0,N,afternoon,raggedtooth,1986,2
Unprovoked,AUSTRALIA,Victoria,surfing/bodyboarding,m,29.0,N,morning,bronze whaler,1986,2
Unprovoked,USA,Florida,surfing/bodyboarding,m,22.0,N,morning,blacktip,1986,1
Unprovoked,USA,California,surfing/bodyboarding,m,16.0,N,afternoon,,1986,
Unprovoked,SOUTH AFRICA,KwaZulu-Natal,surfing/bodyboarding,m,,N,,,1985,12
Unprovoked,USA,North Carolina,,m,,N,,tiger,1985,12
Unprovoked,SOUTH AFRICA,Eastern Cape Province,surfing/bodyboarding,m,22.0,N,morning,great white,1985,10
Unprovoked,USA,California,diving,m,46.0,N,afternoon,sevengill,1985,10
Unprovoked,USA,Hawaii,surfing/bodyboarding,m,33.0,N,,tiger,1985,10
Unprovoked,USA,Hawaii,dive fishing,m,24.0,N,,,1985,10
Unprovoked,USA,California,dive fishing,m,,N,,great white,1985,9
Unprovoked,USA,Florida,diving,m,,N,afternoon,,1985,9
Unprovoked,USA,South Carolina,wading,m,87.0,N,,,1985,8
Unprovoked,USA,Florida,wading,f,13.0,N,evening,hammerhead,1985,7
Unprovoked,USA,Florida,surfing/bodyboarding,m,15.0,N,morning,,1985,7
Unprovoked,USA,South Carolina,swimming,f,10.0,N,,tiger,1985,7
Unprovoked,ITALY,Sicily,swimming,m,13.0,N,afternoon,great white,,
Unprovoked,USA,California,wading,m,,N,,,1985,5
Unprovoked,USA,Florida,surfing/bodyboarding,m,25.0,N,,,1985,3
Unprovoked,AUSTRALIA,South Australia,diving,f,33.0,Y,afternoon,great white,1985,3
Unprovoked,USA,California,dive fishing,m,29.0,N,afternoon,great white,1985,2
Unprovoked,USA,Florida,surfing/bodyboarding,m,16.0,N,afternoon,,1985,2
Unprovoked,SOUTH AFRICA,Western Cape Province,swimming,m,15.0,N,evening,raggedtooth,1985,1
Unprovoked,SOUTH AFRICA,KwaZulu-Natal,surfing/bodyboarding,m,18.0,N,evening,great white,1985,1
Unprovoked,SOUTH AFRICA,Western Cape Province,dive fishing,m,34.0,N,morning,great white,1985,1
Unprovoked,NEW CALEDONIA,South Province,dive fishing,,,N,,tiger,1985,1
Unprovoked,VANUATU,Malampa Province,,m,,Y,,,1985,
Unprovoked,IRAN,,fishing,m,,Y,,bull,1985,
Unprovoked,AUSTRALIA,Queensland,wading,m,16.0,Y,afternoon,tiger,1984,11
Unprovoked,USA,Florida,surfing/bodyboarding,m,13.0,N,,,1984,11
Unprovoked,USA,Florida,surfing/bodyboarding,f,23.0,N,afternoon,,1984,10
Unprovoked,USA,Florida,surfing/bodyboarding,m,15.0,N,afternoon,blacktip,1984,10
Unprovoked,USA,Oregon,wading,m,25.0,N,afternoon,great white,1984,9
Unprovoked,USA,California,diving,m,,N,morning,great white,1984,9
Unprovoked,USA,Florida,surfing/bodyboarding,m,17.0,N,afternoon,,1984,9
Unprovoked,USA,Florida,swimming,m,,N,,,1984,9
Unprovoked,USA,Florida,surfing/bodyboarding,m,16.0,N,morning,hammerhead,1984,9
Unprovoked,USA,California,wading,m,,N,afternoon,blue,1984,9
Unprovoked,USA,California,diving,m,28.0,Y,morning,great white,1984,9
Unprovoked,INDONESIA,,adrift,m,,Y,,,1984,8
Unprovoked,USA,Texas,swimming,f,13.0,N,afternoon,,1984,7
Unprovoked,USA,Texas,swimming,f,18.0,N,afternoon,,1984,7
Unprovoked,USA,Florida,adrift,m,30.0,N,evening,,1984,7
Unprovoked,SOUTH AFRICA,KwaZulu-Natal,dive fishing,m,,N,,raggedtooth,1984,7
Unprovoked,SOUTH AFRICA,Western Cape Province,surfing/bodyboarding,m,27.0,N,evening,great white,1984,6
Unprovoked,USA,Hawaii,swimming,f,13.0,N,evening,hammerhead,1984,6
Unprovoked,VANUATU,Malampa Province,swimming,m,25.0,Y,,,1984,6
Unprovoked,SOUTH AFRICA,Western Cape Province,dive fishing,m,28.0,N,afternoon,,1984,5
Unprovoked,SOUTH AFRICA,KwaZulu-Natal,surfing/bodyboarding,m,,N,evening,,1984,3
Unprovoked,AUSTRALIA,Queensland,dive fishing,m,27.0,N,,reef,1984,2
Unprovoked,SOUTH AFRICA,Eastern Cape Province,swimming,m,14.0,N,morning,raggedtooth,1984,1
Unprovoked,SOUTH AFRICA,KwaZulu-Natal,,f,14.0,Y,,,1984,1
Unprovoked,USA,Florida,surfing/bodyboarding,m,,N,,,1984,
Unprovoked,USA,Florida,surfing/bodyboarding,m,17.0,N,afternoon,,1983,12
Unprovoked,AUSTRALIA,South Australia,diving,m,48.0,N,,great white,1983,12
Unprovoked,SOUTH AFRICA,Eastern Cape Province,swimming,m,16.0,N,afternoon,,1983,12
Unprovoked,SOUTH AFRICA,Eastern Cape Province,swimming,m,47.0,N,morning,raggedtooth,1983,12
Unprovoked,USA,Florida,surfing/bodyboarding,m,15.0,N,,tiger,1983,11
Unprovoked,USA,Florida,surfing/bodyboarding,m,16.0,N,,,1983,10
Unprovoked,USA,Florida,wading,m,20.0,N,,,1983,10
Unprovoked,USA,Florida,wading,m,15.0,N,,,1983,9
Unprovoked,USA,Oregon,surfing/bodyboarding,m,,N,morning,great white,1983,8
Unprovoked,SOUTH AFRICA,Western Cape Province,dive fishing,m,29.0,N,morning,great white,1983,8
Unprovoked,USA,Virginia,swimming,f,14.0,N,morning,,1983,8
Unprovoked,USA,Florida,diving,f,22.0,N,morning,bull,1983,8
Unprovoked,SOUTH AFRICA,Eastern Cape Province,surfing/bodyboarding,m,,N,,,1983,7
Unprovoked,USA,Florida,surfing/bodyboarding,f,39.0,N,afternoon,hammerhead,1983,7
Unprovoked,BAHAMAS,Abaco Islands,dive fishing,m,13.0,N,afternoon,,1983,7
Unprovoked,USA,Florida,swimming,m,17.0,N,,,1983,7
Unprovoked,USA,Florida,swimming,m,42.0,N,morning,,1983,6
Unprovoked,BAHAMAS,Abaco Islands,dive fishing,m,15.0,Y,afternoon,,1983,6
Unprovoked,USA,Florida,fishing,m,21.0,N,afternoon,,1983,6
Unprovoked,BAHAMAS,,,m,30.0,N,morning,blacktip,1983,6
Unprovoked,BAHAMAS,Berry Islands,dive fishing,m,,N,evening,reef,1983,6
Unprovoked,USA,Florida,,m,21.0,N,evening,,1983,5
Unprovoked,USA,Florida,surfing/bodyboarding,m,15.0,N,,,1983,5
Unprovoked,USA,Florida,surfing/bodyboarding,m,22.0,N,afternoon,,1983,5
Unprovoked,SOUTH AFRICA,Eastern Cape Province,fishing,m,27.0,N,evening,raggedtooth,1983,4
Unprovoked,USA,Florida,surfing/bodyboarding,m,16.0,N,morning,,1983,4
Unprovoked,SOUTH AFRICA,KwaZulu-Natal,dive fishing,m,17.0,N,morning,bull,1983,3
Unprovoked,SOUTH AFRICA,Eastern Cape Province,surfing/bodyboarding,m,,N,afternoon,spinner,1983,3
Unprovoked,USA,Florida,surfing/bodyboarding,m,,N,,,1983,3
Unprovoked,NEW CALEDONIA,Loyalty Islands,,,,N,,,1983,3
Unprovoked,SOUTH AFRICA,KwaZulu-Natal,,m,16.0,N,afternoon,,1983,2
Unprovoked,SOUTH AFRICA,Western Cape Province,surfing/bodyboarding,m,22.0,N,evening,,1983,1
Unprovoked,SOUTH AFRICA,Western Cape Province,dive fishing,m,32.0,N,afternoon,great white,1983,1
Unprovoked,,English Channel,swimming,m,,N,,,1983,1
Unprovoked,VANUATU,Malampa Province,wading,m,,Y,,,1983,
Unprovoked,AUSTRALIA,New South Wales,surfing/bodyboarding,m,27.0,N,morning,bronze whaler,1982,12
Unprovoked,USA,South Carolina,wading,m,,N,,,1982,11
Unprovoked,USA,Florida,surfing/bodyboarding,m,26.0,N,morning,,1982,10
Unprovoked,SOUTH AFRICA,Eastern Cape Province,surfing/bodyboarding,m,16.0,N,afternoon,,1982,9
Unprovoked,SOUTH AFRICA,Eastern Cape Province,surfing/bodyboarding,m,16.0,N,afternoon,great white,1982,9
Unprovoked,USA,Florida,surfing/bodyboarding,m,20.0,N,afternoon,,1982,9
Unprovoked,USA,California,diving,m,36.0,N,morning,great white,1982,9
Unprovoked,USA,California,small watercraft,m,28.0,N,afternoon,great white,1982,9
Unprovoked,JAPAN,Kumamoto Prefecture,,m,,Y,,,1982,8
Unprovoked,SOUTH AFRICA,Western Cape Province,swimming,f,18.0,N,afternoon,,1982,8
Unprovoked,TUNISIA,,surfing/bodyboarding,m,,N,,spinner,,
Unprovoked,SOUTH AFRICA,Eastern Cape Province,,m,38.0,N,afternoon,great white,1982,7
Unprovoked,USA,California,SUP/foiling,m,26.0,N,morning,great white,1982,7
Unprovoked,USA,Florida,swimming,m,17.0,N,afternoon,,1982,7
Unprovoked,USA,Florida,swimming,f,19.0,N,afternoon,,1982,7
Unprovoked,NEW CALEDONIA,South Province,,,,N,,,1982,7
Unprovoked,SOUTH AFRICA,Eastern Cape Province,surfing/bodyboarding,m,27.0,Y,morning,great white,1982,6
Unprovoked,USA,South Carolina,swimming,m,20.0,N,afternoon,,1982,6
Unprovoked,BAHAMAS,Andros Islands,dive fishing,m,19.0,N,,lemon,1982,6
Unprovoked,USA,Florida,,f,8.0,N,morning,,1982,6
Unprovoked,USA,Hawaii,adrift,m,,N,,reef,1982,6
Unprovoked,USA,Florida,surfing/bodyboarding,m,16.0,N,afternoon,,1982,3
Unprovoked,AUSTRALIA,New South Wales,surfing/bodyboarding,m,20.0,Y,afternoon,,1982,3
Unprovoked,NEW CALEDONIA,,dive fishing,m,,N,,,1982,3
Unprovoked,AUSTRALIA,Tasmania,dive fishing,m,32.0,Y,,great white,1982,2
Unprovoked,USA,Florida,surfing/bodyboarding,m,18.0,N,,,1982,2
Unprovoked,USA,Hawaii,wading,f,,N,,,1982,2
Unprovoked,USA,Hawaii,swimming,f,,N,,,1982,2
Unprovoked,USA,Florida,swimming,f,75.0,Y,morning,,1982,2
Unprovoked,USA,California,diving,m,,N,morning,great white,1982,2
Unprovoked,USA,Florida,diving,m,29.0,Y,,,1982,2
Unprovoked,SOUTH AFRICA,Eastern Cape Province,swimming,m,20.0,N,afternoon,raggedtooth,1982,1
Unprovoked,USA,California,surfing/bodyboarding,m,24.0,Y,evening,great white,1981,12
Unprovoked,AUSTRALIA,Queensland,,,,N,,,1981,12
Unprovoked,USA,Hawaii,dive fishing,m,,N,,tiger,1981,12
Unprovoked,REUNION,Saint-Philippe,dive fishing,m,,N,afternoon,,1981,11
Unprovoked,USA,Hawaii,diving,m,59.0,N,,,1981,11
Unprovoked,USA,Florida,swimming,m,19.0,N,morning,,1981,10
Unprovoked,USA,Florida,surfing/bodyboarding,m,17.0,N,,,1981,10
Unprovoked,USA,Florida,surfing/bodyboarding,m,24.0,N,,,1981,10
Unprovoked,USA,Florida,surfing/bodyboarding,m,28.0,N,evening,,1981,9
Unprovoked,USA,Florida,surfing/bodyboarding,m,,N,,,1981,9
Unprovoked,USA,Florida,swimming,m,26.0,Y,evening,hammerhead,1981,9
Unprovoked,USA,Florida,surfing/bodyboarding,m,25.0,N,afternoon,,1981,9
Unprovoked,USA,Florida,surfing/bodyboarding,m,24.0,N,morning,,1981,9
Unprovoked,USA,Florida,surfing/bodyboarding,m,15.0,N,,,1981,8
Unprovoked,USA,Florida,diving,m,,N,,nurse,1981,8
Unprovoked,USA,Florida,wading,f,19.0,Y,morning,,1981,8
Unprovoked,BAHAMAS,Grand Bahama Island,swimming,m,53.0,N,afternoon,mako,1981,8
Unprovoked,USA,Florida,swimming,f,16.0,N,,,1981,7
Unprovoked,SOUTH AFRICA,Eastern Cape Province,surfing/bodyboarding,m,32.0,N,morning,bull,1981,7
Unprovoked,USA,Florida,dive fishing,m,,N,evening,,1981,7
Unprovoked,SOUTH AFRICA,KwaZulu-Natal,fishing,m,,N,,,1981,7
Unprovoked,USA,Hawaii,dive fishing,m,,Y,,,1981,5
Unprovoked,SOUTH KOREA,Chungnam,diving,f,27.0,Y,afternoon,great white,1981,5
Unprovoked,SOUTH AFRICA,Eastern Cape Province,surfing/bodyboarding,m,27.0,N,morning,raggedtooth,1981,5
Unprovoked,USA,Florida,diving,m,32.0,N,,,1981,5
Unprovoked,USA,Florida,diving,m,,N,,lemon,1981,5
Unprovoked,SOUTH AFRICA,Eastern Cape Province,surfing/bodyboarding,m,19.0,N,afternoon,raggedtooth,1981,5
Unprovoked,SOUTH AFRICA,Eastern Cape Province,surfing/bodyboarding,m,24.0,N,morning,tiger,1981,5
Unprovoked,USA,Florida,wading,m,19.0,N,afternoon,dusky,1981,3
Unprovoked,USA,Florida,surfing/bodyboarding,m,24.0,N,evening,,1981,3
Unprovoked,CHILE,Coquimbo,dive fishing,m,,N,morning,great white,1981,3
Unprovoked,SOUTH AFRICA,KwaZulu-Natal,swimming,m,30.0,N,evening,dusky,1981,2
Unprovoked,AUSTRALIA,Western Australia,wading,m,,N,,hammerhead,1981,2
Unprovoked,USA,Florida,surfing/bodyboarding,m,15.0,N,afternoon,hammerhead,1981,2
Unprovoked,BRAZIL,Rio de Janeiro,dive fishing,,,N,,,1981,2
Unprovoked,USA,Florida,dive fishing,m,25.0,N,,tiger,1981,1
Unprovoked,AUSTRALIA,New South Wales,small watercraft,m,27.0,N,morning,tiger,1981,
Unprovoked,GREECE,Pagasitikos Gulf,dive fishing,m,,N,,,,
Unprovoked,SOUTH AFRICA,Eastern Cape Province,,m,25.0,N,evening,,1980,12
Unprovoked,REUNION,Grand'Anse,dive fishing,m,22.0,N,afternoon,great white,1980,11
Unprovoked,AUSTRALIA,Western Australia,swimming,m,,N,,,1980,11
Unprovoked,BRAZIL,Pernambuco,swimming,m,16.0,Y,,,1980,11
Unprovoked,USA,Oregon,surfing/bodyboarding,m,29.0,N,afternoon,great white,1980,10
Unprovoked,USA,California,surfing/bodyboarding,m,19.0,N,morning,great white,1980,10
Unprovoked,MEXICO,,diving,m,22.0,Y,,,1980,8
Unprovoked,USA,Louisiana,wading,m,,N,,,1980,8
Unprovoked,USA,North Carolina,wading,f,10.0,N,,,1980,8
Unprovoked,USA,Hawaii,surfing/bodyboarding,m,,N,,tiger,1980,8
Unprovoked,SPAIN,Canary Islands,diving,m,,N,,blue,1980,7
Unprovoked,USA,New Jersey,surfing/bodyboarding,m,15.0,N,afternoon,,1980,7
Unprovoked,USA,Delaware,wading,f,22.0,N,afternoon,,1980,7
Unprovoked,USA,North Carolina,surfing/bodyboarding,m,,N,,,,
Unprovoked,USA,Florida,surfing/bodyboarding,m,,N,,,,
Unprovoked,SOUTH AFRICA,Eastern Cape Province,surfing/bodyboarding,m,22.0,N,morning,,1980,5
Unprovoked,MEXICO,Sinaloa,surfing/bodyboarding,f,13.0,N,afternoon,tiger,1980,4
Unprovoked,SOUTH AFRICA,KwaZulu-Natal,diving,m,52.0,Y,,tiger,1980,3
Unprovoked,BRAZIL,Rio de Janeiro,swimming,m,,N,afternoon,,1980,3
Unprovoked,SOUTH AFRICA,KwaZulu-Natal,surfing/bodyboarding,m,24.0,N,afternoon,great white,1980,1
Unprovoked,KENYA,Lamu Archipelago,dive fishing,m,29.0,N,,,1980,1
Unprovoked,SOUTH AFRICA,Eastern Cape Province,swimming,m,,N,,hammerhead,1980,1
Unprovoked,SOUTH AFRICA,Eastern Cape Province,swimming,m,25.0,N,evening,raggedtooth,1980,1
Unprovoked,CHILE,Los Vilos,diving,m,,Y,morning,great white,1980,1
Unprovoked,TONGA,Ha'api,dive fishing,m,25.0,N,morning,,,
Unprovoked,SOUTH AFRICA,Eastern Cape Province,swimming,m,18.0,N,afternoon,,1979,12
Unprovoked,SOUTH CHINA SEA,,diving,m,32.0,N,,,1979,12
Unprovoked,USA,Oregon,surfing/bodyboarding,m,20.0,N,morning,great white,1979,11
Unprovoked,AUSTRALIA,New South Wales,diving,m,18.0,N,,,1979,9
Unprovoked,HONG KONG,,swimming,m,21.0,Y,,,1979,8
Unprovoked,HONG KONG,Ho Ha Wan Marine Park,,m,16.0,Y,,,1979,8
Unprovoked,USA,Florida,small watercraft,m,49.0,N,,,1979,8
Unprovoked,THAILAND,Southern Thailand,,m,,Y,,,1979,8
Unprovoked,SOUTH AFRICA,KwaZulu-Natal,diving,m,,Y,afternoon,,1979,5
Unprovoked,NEW CALEDONIA,North Province,fishing,,,N,,,1979,5
Unprovoked,NEW CALEDONIA,North Province,,m,,Y,,,1979,5
Unprovoked,USA,Florida,swimming,m,24.0,N,afternoon,,1979,4
Unprovoked,USA,Florida,surfing/bodyboarding,m,8.0,N,morning,,1979,4
Unprovoked,USA,Florida,surfing/bodyboarding,m,27.0,N,morning,spinner,1979,3
Unprovoked,USA,California,diving,m,,N,morning,great white,1979,3
Unprovoked,NEW CALEDONIA,Grand Terre,dive fishing,m,,Y,,,1979,3
Unprovoked,SOUTH AFRICA,Eastern Cape Province,surfing/bodyboarding,m,19.0,N,afternoon,,1979,2
Unprovoked,USA,Hawaii,fishing,m,,Y,,,1979,
Unprovoked,AUSTRALIA,Queensland,,m,,N,,,1978,12
Unprovoked,SOUTH AFRICA,KwaZulu-Natal,dive fishing,m,23.0,Y,afternoon,great white,1978,12
Unprovoked,USA,Hawaii,surfing/bodyboarding,m,,N,,,1978,11
Unprovoked,USA,Florida,surfing/bodyboarding,m,17.0,N,,,1978,11
Unprovoked,SOUTH AFRICA,Western Cape Province,dive fishing,m,27.0,N,afternoon,great white,1978,9
Unprovoked,ITALY,Tyrrhenian Sea,diving,m,,N,morning,great white,1978,9
Unprovoked,USA,California,,m,28.0,N,afternoon,blue,1978,9
Unprovoked,AUSTRALIA,Tasmania,diving,m,34.0,N,,,1978,9
Unprovoked,USA,California,wading,m,,N,afternoon,,1978,8
Unprovoked,USA,Florida,small watercraft,m,27.0,N,,,1978,8
Unprovoked,USA,Florida,surfing/bodyboarding,m,20.0,N,,,1978,6
Unprovoked,USA,Florida,surfing/bodyboarding,m,17.0,N,,,1978,6
Unprovoked,MARSHALL ISLANDS,Ralik Archipelago,diving,m,25.0,N,,,1978,4
Unprovoked,MARSHALL ISLANDS,Ralik Archipelago,diving,m,23.0,N,,,1978,4
Unprovoked,AUSTRALIA,Tasmania,diving,m,,N,,sevengill,1978,4
Unprovoked,SOUTH AFRICA,Western Cape Province,fishing,,,N,night,,1978,2
Unprovoked,SOUTH AFRICA,Western Cape Province,diving,m,,N,,great white,1978,2
Unprovoked,SOUTH AFRICA,KwaZulu-Natal,surfing/bodyboarding,m,17.0,N,afternoon,blacktip,1978,1
Unprovoked,USA,Florida,surfing/bodyboarding,f,,N,,,1978,
Unprovoked,VANUATU,Malampa Province,swimming,f,,Y,,,1978,
Unprovoked,USA,Florida,surfing/bodyboarding,m,27.0,N,,,1977,12
Unprovoked,SOUTH AFRICA,Eastern Cape Province,surfing/bodyboarding,m,18.0,N,morning,tiger,1977,12
Unprovoked,SOUTH AFRICA,Western Cape Province,dive fishing,m,25.0,N,afternoon,great white,1977,10
Unprovoked,AUSTRALIA,South Australia,surfing/bodyboarding,m,17.0,N,afternoon,great white,1977,8
Unprovoked,AUSTRALIA,Queensland,small watercraft,m,25.0,Y,,,1977,8
Unprovoked,USA,California,diving,m,20.0,N,morning,great white,1977,8
Unprovoked,USA,Texas,fishing,m,25.0,N,,bull,1977,6
Unprovoked,AUSTRALIA,Queensland,,m,,N,,,1977,4
Unprovoked,USA,Hawaii,swimming,m,,N,,,1977,4
Unprovoked,SOUTH AFRICA,Western Cape Province,swimming,m,31.0,N,evening,,1977,3
Unprovoked,AUSTRALIA,New South Wales,,m,24.0,N,,,1977,2
Unprovoked,NEW CALEDONIA,,,,,N,,,1977,2
Unprovoked,MEXICO,Guerrero,swimming,m,,Y,afternoon,,1977,1
Unprovoked,AUSTRALIA,Queensland,,m,,N,,,1976,12
Unprovoked,USA,California,diving,m,29.0,N,morning,great white,1976,12
Unprovoked,SOUTH AFRICA,Western Cape Province,,m,19.0,N,afternoon,great white,1976,11
Unprovoked,USA,Florida,surfing/bodyboarding,m,19.0,N,morning,lemon,1976,11
Unprovoked,USA,California,surfing/bodyboarding,m,25.0,N,afternoon,great white,1976,10
Unprovoked,SOUTH AFRICA,Eastern Cape Province,surfing/bodyboarding,m,20.0,N,morning,great white,1976,10
Unprovoked,AUSTRALIA,South Australia,diving,m,27.0,N,,,1976,9
Unprovoked,USA,Florida,swimming,m,16.0,Y,,,1976,9
Unprovoked,USA,Florida,swimming,m,,Y,,,1976,9
Unprovoked,USA,Florida,surfing/bodyboarding,m,15.0,N,afternoon,tiger,1976,9
Unprovoked,USA,North Carolina,adrift,m,23.0,N,,,1976,8
Unprovoked,USA,Oregon,surfing/bodyboarding,m,19.0,N,afternoon,great white,1976,8
Unprovoked,USA,Florida,dive fishing,m,24.0,N,morning,,1976,7
Unprovoked,USA,Louisiana,swimming,m,10.0,N,,,1976,7
Unprovoked,USA,Hawaii,diving,m,18.0,Y,,,1976,7
Unprovoked,USA,Florida,dive fishing,m,23.0,N,,,1976,7
Unprovoked,USA,Florida,diving,m,17.0,N,night,,1976,6
Unprovoked,USA,Hawaii,swimming,m,,N,,,1976,6
Unprovoked,USA,Florida,wading,m,,N,afternoon,,1976,3
Unprovoked,AUSTRALIA,Queensland,,f,,N,,,1976,1
Unprovoked,USA,Florida,dive fishing,m,25.0,N,,,1976,1
Unprovoked,NEW ZEALAND,North Island,dive fishing,m,,Y,afternoon,bronze whaler,1976,1
Unprovoked,USA,Hawaii,diving,m,,Y,,,1976,
Unprovoked,USA,California,dive fishing,m,27.0,N,afternoon,great white,1975,12
Unprovoked,AUSTRALIA,New South Wales,wading,m,20.0,N,,,1975,11
Unprovoked,SOUTH AFRICA,KwaZulu-Natal,wading,m,33.0,N,morning,dusky,1975,11
Unprovoked,AUSTRALIA,Queensland,,m,,N,,,1975,11
Unprovoked,USA,Florida,surfing/bodyboarding,m,18.0,N,,,1975,11
Unprovoked,AUSTRALIA,New South Wales,surfing/bodyboarding,m,20.0,N,,bronze whaler,1975,10
Unprovoked,SOUTH AFRICA,KwaZulu-Natal,,m,21.0,N,,,1975,9
Unprovoked,SOUTH AFRICA,Eastern Cape Province,surfing/bodyboarding,m,19.0,N,afternoon,great white,1975,8
Unprovoked,USA,Florida,wading,m,20.0,N,afternoon,,1975,8
Unprovoked,USA,California,diving,m,44.0,N,afternoon,great white,1975,8
Unprovoked,HONG KONG,Mirs Bay ,swimming,m,24.0,N,,,1975,8
Unprovoked,AUSTRALIA,Tasmania,diving,m,37.0,Y,afternoon,great white,1975,7
Unprovoked,USA,Florida,diving,m,24.0,N,,,,
Unprovoked,AUSTRALIA,Queensland,surfing/bodyboarding,m,21.0,N,,,1975,7
Unprovoked,USA,California,diving,m,23.0,N,afternoon,great white,1975,7
Unprovoked,USA,California,diving,m,34.0,N,afternoon,great white,1975,7
Unprovoked,USA,Florida,swimming,f,14.0,N,morning,,1975,7
Unprovoked,USA,Florida,surfing/bodyboarding,m,16.0,N,,,1975,7
Unprovoked,USA,South Carolina,swimming,m,18.0,N,afternoon,,1975,6
Unprovoked,USA,South Carolina,wading,f,15.0,N,afternoon,,1975,6
Unprovoked,USA,Alabama,swimming,m,27.0,N,,,1975,6
Unprovoked,USA,Florida,surfing/bodyboarding,m,20.0,N,,,1975,6
Unprovoked,USA,Florida,surfing/bodyboarding,m,17.0,N,morning,,1975,5
Unprovoked,USA,Florida,wading,f,10.0,N,,,1975,5
Unprovoked,SOUTH AFRICA,Western Cape Province,dive fishing,m,,N,afternoon,great white,1975,4
Unprovoked,AUSTRALIA,Queensland,,f,,N,,,1975,3
Unprovoked,USA,Florida,swimming,m,14.0,N,,,1975,3
Unprovoked,SOUTH AFRICA,KwaZulu-Natal,surfing/bodyboarding,m,16.0,N,morning,,1975,2
Unprovoked,AUSTRALIA,South Australia,fishing,m,12.0,Y,evening,great white,1975,2
Unprovoked,AUSTRALIA,Victoria,fishing,m,45.0,N,,wobbegong,1975,2
Unprovoked,AUSTRALIA,Queensland,,m,,N,,,1975,2
Unprovoked,AUSTRALIA,South Australia,surfing/bodyboarding,m,17.0,Y,,,1975,1
Unprovoked,BERMUDA,,dive fishing,m,25.0,N,,blue,1975,
Unprovoked,REUNION,,,m,,Y,,,1975,
Unprovoked,AUSTRALIA,Western Australia,,,32.0,N,,,1974,12
Unprovoked,USA,Florida,wading,m,24.0,N,afternoon,,1974,11
Unprovoked,USA,California,surfing/bodyboarding,m,17.0,N,morning,great white,1974,9
Unprovoked,USA,California,diving,m,29.0,N,afternoon,great white,1974,9
Unprovoked,ISRAEL,Red Sea,swimming,f,20.0,N,evening,mako,1974,9
Unprovoked,USA,California,diving,m,41.0,N,evening,great white,1974,9
Unprovoked,USA,California,diving,m,48.0,N,evening,great white,1974,9
Unprovoked,USA,Oregon,surfing/bodyboarding,m,24.0,N,morning,great white,1974,9
Unprovoked,HONG KONG,Mirs Bay ,swimming,m,22.0,N,,,1974,8
Unprovoked,HONG KONG,Mirs Bay ,swimming,m,,Y,,,1974,8
Unprovoked,HONG KONG,Mirs Bay ,swimming,m,19.0,N,,,1974,8
Unprovoked,HONG KONG,Mirs Bay ,swimming,m,18.0,N,,,1974,8
Unprovoked,CROATIA, Split-Dalmatia County,,m,21.0,Y,afternoon,great white,1974,8
Unprovoked,USA,California,surfing/bodyboarding,m,,N,,great white,1974,8
Unprovoked,USA,California,diving,m,36.0,N,,great white,1974,7
Unprovoked,USA,Georgia,swimming,m,17.0,Y,,,1974,7
Unprovoked,USA,Florida,swimming,f,61.0,N,morning,,1974,6
Unprovoked,USA,California,diving,m,45.0,N,morning,great white,1974,5
Unprovoked,SOUTH AFRICA,Western Cape Province,dive fishing,m,22.0,N,afternoon,raggedtooth,1974,4
Unprovoked,SOUTH AFRICA,Eastern Cape Province,wading,m,19.0,N,afternoon,,1974,4
Unprovoked,USA,Florida,swimming,f,11.0,N,,,1974,4
Unprovoked,SOUTH AFRICA,KwaZulu-Natal,surfing/bodyboarding,m,17.0,N,afternoon,dusky,1974,4
Unprovoked,SOUTH AFRICA,KwaZulu-Natal,surfing/bodyboarding,m,21.0,N,afternoon,,1974,3
Unprovoked,SOUTH AFRICA,KwaZulu-Natal,swimming,m,14.0,N,evening,,1974,2
Unprovoked,SOUTH AFRICA,KwaZulu-Natal,swimming,m,19.0,N,evening,,1974,2
Unprovoked,SOUTH AFRICA,KwaZulu-Natal,wading,m,42.0,N,,raggedtooth,1974,1
Unprovoked,AUSTRALIA,South Australia,diving,m,26.0,Y,,great white,1974,1
Unprovoked,SOUTH AFRICA,KwaZulu-Natal,swimming,m,33.0,N,afternoon,,1974,1
Unprovoked,MOZAMBIQUE,Gaza,swimming,m,,Y,,,1974,1
Unprovoked,MOZAMBIQUE,Gaza,swimming,m,32.0,Y,,,1974,1
Unprovoked,AUSTRALIA,Western Australia,dive fishing,m,,N,,bronze whaler,,
Unprovoked,CROATIA,Primorje-Gorski Kotar County ,,,,Y,,,1974,
Unprovoked,MOZAMBIQUE,Gaza,dive fishing,m,41.0,N,morning,,1973,12
Unprovoked,MOZAMBIQUE,Gaza,swimming,m,,Y,afternoon,,1973,12
Unprovoked,PHILIPPINES,Luzon,swimming,m,19.0,Y,,,1973,12
Unprovoked,USA,Hawaii,swimming,m,,N,,,1973,12
Unprovoked,MEXICO,Guerrero,swimming,m,25.0,Y,afternoon,,1973,12
Unprovoked,AUSTRALIA,Western Australia,,,,N,,,1973,11
Unprovoked,USA,Florida,surfing/bodyboarding,m,13.0,N,afternoon,,1973,11
Unprovoked,AUSTRALIA,Queensland,,m,,N,,,1973,11
Unprovoked,BAHAMAS,Grand Bahama Island,dive fishing,m,11.0,N,afternoon,bull,1973,9
Unprovoked,HONG KONG,Mirs Bay ,swimming,m,20.0,Y,,,1973,9
Unprovoked,MEXICO,Baja California,dive fishing,m,37.0,Y,afternoon,great white,1973,9
Unprovoked,EGYPT,Red Sea,,m,,N,,tiger,1973,9
Unprovoked,AUSTRALIA,Queensland,surfing/bodyboarding,m,16.0,N,,,1973,8
Unprovoked,USA,Virginia,dive fishing,m,17.0,N,,blacktip,1973,8
Unprovoked,HONG KONG,,swimming,m,,N,,,1973,6
Unprovoked,MEXICO,Guerrero,wading,m,45.0,Y,evening,,1973,4
Unprovoked,AUSTRALIA,Queensland,,m,,N,,,1973,3
Unprovoked,MOZAMBIQUE,Gaza,dive fishing,m,28.0,Y,morning,,1973,3
Unprovoked,SOUTH AFRICA,KwaZulu-Natal,dive fishing,m,26.0,N,morning,dusky,1973,3
Unprovoked,MEXICO,Guerrero,swimming,,57.0,Y,,,1973,2
Unprovoked,USA,Hawaii,surfing/bodyboarding,m,,N,,,1973,1
Unprovoked,PALAU,Aulong Island,diving,m,,N,,tiger,1973,
Unprovoked,PALAU,Western Caroline Islands,diving,m,,N,,reef,1973,
Unprovoked,SOUTH AFRICA,Eastern Cape Province,surfing/bodyboarding,m,13.0,N,morning,,1973,
Unprovoked,SOUTH AFRICA,Western Cape Province,swimming,m,29.0,N,afternoon,,1972,12
Unprovoked,MOZAMBIQUE,Gaza,swimming,m,25.0,N,afternoon,,1972,12
Unprovoked,MEXICO,Guerrero,surfing/bodyboarding,m,17.0,Y,afternoon,,1972,12
Unprovoked,SOUTH AFRICA,Western Cape Province,swimming,m,,N,morning,great white,1972,12
Unprovoked,AUSTRALIA,Queensland,,m,,N,,,1972,12
Unprovoked,REUNION,Saint-Philippe,dive fishing,,,Y,,,1972,12
Unprovoked,AUSTRALIA,Queensland,dive fishing,m,24.0,N,,,1972,10
Unprovoked,AUSTRALIA,New South Wales,surfing/bodyboarding,m,19.0,N,,bronze whaler,1972,10
Unprovoked,USA,US Virgin Islands,diving,m,,Y,,whitetip,1972,10
Unprovoked,USA,Florida,surfing/bodyboarding,m,17.0,N,,,1972,10
Unprovoked,NEW ZEALAND,North Island,swimming,m,17.0,N,,,1972,10
Unprovoked,USA,California,surfing/bodyboarding,m,,N,morning,great white,1972,9
Unprovoked,USA,Florida,surfing/bodyboarding,m,15.0,N,evening,,1972,8
Unprovoked,USA,Hawaii,dive fishing,m,,N,,,1972,8
Unprovoked,AUSTRALIA,Tasmania,diving,m,45.0,N,,great white,1972,8
Unprovoked,AUSTRALIA,Queensland,,m,,Y,,,1972,6
Unprovoked,AUSTRALIA,Queensland,,m,,Y,,,1972,6
Unprovoked,USA,Florida,surfing/bodyboarding,m,22.0,N,morning,,1972,6
Unprovoked,USA,California,diving,m,32.0,N,afternoon,great white,1972,5
Unprovoked,FRENCH POLYNESIA,Tuamotus,dive fishing,m,27.0,N,,reef,1972,5
Unprovoked,WESTERN SAMOA,Upolu Island,swimming,m,25.0,Y,,tiger,1972,4
Unprovoked,AUSTRALIA,Queensland,,f,,N,,,1972,4
Unprovoked,MOZAMBIQUE,Gaza,swimming,m,19.0,Y,evening,,1972,4
Unprovoked,USA,Hawaii,dive fishing,m,,N,,,1972,3
Unprovoked,AUSTRALIA,Victoria,surfing/bodyboarding,m,18.0,N,morning,,1972,2
Unprovoked,AUSTRALIA,Tasmania,,,,N,,,1972,2
Unprovoked,SOUTH AFRICA,Eastern Cape Province,swimming,m,20.0,Y,,,1972,1
Unprovoked,SOUTH AFRICA,KwaZulu-Natal,wading,f,30.0,N,evening,bull,1972,1
Unprovoked,MOZAMBIQUE,Gaza,wading,m,24.0,N,afternoon,great white,1972,1
Unprovoked,MOZAMBIQUE,Maputo Province,dive fishing,m,,N,,,1972,1
Unprovoked,FRANCE,Antibes,swimming,,,N,,great white,1972,
Unprovoked,MARSHALL ISLANDS,Illeginni Atoll,diving,m,,N,,reef,1972,
Unprovoked,AUSTRALIA,New South Wales,,,22.0,N,,,1971,12
Unprovoked,SOUTH AFRICA,Western Cape Province,swimming,f,16.0,N,afternoon,great white,1971,12
Unprovoked,AUSTRALIA,Queensland,,m,20.0,Y,,,1971,12
Unprovoked,HONG KONG,Mirs Bay ,swimming,m,20.0,N,morning,,1971,11
Unprovoked,USA,Florida,surfing/bodyboarding,m,18.0,N,afternoon,,1971,10
Unprovoked,SOUTH AFRICA,KwaZulu-Natal,swimming,m,25.0,N,evening,,1971,10
Unprovoked,USA,California,diving,m,30.0,N,afternoon,great white,1971,10
Unprovoked,USA,North Carolina,surfing/bodyboarding,,17.0,N,,,1971,9
Unprovoked,CROATIA,Istria County,swimming,m,34.0,Y,morning,great white,1971,9
Unprovoked,AUSTRALIA,South Australia,fishing,m,51.0,Y,,,1971,9
Unprovoked,USA,Florida,wading,m,8.0,N,afternoon,,1971,7
Unprovoked,USA,California,diving,m,,N,,great white,1971,7
Unprovoked,SOUTH AFRICA,Western Cape Province,surfing/bodyboarding,m,21.0,N,afternoon,great white,1971,6
Unprovoked,BRITISH ISLES,South Devon,diving,m,32.0,N,,,1971,6
Unprovoked,KENYA,Coast Province,swimming,m,16.0,N,,,1971,4
Unprovoked,SOUTH AFRICA,Western Cape Province,swimming,m,,Y,morning,great white,1971,4
Unprovoked,MEXICO,Guerrero,surfing/bodyboarding,m,19.0,Y,morning,,1971,4
Unprovoked,VENEZUELA,,,m,14.0,Y,,,1971,4
Unprovoked,VENEZUELA,,,m,66.0,Y,,,1971,4
Unprovoked,NEW ZEALAND,South Island,surfing/bodyboarding,m,16.0,N,morning,great white,1971,3
Unprovoked,AUSTRALIA,Tasmania,swimming,m,,N,afternoon,,1971,1
Unprovoked,USA,California,diving,m,,N,,great white,1971,
Unprovoked,AUSTRALIA,South Australia,surfing/bodyboarding,m,15.0,N,,great white,1971,
Unprovoked,IRAN,Khuzestan Province,,m,,N,,,1971,
Unprovoked,IRAN,Khuzestan Province,,m,,N,,,1971,
Unprovoked,MOZAMBIQUE,Inhambe Province,fishing,m,18.0,Y,afternoon,,1970,12
Unprovoked,MOZAMBIQUE,Inhambe Province,fishing,m,,Y,,,1970,12
Unprovoked,MICRONESIA,Namonuito Atoll,fishing,m,,N,night,,1970,12
Unprovoked,,,,m,,N,,,1970,11
Unprovoked,USA,Hawaii,surfing/bodyboarding,m,,N,,,1970,10
Unprovoked,USA,Florida,surfing/bodyboarding,m,,N,,,1970,10
Unprovoked,MICRONESIA,Eastern Caroline Islands,diving,m,43.0,N,morning,,1970,9
Unprovoked,USA,Florida,small watercraft,m,18.0,N,morning,,1970,9
Unprovoked,USA,South Carolina,swimming,m,,N,,,1970,9
Unprovoked,USA,Florida,diving,m,,N,,,1970,9
Unprovoked,,,,m,,N,night,mako,1970,7
Unprovoked,GRENADA,St. Andrew Parish,wading,m,16.0,Y,afternoon,,1970,6
Unprovoked,GRENADA,St. Andrew Parish,wading,m,18.0,Y,afternoon,,1970,6
Unprovoked,GRENADA,St. Andrew Parish,swimming,m,14.0,Y,afternoon,,1970,4
Unprovoked,USA,Florida,wading,m,19.0,N,afternoon,,1970,3
Unprovoked,,,wading,f,8.0,N,,wobbegong,1970,2
Unprovoked,MOZAMBIQUE,Limpopo River,swimming,m,14.0,N,,,1970,1
Unprovoked,MOZAMBIQUE,Limpopo River,swimming,m,16.0,N,,bull,1970,1
Unprovoked,MOZAMBIQUE,Limpopo River,swimming,m,12.0,N,,bull,1970,1
Unprovoked,MOZAMBIQUE,Limpopo River,swimming,m,10.0,N,,bull,1970,1
Unprovoked,MEXICO,Guerrero,swimming,m,22.0,N,,,1970,1
Unprovoked,ENGLAND,Devon,,m,,N,,blue,1970,1
Unprovoked,PAPUA NEW GUINEA,New Ireland Province,diving,m,15.0,N,,,1970,1
Unprovoked,SRI LANKA,Western Province,dive fishing,m,,N,,,,
Unprovoked,SPAIN,Canary Islands,dive fishing,m,,N,,blue,,
Unprovoked,IRAQ,Basrah,wading,f,28.0,N,afternoon,,,
Unprovoked,IRAQ,Basrah,wading,f,25.0,N,,,,
Unprovoked,IRAQ,Basrah,swimming,m,35.0,Y,afternoon,,,
Unprovoked,IRAQ,Basrah,fishing,m,35.0,N,afternoon,,,
Unprovoked,AUSTRALIA,Western Australia,swimming,m,15.0,N,afternoon,,1969,11
Unprovoked,USA,Hawaii,dive fishing,m,,N,,,1969,11
Unprovoked,USA,Hawaii,diving,m,,N,morning,whitetip,1969,10
Unprovoked,USA,California,diving,m,53.0,N,morning,great white,1969,9
Unprovoked,USA,Florida,swimming,m,,N,afternoon,,1969,8
Unprovoked,USA,Florida,surfing/bodyboarding,m,15.0,N,morning,,1969,8
Unprovoked,USA,Florida,surfing/bodyboarding,m,13.0,N,afternoon,,1969,8
Unprovoked,,,,m,25.0,N,,,1969,8
Unprovoked,USA,California,diving,m,,N,afternoon,great white,1969,7
Unprovoked,JAMAICA,Clarendon,diving,m,27.0,N,morning,,1969,6
Unprovoked,USA,Florida,wading,m,8.0,N,evening,,1969,6
Unprovoked,AUSTRALIA,Queensland,,,,N,,,1969,5
Unprovoked,USA,Hawaii,surfing/bodyboarding,m,16.0,N,evening,great white,1969,3
Unprovoked,AUSTRALIA,New South Wales,diving,m,21.0,N,morning,,1969,1
Unprovoked,AUSTRALIA,Victoria,,m,,N,,wobbegong,1969,1
Unprovoked,NEW ZEALAND,South Island,surfing/bodyboarding,m,17.0,N,evening,great white,1968,12
Unprovoked,AUSTRALIA,South Australia,,m,,N,,great white,1968,12
Unprovoked,SOUTH AFRICA,KwaZulu-Natal,dive fishing,m,28.0,N,,hammerhead,1968,12
Unprovoked,USA,Florida,dive fishing,m,,N,,bull,1968,10
Unprovoked,NEW ZEALAND,South Island,dive fishing,m,24.0,Y,morning,great white,1968,9
Unprovoked,USA,Florida,wading,,,N,afternoon,hammerhead,1968,8
Unprovoked,USA,Florida,wading,m,15.0,N,evening,,1968,8
Unprovoked,FRENCH POLYNESIA,Society Islands,swimming,m,12.0,N,,,1968,8
Unprovoked,MALAYSIA,Johor,,,41.0,N,morning,,1968,8
Unprovoked,COLUMBIA,Magdalena Department,fishing,m,18.0,N,morning,,1968,8
Unprovoked,USA,California,diving,m,25.0,N,morning,great white,1968,7
Unprovoked,USA,Florida,wading,m,33.0,N,afternoon,,1968,7
Unprovoked,USA,South Carolina,dive fishing,m,33.0,N,afternoon,,1968,7
Unprovoked,BAHAMAS,Great Exuma Island,swimming,m,,Y,,,1968,7
Unprovoked,BAHAMAS,Eleuthera,dive fishing,m,17.0,N,,reef,1968,6
Unprovoked,USA,Florida,wading,m,17.0,N,morning,,1968,6
Unprovoked,ENGLAND,,,m,,N,,blue,1968,6
Unprovoked,PAPUA NEW GUINEA,New Ireland Province,wading,m,17.0,N,,,1968,5
Unprovoked,USA,Florida,,m,10.0,N,afternoon,,1968,4
Unprovoked,AUSTRALIA,New South Wales,diving,m,21.0,N,,bronze whaler,1968,4
Unprovoked,PAPUA NEW GUINEA,Gulf Province,swimming,m,7.0,Y,,,1968,4
Unprovoked,SOUTH AFRICA,KwaZulu-Natal,wading,m,35.0,N,afternoon,,1968,3
Unprovoked,USA,Florida,surfing/bodyboarding,m,20.0,N,afternoon,,1968,3
Unprovoked,USA,Florida,surfing/bodyboarding,m,17.0,N,afternoon,,1968,2
Unprovoked,AUSTRALIA,Western Australia,swimming,f,14.0,N,afternoon,,1968,2
Unprovoked,AUSTRALIA,South Australia,dive fishing,m,26.0,N,evening,bronze whaler,1968,2
Unprovoked,AUSTRALIA,New South Wales,,,,N,,,1968,2
Unprovoked,MOZAMBIQUE,,diving,,24.0,N,,,1968,2
Unprovoked,PAPUA NEW GUINEA,Morobe Province,swimming,,13.0,Y,evening,,1968,1
Unprovoked,COSTA RICA,Limón Province,adrift,m,,Y,,,1968,
Unprovoked,SOUTH AFRICA,Western Cape Province,surfing/bodyboarding,m,22.0,N,afternoon,,1967,12
Unprovoked,FIJI,,,m,27.0,N,morning,,1967,12
Unprovoked,AUSTRALIA,Victoria,swimming,m,59.0,Y,morning,,1967,12
Unprovoked,AUSTRALIA,Queensland,,m,18.0,N,,nurse,1967,11
Unprovoked,MEXICO,Veracruz,swimming,,,Y,,,1967,10
Unprovoked,USA,Florida,wading,m,19.0,N,afternoon,blacktip,1967,10
Unprovoked,TONGA,,swimming,m,17.0,N,,,1967,10
Unprovoked,USA,Florida,dive fishing,,,N,afternoon,,1967,9
Unprovoked,PAPUA NEW GUINEA,New Ireland Province,dive fishing,m,,Y,,,1967,9
Unprovoked,PAPUA NEW GUINEA,New Ireland Province,dive fishing,m,23.0,Y,,,1967,9
Unprovoked,JAPAN,Kagawa Prefecture,,m,19.0,Y,afternoon,,1967,8
Unprovoked,ITALY,Liguria,dive fishing,m,,N,,,1967,8
Unprovoked,AUSTRALIA,Western Australia,dive fishing,m,23.0,Y,morning,great white,1967,8
Unprovoked,BERMUDA,Hamilton,swimming,f,19.0,N,afternoon,,1967,8
Unprovoked,COLUMBIA,,,m,,N,,,1967,8
Unprovoked,USA,Florida,dive fishing,m,15.0,N,afternoon,nurse,1967,8
Unprovoked,BAHAMAS,Out Islands,,m,41.0,N,afternoon,,1967,8
Unprovoked,SENEGAL,Cap Vert Peninsula,fishing,m,,N,night,,1967,8
Unprovoked,USA,Florida,swimming,m,20.0,N,afternoon,,1967,7
Unprovoked,TURKEY,Mugla Province,dive fishing,m,36.0,Y,afternoon,,1967,7
Unprovoked,SOUTH AFRICA,KwaZulu-Natal,dive fishing,m,32.0,N,morning,great white,1967,3
Unprovoked,NEW ZEALAND,South Island,swimming,m,21.0,Y,evening,great white,1967,3
Unprovoked,PAPUA NEW GUINEA,New Britain,,m,14.0,N,,,1967,3
Unprovoked,MOZAMBIQUE,Bay of Maputo,swimming,m,31.0,N,,,1967,1
Unprovoked,AUSTRALIA,Tasmania,fishing,m,30.0,N,,,1966,12
Unprovoked,AUSTRALIA,New South Wales,dive fishing,m,19.0,N,,nurse,1966,12
Unprovoked,SINGAPORE,,wading,m,39.0,N,afternoon,,1966,12
Unprovoked,AUSTRALIA,New South Wales,dive fishing,m,29.0,N,,,1966,12
Unprovoked,PAPUA NEW GUINEA,New Ireland Province,wading,f,,Y,,,,
Unprovoked,PAPUA NEW GUINEA,New Ireland Province,swimming,f,13.0,Y,morning,,1966,10
Unprovoked,PAPUA NEW GUINEA,New Ireland Province,wading,f,8.0,Y,morning,,1966,10
Unprovoked,AUSTRALIA,Queensland,dive fishing,m,32.0,N,afternoon,bronze whaler,1966,9
Unprovoked,AUSTRALIA,Western Australia,dive fishing,m,43.0,N,afternoon,mako,1966,9
Unprovoked,BAHAMAS,Bimini Islands,swimming,f,18.0,N,evening,,1966,8
Unprovoked,NEW BRITAIN,Duke of York Islands,swimming,f,13.0,Y,afternoon,,1966,8
Unprovoked,NEW BRITAIN,Duke of York Islands,diving,f,9.0,Y,afternoon,,1966,8
Unprovoked,CROATIA,Primorje-Gorski Kotar County ,swimming,m,33.0,Y,,great white,1966,8
Unprovoked,TAIWAN,,dive fishing,m,,N,evening,,1966,8
Unprovoked,ITALY,Taranto province,,m,21.0,N,,,1966,8
Unprovoked,USA,Florida,wading,m,8.0,N,afternoon,spinner,1966,8
Unprovoked,USA,Texas,diving,m,16.0,N,,lemon,1966,7
Unprovoked,USA,Texas,fishing,m,14.0,N,afternoon,,1966,7
Unprovoked,TAIWAN,Northern Taiwan,swimming,m,20.0,Y,,,1966,7
Unprovoked,PAPUA NEW GUINEA,"Admiralty Islands, Manus Province",swimming,f,25.0,Y,,,1966,7
Unprovoked,USA,Texas,swimming,m,18.0,N,evening,,1966,6
Unprovoked,AUSTRALIA,New South Wales,fishing,m,,N,night,,1966,5
Unprovoked,USA,Puerto Rico,swimming,m,25.0,N,afternoon,,1966,4
Unprovoked,AUSTRALIA,New South Wales,swimming,m,13.0,N,afternoon,great white,1966,2
Unprovoked,USA,California,dive fishing,m,29.0,N,morning,great white,1966,1
Unprovoked,AUSTRALIA,New South Wales,dive fishing,m,30.0,N,,wobbegong,1966,1
Unprovoked,SOUTH AFRICA,Eastern Cape Province,wading,m,16.0,N,morning,bull,1966,1
Unprovoked,AUSTRALIA,Western Australia,swimming,m,43.0,N,,wobbegong,1966,1
Unprovoked,SOUTH AFRICA,KwaZulu-Natal,surfing/bodyboarding,m,15.0,N,afternoon,,1966,1
Unprovoked,NEW ZEALAND,North Island,surfing/bodyboarding,f,15.0,Y,afternoon,,1966,1
Unprovoked,USA,Florida,swimming,m,35.0,N,afternoon,hammerhead,1966,1
Unprovoked,AUSTRALIA,Western Australia,wading,m,40.0,N,,wobbegong,1965,12
Unprovoked,JOHNSTON ISLAND,,diving,m,,N,afternoon,reef,1965,12
Unprovoked,PACIFIC OCEAN ,"250 miles southwest of O'ahu, Hawaii",,m,44.0,N,night,,1965,11
Unprovoked,AUSTRALIA,Queensland,surfing/bodyboarding,m,24.0,N,afternoon,nurse,1965,11
Unprovoked,,,,m,39.0,N,,,1965,10
Unprovoked,BAHAMAS,New Providence Island,wading,m,32.0,N,,,1965,10
Unprovoked,BAHAMAS,New Providence Island,swimming,f,,Y,,,1965,10
Unprovoked,NEW BRITAIN,West coast,dive fishing,m,15.0,Y,,,1965,10
Unprovoked,PAPUA NEW GUINEA,New Britain,wading,m,27.0,N,,,1965,10
Unprovoked,MEXICO,Veracruz,,m,23.0,N,evening,,1965,9
Unprovoked,USA,New Jersey,swimming,m,15.0,N,evening,,1965,8
Unprovoked,MEXICO,Veracruz,wading,m,25.0,Y,evening,,1965,7
Unprovoked,MEXICO,Veracruz,swimming,m,38.0,N,afternoon,,1965,6
Unprovoked,PAPUA NEW GUINEA,Near Bougainville (North Solomons),dive fishing,m,,N,,,1965,6
Unprovoked,SOUTH PACIFIC OCEAN,,swimming,m,,Y,morning,,1965,6
Unprovoked,MEXICO,Veracruz,swimming,m,,Y,afternoon,,1965,5
Unprovoked,MEXICO,Veracruz,swimming,m,,Y,,,1965,5
Unprovoked,EGYPT,,wading,m,,N,,,,
Unprovoked,JAMAICA,,diving,m,,N,,,1965,5
Unprovoked,MEXICO,Veracruz,swimming,m,35.0,N,,,1965,5
Unprovoked,USA,Florida,,m,49.0,N,afternoon,bull,1965,4
Unprovoked,USA,Florida,dive fishing,m,28.0,N,morning,great white,1965,4
Unprovoked,PALAU,Western Caroline Islands,wading,m,8.0,N,afternoon,tiger,1965,4
Unprovoked,USA,Florida,surfing/bodyboarding,m,17.0,N,morning,spinner,1965,4
Unprovoked,USA,Florida,diving,m,16.0,N,afternoon,mako,1965,3
Unprovoked,SOUTH AFRICA,KwaZulu-Natal,swimming,m,25.0,N,afternoon,,1965,2
Unprovoked,USA,Massachusetts,diving,m,18.0,N,afternoon,,1965,2
Unprovoked,SOUTH AFRICA,KwaZulu-Natal,rescuing,m,22.0,N,afternoon,great white,1965,1
Unprovoked,SOUTH AFRICA,KwaZulu-Natal,surfing/bodyboarding,m,20.0,N,afternoon,,1965,1
Unprovoked,AUSTRALIA,Victoria,swimming,m,,N,,,1965,1
Unprovoked,NEW GUINEA,Central Province,diving,m,30.0,Y,,,1965,1
Unprovoked,USA,Texas,,m,13.0,N,,,,
Unprovoked,RED SEA,East of the Gulf of Aqaba,wading,m,,N,,,,
Unprovoked,EGYPT,,wading,m,,N,,mako,,
Unprovoked,VANUATU,Malampa Province,,m,,Y,,,1965,
Unprovoked,SOUTH AFRICA,Eastern Cape Province,swimming,m,19.0,N,evening,raggedtooth,1964,12
Unprovoked,PAPUA NEW GUINEA,Bougainville (North Solomons),,m,,N,,,1964,12
Unprovoked,PAPUA NEW GUINEA,Bougainville (North Solomons),small watercraft,m,28.0,N,afternoon,,1964,12
Unprovoked,KENYA,Coast Province,fishing,m,10.0,Y,,,1964,12
Unprovoked,AUSTRALIA,Victoria ,diving,m,25.0,N,afternoon,great white,1964,11
Unprovoked,AUSTRALIA,Queensland,rescuing,m,29.0,Y,afternoon,,1964,11
Unprovoked,AUSTRALIA,Western Australia,surfing/bodyboarding,m,19.0,N,morning,nurse,1964,10
Unprovoked,TAIWAN,Northern Taiwan,swimming,m,32.0,Y,afternoon,,1964,9
Unprovoked,TAIWAN,Northern Taiwan,swimming,m,20.0,N,afternoon,,1964,9
Unprovoked,USA,Florida,swimming,m,14.0,N,afternoon,,1964,8
Unprovoked,MEXICO,Guerrero,swimming,m,19.0,N,afternoon,,1964,8
Unprovoked,USA,Florida,swimming,m,,N,morning,,1964,8
Unprovoked,USA,Florida,dive fishing,m,28.0,N,afternoon,hammerhead,1964,8
Unprovoked,JAPAN,Okayama Prefecture,swimming,m,12.0,N,,,1964,8
Unprovoked,PANAMA,San Blas,dive fishing,m,21.0,N,,,1964,8
Unprovoked,SOUTH AFRICA,KwaZulu-Natal,,m,30.0,N,,bull,1964,7
Unprovoked,PAPUA NEW GUINEA,New Ireland Province,wading,m,,Y,,,1964,7
Unprovoked,FIJI,Lau Group,dive fishing,m,23.0,N,,,1964,6
Unprovoked,PANAMA,Caribbean Coast,wading,m,47.0,N,,lemon,1964,5
Unprovoked,FIJI,Vita Levu,dive fishing,m,35.0,Y,morning,tiger,1964,5
Unprovoked,PANAMA,San Blas Islands,diving,m,13.0,Y,,,1964,5
Unprovoked,PAPUA NEW GUINEA,Madang Province,fishing,m,,Y,,,1964,4
Unprovoked,AUSTRALIA,South Australia,surfing/bodyboarding,m,19.0,N,,,1964,3
Unprovoked,USA,Florida,diving,m,38.0,N,afternoon,,1964,3
Unprovoked,SENEGAL,Cap Vert Peninsula,diving,m,,N,,,1964,3
Unprovoked,NEW CALEDONIA,,diving,m,15.0,Y,,,1964,2
Unprovoked,FIJI,Vanua Levu,dive fishing,m,17.0,Y,morning,,1964,2
Unprovoked,NEW ZEALAND,North Island,diving,m,,N,afternoon,,1964,2
Unprovoked,NEW ZEALAND,North Island,dive fishing,m,26.0,N,evening,great white,1964,2
Unprovoked,SOUTH AFRICA,Western Cape Province,surfing/bodyboarding,m,25.0,N,morning,great white,1954,2
Unprovoked,NEW ZEALAND,North Island,wading,m,,N,,,1964,2
Unprovoked,NEW ZEALAND,South Island,swimming,m,19.0,Y,morning,great white,1964,2
Unprovoked,USA,Florida,swimming,m,12.0,N,,hammerhead,1964,2
Unprovoked,COSTA RICA,Puntarenas Province,swimming,m,,Y,,,1964,2
Unprovoked,FIJI,,dive fishing,,,Y,,,1964,1
Unprovoked,SOUTH AFRICA,Eastern Cape Province,surfing/bodyboarding,m,39.0,N,afternoon,,1964,1
Unprovoked,SOUTH AFRICA,Eastern Cape Province,wading,m,17.0,N,morning,,1964,1
Unprovoked,AUSTRALIA,Western Australia,diving,m,,N,,wobbegong,1964,1
Unprovoked,USA,California,dive fishing,m,21.0,N,afternoon,great white,1964,1
Unprovoked,PAPUA NEW GUINEA,New Britain,fishing,m,,Y,,tiger,1964,1
Unprovoked,FIJI,"Lomaloma, Lau",swimming,f,20.0,N,afternoon,,1964,1
Unprovoked,SOUTH AFRICA,Western Cape Province,diving,m,,N,evening,,1964,1
Unprovoked,SOUTH AFRICA,KwaZulu-Natal,wading,f,20.0,N,afternoon,bull,1963,12
Unprovoked,SOUTH AFRICA,KwaZulu-Natal,swimming,m,24.0,N,afternoon,,1963,12
Unprovoked,AUSTRALIA,Queensland,wading,m,,N,morning,,1963,12
Unprovoked,SOUTH AFRICA,Eastern Cape Province,swimming,m,18.0,Y,afternoon,,1963,12
Unprovoked,SOUTH AFRICA,Western Cape Province,dive fishing,m,,N,afternoon,great white,1963,12
Unprovoked,SOUTH AFRICA,KwaZulu-Natal,,m,15.0,Y,afternoon,bull,1963,12
Unprovoked,AUSTRALIA,South Australia,dive fishing,m,23.0,N,afternoon,great white,1963,12
Unprovoked,NEW BRITAIN,"South Coast, East New Britain",dive fishing,m,22.0,Y,,tiger,1963,12
Unprovoked,NEW ZEALAND,South Island,adrift,m,20.0,N,afternoon,sevengill,1963,11
Unprovoked,FIJI, Lau Province,fishing,f,21.0,N,morning,tiger,1963,11
Unprovoked,FIJI,Vita Levu,dive fishing,m,25.0,N,afternoon,,1963,11
Unprovoked,ITALY,Sicily,dive fishing,m,28.0,N,,,1963,11
Unprovoked,PAPUA NEW GUINEA,New Britain,wading,m,,N,,,1963,11
Unprovoked,PALAU,Western Caroline Islands,fishing,m,35.0,N,night,,1963,11
Unprovoked,USA,Florida,wading,m,28.0,N,evening,,1963,10
Unprovoked,CHILE,,dive fishing,m,,Y,morning,great white,1963,9
Unprovoked,SOLOMON ISLANDS,Ysabel Island,dive fishing,m,30.0,Y,afternoon,,1963,9
Unprovoked,DOMINICAN REPUBLIC,Santo Domingo,swimming,m,,Y,,,1963,8
Unprovoked,FEDERATED STATES OF MICRONESIA,Eastern Caroline Islands,dive fishing,m,26.0,N,morning,tiger,1963,7
Unprovoked,USA,Florida,wading,m,14.0,N,afternoon,,1963,7
Unprovoked,PANAMA,San Blas coast,wading,m,,Y,,,1963,7
Unprovoked,GREECE,Thessaly,swimming,f,42.0,Y,afternoon,great white,1963,6
Unprovoked,USA,US Virgin Islands,swimming,m,25.0,Y,afternoon,galapagos,1963,4
Unprovoked,SOUTH AFRICA,KwaZulu-Natal,swimming,m,15.0,N,afternoon,,1963,4
Unprovoked,AUSTRALIA,Western Australia,surfing/bodyboarding,m,25.0,N,,,1963,4
Unprovoked,USA,Hawaii,surfing/bodyboarding,m,15.0,N,afternoon,,1963,4
Unprovoked,PAPUA NEW GUINEA,New Ireland Province,swimming,m,,N,morning,,1963,2
Unprovoked,AUSTRALIA,New South Wales,dive fishing,m,18.0,N,afternoon,bronze whaler,1963,2
Unprovoked,FIJI,Lomaiviti  Island Group,dive fishing,m,28.0,N,morning,great white,1963,2
Unprovoked,MAURITIUS,Rodrigues,,m,24.0,N,,,1963,2
Unprovoked,FIJI,,diving,m,41.0,N,,,1963,1
Unprovoked,AUSTRALIA,New South Wales,wading,f,32.0,Y,afternoon,bull,1963,1
Unprovoked,SOUTH AFRICA,KwaZulu-Natal,fishing,m,27.0,N,afternoon,,1963,1
Unprovoked,SOUTH AFRICA,KwaZulu-Natal,dive fishing,m,24.0,N,afternoon,bull,1963,1
Unprovoked,SEYCHELLES,,fishing,m,,Y,,,1963,
Unprovoked,AUSTRALIA,South Australia,dive fishing,m,16.0,Y,afternoon,bronze whaler,1962,12
Unprovoked,AUSTRALIA,New South Wales,dive fishing,m,26.0,N,,,1962,11
Unprovoked,USA,California,dive fishing,m,24.0,N,afternoon,great white,1962,11
Unprovoked,SOUTH AFRICA,KwaZulu-Natal,dive fishing,m,30.0,N,afternoon,,1962,10
Unprovoked,MEXICO,Veracruz,wading,m,32.0,Y,morning,,1962,10
Unprovoked,ADMIRALTY ISLANDS,Manus Island,,m,26.0,N,,,1962,10
Unprovoked,PANAMA,Pinas Bay,wading,m,1.0,Y,,,1962,10
Unprovoked,BRITISH WEST INDIES,Grand Turk Island,dive fishing,m,24.0,N,afternoon,blacktip,1962,9
Unprovoked,MEXICO,Veracruz,swimming,m,20.0,N,afternoon,,1962,9
Unprovoked,SOUTH ATLANTIC OCEAN,Off coast of West Africa,rescuing,m,29.0,Y,,,1962,9
Unprovoked,ITALY,Tyrrhenian Sea,dive fishing,m,28.0,Y,morning,great white,1962,9
Unprovoked,USA,Texas,wading,m,40.0,Y,afternoon,,1962,8
Unprovoked,USA,New Jersey,wading,m,24.0,N,afternoon,,1962,8
Unprovoked,PAPUA NEW GUINEA,"New Ireland Province, Bismarck Archipelago",dive fishing,m,,Y,evening,,1962,8
Unprovoked,ITALY,Tyrrhenian Sea,diving,m,,N,,great white,,
Unprovoked,SENEGAL,Cap Vert Peninsula,fishing,m,23.0,N,,,1962,8
Unprovoked,USA,South Carolina,wading,m,21.0,N,,,1962,7
Unprovoked,USA,Georgia,swimming,m,41.0,N,evening,,1962,7
Unprovoked,USA,Georgia,diving,m,13.0,N,afternoon,,1962,7
Unprovoked,USA,Florida,small watercraft,m,11.0,N,morning,,1962,6
Unprovoked,USA,California,,m,31.0,N,night,,1962,6
Unprovoked,USA,California,,m,32.0,Y,night,,1962,6
Unprovoked,USA,California,,m,35.0,Y,night,,1962,6
Unprovoked,PAPUA NEW GUINEA,Madang Province,wading,m,,Y,afternoon,bronze whaler,1962,6
Unprovoked,USA,South Carolina,wading,m,13.0,N,afternoon,,1962,6
Unprovoked,USA,Florida,diving,m,31.0,N,afternoon,,1962,6
Unprovoked,USA,Florida,,m,17.0,N,,,1962,5
Unprovoked,MOZAMBIQUE,Gaza,swimming,m,16.0,N,morning,,1962,4
Unprovoked,SOUTH AFRICA,KwaZulu-Natal,wading,m,13.0,N,morning,bull,1962,4
Unprovoked,PAPUA NEW GUINEA,Madang,swimming,m,10.0,Y,afternoon,bronze whaler,1962,3
Unprovoked,PAPUA NEW GUINEA,Central Province,swimming,m,,N,,,1962,2
Unprovoked,AUSTRALIA,Queensland,fishing,m,,N,morning,,1962,2
Unprovoked,SOUTH AFRICA,KwaZulu-Natal,swimming,m,22.0,Y,morning,,1962,2
Unprovoked,SOUTH AFRICA,KwaZulu-Natal,swimming,m,13.0,Y,afternoon,great white,1962,2
Unprovoked,AUSTRALIA,Queensland,swimming,m,35.0,N,afternoon,,1962,2
Unprovoked,SOLOMON ISLANDS,Guadalcanal Province,fishing,m,,Y,,,1962,2
Unprovoked,NEW ZEALAND,South Island,,m,18.0,N,afternoon,,1962,1
Unprovoked,NEW ZEALAND,North Island,dive fishing,m,44.0,N,afternoon,,1962,1
Unprovoked,USA,California,dive fishing,m,29.0,N,morning,great white,1962,1
Unprovoked,AUSTRALIA,New South Wales,surfing/bodyboarding,m,19.0,N,afternoon,bronze whaler,1962,1
Unprovoked,PAPUA NEW GUINEA,"10ºS, 142ºE",dive fishing,m,24.0,N,afternoon,great white,1962,1
Unprovoked,NEW ZEALAND,South Island,fishing,f,54.0,N,evening,,1962,1
Unprovoked,AUSTRALIA,New South Wales,surfing/bodyboarding,,,N,,,1962,1
Unprovoked,MARSHALL ISLANDS,Kwajalein Atoll,fishing,m,57.0,N,afternoon,,1962,1
Unprovoked,SPAIN,Catalonia,,f,,N,,,1962,
Unprovoked,INDONESIA,East Flores,,,,Y,,,,
Unprovoked,AUSTRALIA,South Australia,diving,m,,N,,,1962,1
Unprovoked,AUSTRALIA,Queensland,wading,f,18.0,Y,afternoon,,1961,12
Unprovoked,AUSTRALIA,Queensland,wading,m,24.0,N,afternoon,,1961,12
Unprovoked,SOUTH AFRICA,KwaZulu-Natal,swimming,m,18.0,N,afternoon,bull,1961,12
Unprovoked,MOZAMBIQUE,Gaza,wading,m,20.0,N,afternoon,,1961,12
Unprovoked,AUSTRALIA,Queensland,surfing/bodyboarding,m,22.0,Y,morning,,1961,12
Unprovoked,AUSTRALIA,Torres Strait,swimming,m,17.0,N,afternoon,,1961,12
Unprovoked,PHILIPPINES,Western Luzon Island,,m,,N,,,1961,10
Unprovoked,USA,Florida,,m,45.0,Y,,,1961,10
Unprovoked,CROATIA,Primorje-Gorski Kotar County ,swimming,m,19.0,Y,afternoon,great white,1961,9
Unprovoked,MID ATLANTIC OCEAN,165  miles from Bermuda,rescuing,m,22.0,N,morning,whitetip,1961,9
Unprovoked,PERSIAN GULF,25 km off the coast of Iran & 483km from mouth of Persian Gulf,diving,m,,N,morning,,1961,9
Unprovoked,USA,California,swimming,m,16.0,N,morning,great white,1961,8
Unprovoked,USA,South Carolina,wading,m,19.0,N,morning,great white,1961,8
Unprovoked,BERMUDA,,dive fishing,m,22.0,N,morning,blacktip,1961,8
Unprovoked,USA,Hawaii,fishing,m,38.0,N,evening,,1961,8
Unprovoked,TURKEY,Anatolia,swimming,m,16.0,N,,,1961,7
Unprovoked,ITALY,Adriatic Sea,dive fishing,m,21.0,N,afternoon,great white,1961,7
Unprovoked,USA,Florida,dive fishing,m,23.0,Y,morning,,1961,6
Unprovoked,USA,Florida,wading,m,25.0,N,afternoon,,1961,6
Unprovoked,NEW BRITAIN,East New Britain Province,dive fishing,m,,N,,,1961,6
Unprovoked,USA,California,diving,m,20.0,N,morning,great white,1961,5
Unprovoked,NEW BRITAIN,East New Britain Province,fishing,m,,N,,,1961,5
Unprovoked,USA,Florida,wading,m,52.0,N,morning,hammerhead,1961,5
Unprovoked,MOZAMBIQUE,Gaza,swimming,m,37.0,N,morning,bull,1961,4
Unprovoked,USA,Florida,dive fishing,m,22.0,N,,tiger,1961,4
Unprovoked,AUSTRALIA,New South Wales,adrift,m,40.0,N,night,,1961,4
Unprovoked,MOZAMBIQUE,Gaza,small watercraft,m,38.0,Y,morning,bull,1961,4
Unprovoked,AUSTRALIA,Victoria,dive fishing,m,24.0,N,,nurse,1961,4
Unprovoked,AUSTRALIA,South Australia,dive fishing,m,24.0,N,,bronze whaler,1961,3
Unprovoked,AUSTRALIA,Victoria,swimming,m,24.0,N,afternoon,,1961,3
Unprovoked,AUSTRALIA,South Australia,dive fishing,m,21.0,N,afternoon,great white,1961,3
Unprovoked,NORTH PACIFIC OCEAN,Wake Island (EnenKio),diving,m,33.0,N,afternoon,reef,1961,3
Unprovoked,FIJI,"19S, 178?E",swimming,m,,N,morning,,1961,3
Unprovoked,AUSTRALIA,Victoria,wading,f,,N,evening,,1961,2
Unprovoked,JAMAICA,,,m,,Y,,,1961,2
Unprovoked,SOUTH AFRICA,Western Cape Province,dive fishing,m,27.0,N,afternoon,,1961,2
Unprovoked,SOUTH AFRICA,Eastern Cape Province,swimming,m,14.0,Y,afternoon,mako,1961,2
Unprovoked,AUSTRALIA,Western Australia,fishing,m,,N,,nurse,1961,2
Unprovoked,SOUTH AFRICA,KwaZulu-Natal,swimming,m,15.0,N,afternoon,great white,1961,1
Unprovoked,SOUTH AFRICA,KwaZulu-Natal,wading,m,13.0,N,evening,great white,1961,1
Unprovoked,MOZAMBIQUE,Limpopo River,swimming,m,,N,afternoon,bull,1961,1
Unprovoked,SOUTH AFRICA,Western Cape Province,wading,m,,N,afternoon,,1961,1
Unprovoked,COLUMBIA,Roncador Bank,wading,m,,N,,,1961,1
Unprovoked,NEW CALEDONIA,,dive fishing,,,N,,,1961,
Unprovoked,SENEGAL,Cap Vert Peninsula,diving,m,20.0,Y,,,1961,
Unprovoked,USA,Hawaii,fishing,m,,Y,,,1960,12
Unprovoked,SOUTH AFRICA,KwaZulu-Natal,swimming,m,25.0,Y,afternoon,great white,1960,12
Unprovoked,AUSTRALIA,Queensland,fishing,m,,N,,bull,1960,12
Unprovoked,PAPUA NEW GUINEA,Central Province,fishing,m,,Y,,,1960,11
Unprovoked,USA,New Jersey,swimming,m,25.0,N,evening,,1960,8
Unprovoked,USA,Connecticut,diving,m,38.0,N,afternoon,,1960,8
Unprovoked,PAPUA NEW GUINEA,Milne Bay Province,diving,m,,N,,,1960,8
Unprovoked,USA,New Jersey,,m,14.0,N,,,1960,8
Unprovoked,USA,New Jersey,wading,m,24.0,N,afternoon,,1960,8
Unprovoked,USA,Delaware,fishing,m,46.0,N,,,1960,8
Unprovoked,USA,South Carolina,swimming,m,,Y,,,1960,8
Unprovoked,PAPUA NEW GUINEA,Milne Bay Province,dive fishing,m,25.0,N,evening,,1960,7
Unprovoked,USA,Mississippi,small watercraft,m,17.0,N,,,1960,7
Unprovoked,PAPUA NEW GUINEA,Madang,fishing,m,,N,,,1960,7
Unprovoked,USA,Florida,diving,m,39.0,N,morning,mako,1960,6
Unprovoked,PHILIPPINES,Corregidor Island,diving,m,58.0,Y,morning,,1960,6
Unprovoked,USA,Georgia,swimming,m,24.0,N,afternoon,,1960,6
Unprovoked,PANAMA,San Blas Islands,dive fishing,m,27.0,N,morning,,1960,5
Unprovoked,BERMUDA,Paget,diving,m,25.0,N,afternoon,dusky,1960,5
Unprovoked,USA,California,swimming,f,16.0,N,afternoon,great white,1960,5
Unprovoked,PAPUA NEW GUINEA,Madang,,,,Y,,,1960,5
Unprovoked,SOUTH AFRICA,KwaZulu-Natal,swimming,m,16.0,N,afternoon,great white,1960,4
Unprovoked,USA,California,diving,m,48.0,N,afternoon,great white,1960,4
Unprovoked,AUSTRALIA,New South Wales,surfing/bodyboarding,m,17.0,N,afternoon,great white,1960,4
Unprovoked,AUSTRALIA,Victoria,dive fishing,m,,N,,,1960,4
Unprovoked,AUSTRALIA,New South Wales,dive fishing,m,,N,afternoon,bronze whaler,1960,4
Unprovoked,FIJI,Vanua Levu,fishing,f,,Y,,,1960,4
Unprovoked,USA,Florida,swimming,m,42.0,N,afternoon,,1960,3
Unprovoked,GUAM,,dive fishing,m,44.0,N,afternoon,,1960,3
Unprovoked,AUSTRALIA,Tasmania,wading,m,,N,night,,1960,2
Unprovoked,NEW ZEALAND,North Island,dive fishing,m,22.0,N,,bronze whaler,1960,2
Unprovoked,PAPUA NEW GUINEA,Central Province,dive fishing,m,26.0,Y,,tiger,1960,2
Unprovoked,PAPUA NEW GUINEA,Madang (WO),,m,,N,,,1960,1
Unprovoked,AUSTRALIA,New South Wales,diving,m,13.0,Y,afternoon,bull,1960,1
Unprovoked,NICARAGUA ,Pacific coast,wading,m,,N,morning,,1960,
Unprovoked,GRENADA,St. Georges ,dive fishing,m,9.0,N,,,1960,
Unprovoked,SRI LANKA,Eastern  Province,dive fishing,m,,N,,reef,,
Unprovoked,SRI LANKA,Eastern  Province,fishing,m,,N,,reef,,
Unprovoked,FIJI,Northwest of Viti Levu,dive fishing,m,,N,,,,
Unprovoked,PAPUA NEW GUINEA,Madang,dive fishing,m,16.0,Y,,,1960,
Unprovoked,PAPUA NEW GUINEA,West New Britain Province,fishing,m,20.0,N,,,1960,
Unprovoked,MOZAMBIQUE,Gaza,swimming,f,5.0,Y,,,1960,1
Unprovoked,SOUTH AFRICA,Eastern Cape Province,wading,f,,N,morning,,1960,1
Unprovoked,PAPUA NEW GUINEA,Rigo subdistrict,swimming,,13.0,Y,,,1959,12
Unprovoked,AUSTRALIA,Queensland,diving,m,29.0,Y,morning,,1959,12
Unprovoked,AUSTRALIA,Victoria,surfing/bodyboarding,m,19.0,N,afternoon,,1959,11
Unprovoked,AUSTRALIA,Queensland,wading,m,17.0,N,morning,,1959,11
Unprovoked,AUSTRALIA,Queensland,,m,19.0,N,morning,,1959,11
Unprovoked,USA,California,swimming,m,21.0,N,morning,blue,1959,11
Unprovoked,MOZAMBIQUE,Maputo Province,swimming,m,,Y,,,1959,10
Unprovoked,PAPUA NEW GUINEA,Madang,,,,N,,,1959,10
Unprovoked,USA,California,diving,m,30.0,N,afternoon,great white,1959,10
Unprovoked,FIJI,Lomaiviti Province,adrift,m,,Y,,,1959,10
Unprovoked,FIJI,Kadavu,dive fishing,m,36.0,N,afternoon,tiger,1959,10
Unprovoked,PHILIPPINES,Leyte Island,swimming,m,28.0,N,,,1959,9
Unprovoked,INDIA,Orissa,,,,Y,,,1959,9
Unprovoked,MEXICO,Guerrrero,,f,,Y,,,1959,9
Unprovoked,USA,Florida,dive fishing,m,26.0,Y,,,1959,8
Unprovoked,JAPAN,Wakayama Prefecture,swimming,m,,Y,afternoon,blue,1959,8
Unprovoked,USA,Georgia,wading,f,15.0,N,evening,,1959,8
Unprovoked,USA,California,dive fishing,m,25.0,N,evening,hammerhead,1959,7
Unprovoked,JAPAN,Okayama Prefecture,,m,22.0,Y,afternoon,blue,1959,7
Unprovoked,MEXICO,Quintana Roo,wading,m,,Y,morning,,1959,7
Unprovoked,TURKEY,Mersin Province,,m,,N,,,1959,6
Unprovoked,MEXICO,Guyamas,adrift,m,,Y,,,1959,6
Unprovoked,USA,California,diving,m,33.0,Y,evening,great white,1959,6
Unprovoked,USA,Florida,,f,37.0,N,,,1959,5
Unprovoked,USA,California,swimming,m,18.0,Y,evening,great white,1959,5
Unprovoked,USA,Florida,dive fishing,m,19.0,N,morning,tiger,1959,5
Unprovoked,MID ATLANTIC OCEAN,Between England & South Africa,rescuing,m,,N,,,1959,5
Unprovoked,AUSTRALIA,Torres Strait,diving,m,43.0,N,,tiger,1959,4
Unprovoked,USA,Hawaii,fishing,m,,N,,,1959,4
Unprovoked,SOUTH AFRICA,Eastern Cape Province,fishing,m,,N,,,1959,4
Unprovoked,AUSTRALIA,New South Wales,dive fishing,m,,N,,,1959,4
Unprovoked,USA,Florida,swimming,m,13.0,N,afternoon,,1959,3
Unprovoked,PHILIPPINES,Mindanao,adrift,m,20.0,Y,,,1959,3
Unprovoked,VENEZUELA,Nueva Esparta,adrift,m,,N,,,1959,2
Unprovoked,SOLOMON ISLANDS,Guadalcanal Province,wading,m,15.0,Y,evening,,1959,2
Unprovoked,SOUTH AFRICA,KwaZulu-Natal,swimming,m,14.0,N,afternoon,,1959,2
Unprovoked,AUSTRALIA,Western Australia,,m,20.0,N,night,nurse,1959,1
Unprovoked,ECUADOR,Galapagos Islands,adrift,m,57.0,N,,,1959,1
Unprovoked,AUSTRALIA,Tasmania,swimming,m,16.0,N,,,1959,1
Unprovoked,AUSTRALIA,Tasmania,,m,22.0,Y,afternoon,,1959,1
Unprovoked,AUSTRALIA,Queensland,surfing/bodyboarding,m,17.0,N,morning,,1959,1
Unprovoked,SOUTH AFRICA,Western Cape Province,swimming,m,18.0,N,afternoon,great white,1959,1
Unprovoked,NEW GUINEA,Milne Bay Province,wading,m,,N,,,1959,1
Unprovoked,MOZAMBIQUE,Maputo Province,fishing,m,,Y,morning,,1959,1
Unprovoked,AUSTRALIA,Tasmania,dive fishing,m,,N,,,1959,1
Unprovoked,SOUTH KOREA,South Chungcheong Province,swimming,m,,Y,,great white,,
Unprovoked,INDIA,Orissa,,,,Y,,,,
Unprovoked,PAPUA NEW GUINEA,West New Britain Province,dive fishing,m,,N,,,1959,
Unprovoked,PAPUA NEW GUINEA,West New Britain Province,fishing,m,,N,,,1959,
Unprovoked,PAPUA NEW GUINEA,"New Ireland Province, Bismarck Archipelago",,m,,Y,,,1959,
Unprovoked,PAPUA NEW GUINEA,Madang Province,,,,N,,,1958,12
Unprovoked,SOUTH AFRICA,Western Cape Province,swimming,m,14.0,Y,,,1958,12
Unprovoked,USA,Hawaii,surfing/bodyboarding,m,15.0,Y,afternoon,tiger,1958,12
Unprovoked,AMERICAN SAMOA,Tutuila Island,,m,22.0,Y,morning,tiger,1958,12
Unprovoked,AUSTRALIA,Queensland,swimming,m,21.0,Y,afternoon,,1958,11
Unprovoked,PAPUA NEW GUINEA,"Admiralty Islands, Manus Province",dive fishing,m,,Y,,,1958,11
Unprovoked,USA,California,swimming,m,15.0,N,,,1958,10
Unprovoked,USA,Florida,,m,60.0,N,,,1958,10
Unprovoked,PAPUA NEW GUINEA,West New Britain Province,,m,26.0,N,,,1958,10
Unprovoked,ANDAMAN / NICOBAR ISLANDAS,,,m,32.0,Y,afternoon,blue,1958,9
Unprovoked,BAHAMAS,Cat Cay,fishing,m,42.0,N,morning,,1958,9
Unprovoked,CROATIA,Primorje-Gorski Kotar County,swimming,f,,N,evening,,1958,8
Unprovoked,MEXICO,Guerrero,swimming,f,,Y,,,1958,7
Unprovoked,USA,Florida,swimming,m,12.0,N,afternoon,tiger,1958,7
Unprovoked,USA,Florida,swimming,m,8.0,N,afternoon,tiger,1958,7
Unprovoked,USA,Florida,,m,35.0,Y,,,1958,7
Unprovoked,KENYA,Coast Province,swimming,m,21.0,Y,evening,,1958,7
Unprovoked,PAPUA NEW GUINEA,"New Ireland Province, Bismarck Archipelago",swimming,m,38.0,Y,,,1958,7
Unprovoked,BAHAMAS,Abaco Islands,dive fishing,m,36.0,N,afternoon,tiger,1958,7
Unprovoked,USA,Florida,,m,,N,,,1958,7
Unprovoked,USA,Florida,wading,m,17.0,N,evening,tiger,1958,6
Unprovoked,TAIWAN,Taipei Hsien,diving,m,29.0,N,evening,mako,1958,4
Unprovoked,SOUTH AFRICA,KwaZulu-Natal,surfing/bodyboarding,f,28.0,Y,morning,,1958,4
Unprovoked,SOUTH AFRICA,KwaZulu-Natal,swimming,m,29.0,Y,afternoon,,1958,4
Unprovoked,PAPUA NEW GUINEA,Morobe Province,fishing,m,,N,,,1958,4
Unprovoked,AUSTRALIA,New South Wales,dive fishing,m,17.0,N,,,1958,1
Unprovoked,AUSTRALIA,New South Wales,surfing/bodyboarding,m,14.0,N,afternoon,,1958,1
Unprovoked,SOUTH AFRICA,KwaZulu-Natal,swimming,m,,Y,morning,great white,1958,1
Unprovoked,PAPUA NEW GUINEA,Louisiade Archipelago,,,,Y,,,1958,
Unprovoked,PAPUA NEW GUINEA,West New Britain Province,dive fishing,m,,Y,,,1958,
Unprovoked,PAPUA NEW GUINEA,West New Britain Province,dive fishing,m,,Y,,,1958,
Unprovoked,PAPUA NEW GUINEA,Morobe Province,fishing,m,,N,,,1958,
Unprovoked,SOUTH AFRICA,KwaZulu-Natal,wading,m,,Y,,,,
Unprovoked,AUSTRALIA,South Australia,dive fishing,m,,N,,,1957,12
Unprovoked,SOUTH AFRICA,KwaZulu-Natal,wading,f,14.0,N,afternoon,,1957,12
Unprovoked,SOUTH AFRICA,KwaZulu-Natal,diving,m,20.0,N,morning,,1957,12
Unprovoked,SOUTH AFRICA,KwaZulu-Natal,swimming,m,23.0,Y,afternoon,,1957,12
Unprovoked,SOUTH AFRICA,KwaZulu-Natal,wading,m,15.0,Y,afternoon,,1957,12
Unprovoked,SOUTH AFRICA,KwaZulu-Natal,surfing/bodyboarding,m,16.0,N,evening,,1957,12
Unprovoked,SOLOMON ISLANDS,Honiara,,m,22.0,Y,evening,,1957,10
Unprovoked,SOLOMON ISLANDS,Honiara,,f,28.0,Y,evening,,1957,10
Unprovoked,MARSHALL ISLANDS,Eniwetok Atoll,,m,,N,,mako,1957,9
Unprovoked,USA,North Carolina,swimming,m,57.0,Y,afternoon,great white,1957,7
Unprovoked,AUSTRALIA,Torres Strait,diving,m,36.0,N,,,1957,7
Unprovoked,AUSTRALIA,New South Wales,dive fishing,m,28.0,N,afternoon,,1957,5
Unprovoked,SOLOMON ISLANDS,,fishing,m,,N,,,1957,5
Unprovoked,USA,Florida,,m,,N,,,1957,5
Unprovoked,USA,California,swimming,m,25.0,Y,afternoon,great white,1957,4
Unprovoked,AUSTRALIA,New South Wales,surfing/bodyboarding,m,15.0,N,,wobbegong,1957,4
Unprovoked,AUSTRALIA,Torres Strait,swimming,m,22.0,N,afternoon,,1957,4
Unprovoked,PAPUA NEW GUINEA,Bougainville (North Solomons),small watercraft,m,17.0,N,,,1957,4
Unprovoked,SOLOMON ISLANDS,Bougainville (North Solomons),small watercraft,m,15.0,N,,,1957,4
Unprovoked,FIJI,Viti Levu,dive fishing,m,,N,,,1957,2
Unprovoked,USA,Florida,swimming,m,,N,afternoon,,1957,2
Unprovoked,USA,Florida,diving,m,,N,,mako,1957,2
Unprovoked,SOUTH AFRICA,KwaZulu-Natal,wading,m,12.0,Y,,,1957,1
Unprovoked,USA,Florida,wading,,,N,,,1957,
Unprovoked,CUBA,Havana Province,fishing,m,18.0,Y,,,1957,
Unprovoked,USA,Florida,diving,m,,N,,bull,1957,
Unprovoked,FIJI,Kadavu,fishing,m,30.0,N,,,1957,
Unprovoked,IRAN,Karun River,,m,,N,,bull,1957,
Unprovoked,PAPUA NEW GUINEA,"Abau Subdistrict,Central Province",fishing,m,,Y,,,1957,
Unprovoked,IRAN,Karun River,,m,,N,,bull,1957,
Unprovoked,PAPUA NEW GUINEA,"New Britain, Bismarck Archipelago",fishing,m,,Y,,,1957,
Unprovoked,PAPUA NEW GUINEA,Milne Bay Province,dive fishing,m,19.0,Y,afternoon,tiger,1956,12
Unprovoked,PAPUA NEW GUINEA,Milne Bay Province,dive fishing,m,16.0,Y,afternoon,,1956,12
Unprovoked,GABON,Estuaire Province,swimming,m,,Y,,,1956,12
Unprovoked,SOUTH AFRICA,Western Cape Province,diving,m,29.0,N,,great white,1956,10
Unprovoked,PAPUA NEW GUINEA,Central Province,dive fishing,m,,N,,,1956,10
Unprovoked,SENEGAL,"Near Dakar, Cap Vert Peninsula",fishing,m,19.0,N,evening,lemon,1956,10
Unprovoked,PAPUA NEW GUINEA,,fishing,m,,Y,,,1956,10
Unprovoked,USA,Florida,fishing,m,27.0,N,,,1956,9
Unprovoked,,Near the Andaman & Nicobar Islands,,m,,Y,evening,blue,1956,9
Unprovoked,MAYOTTE,Mozambique Channel,fishing,m,,Y,,tiger,1956,9
Unprovoked,ITALY,Tyrrenian Sea,diving,m,,N,,great white,1956,9
Unprovoked,PAPUA NEW GUINEA,Central Province,fishing,m,34.0,Y,,,1956,8
Unprovoked,PAPUA NEW GUINEA,Central Province,fishing,m,,N,,,1956,8
Unprovoked,USA,Puerto Rico,diving,m,13.0,Y,,,1956,8
Unprovoked,USA,California,swimming,m,10.0,N,afternoon,great white,1956,8
Unprovoked,SOUTH AFRICA,KwaZulu-Natal,fishing,m,23.0,N,afternoon,,1956,8
Unprovoked,PAPUA NEW GUINEA,Central Province,fishing,m,,N,,,1956,8
Unprovoked,PAPUA NEW GUINEA,Central Province,fishing,m,,N,,,1956,8
Unprovoked,MALTA,St. Thomas Bay,swimming,m,40.0,Y,,great white,1956,7
Unprovoked,USA,Florida,wading,f,38.0,N,evening,,1956,7
Unprovoked,USA,South Carolina,swimming,m,7.0,N,afternoon,,1956,7
Unprovoked,AUSTRALIA,Torres Strait,adrift,m,,N,,,1956,6
Unprovoked,CUBA,,diving,m,30.0,Y,,,1956,5
Unprovoked,AUSTRALIA,Torres Strait,diving,,,N,,,1956,5
Unprovoked,AUSTRALIA,New South Wales,wading,m,13.0,N,,,1956,3
Unprovoked,AUSTRALIA,Victoria,swimming,m,26.0,Y,afternoon,,1956,3
Unprovoked,AUSTRALIA,Western Australia,wading,m,21.0,N,,,1956,3
Unprovoked,AUSTRALIA,Queensland,diving,m,15.0,Y,morning,,1956,2
Unprovoked,AUSTRALIA,Victoria,swimming,m,8.0,N,,,1956,2
Unprovoked,AUSTRALIA,Torres Strait,diving,m,18.0,N,,,1956,1
Unprovoked,COSTA RICA,,swimming,m,33.0,Y,,,1956,1
Unprovoked,AUSTRALIA,New South Wales,small watercraft,m,25.0,N,,,1956,1
Unprovoked,PAPUA NEW GUINEA,Madang Province,diving,m,,N,,,1956,
Unprovoked,GREECE,Corfu Island,swimming,f,15.0,Y,,great white,1956,
Unprovoked,PAPUA NEW GUINEA,Milne Bay Province,,,,N,,,1956,
Unprovoked,PAPUA NEW GUINEA,"Admiralty Islands, Manus Province",,m,,N,,,1956,
Unprovoked,PAPUA NEW GUINEA,New Ireland Province,,m,,Y,,,1956,
Unprovoked,PAPUA NEW GUINEA,Central Province,swimming,m,8.0,N,evening,wobbegong,1955,11
Unprovoked,PAPUA NEW GUINEA,"Admiralty Islands, Manus Province",dive fishing,m,,N,,,1955,11
Unprovoked,USA,Hawaii,,m,,N,morning,,1955,9
Unprovoked,USA,California,swimming,m,16.0,N,,,1955,9
Unprovoked,USA,California,,m,,N,,,1955,9
Unprovoked,JAPAN,Izo Islands,fishing,m,,Y,,,1955,8
Unprovoked,CROATIA, Primorje-Gorski Kotar County,swimming,f,32.0,Y,,great white,1955,8
Unprovoked,AMERICAN SAMOA,Tutuila Island,swimming,m,28.0,Y,morning,blue,1955,8
Unprovoked,NORTH ATLANTIC OCEAN ,Open sea,swimming,m,15.0,N,afternoon,,1955,8
Unprovoked,JAPAN,Okayama Prefecture,,m,22.0,Y,afternoon,blue,1955,7
Unprovoked,USA,Rhode Island,wading,m,13.0,N,,,1955,6
Unprovoked,MONTENEGRO,Adriatic Sea,swimming,m,,Y,,great white,1955,7
Unprovoked,YEMEN,Aden,swimming,f,,Y,,,1955,7
Unprovoked,PAPUA NEW GUINEA,"Admiralty Islands, Manus Province",dive fishing,m,,N,afternoon,,1955,5
Unprovoked,PAPUA NEW GUINEA,Central Province,dive fishing,m,,N,,,1955,4
Unprovoked,PAPUA NEW GUINEA,,dive fishing,m,,N,,,1955,4
Unprovoked,USA,Hawaii,fishing,m,,N,,,1955,4
Unprovoked,AUSTRALIA,New South Wales,surfing/bodyboarding,m,22.0,Y,evening,,1955,3
Unprovoked,PAPUA NEW GUINEA,"New Ireland, Bismarck Archipelago",dive fishing,m,,N,,,1955,3
Unprovoked,USA,California,diving,m,,N,,,1955,2
Unprovoked,USA,California,dive fishing,m,19.0,N,afternoon,great white,1955,2
Unprovoked,AUSTRALIA,New South Wales,swimming,m,25.0,Y,afternoon,bronze whaler,1955,2
Unprovoked,INDIA,Tamil Nadu,fishing,m,25.0,N,,,1955,2
Unprovoked,AUSTRALIA,New South Wales,dive fishing,m,13.0,Y,afternoon,bronze whaler,1955,1
Unprovoked,SOUTH AFRICA,KwaZulu-Natal,,m,,Y,afternoon,,1955,1
Unprovoked,MADAGASCAR,18S / 50E,wading,m,16.0,Y,afternoon,,1955,
Unprovoked,COLUMBIA,Isles del Rosario,dive fishing,m,12.0,N,,,1955,1
Unprovoked,PAPUA NEW GUINEA,New Ireland,,m,,N,,,1955,
Unprovoked,AMERICAN SAMOA,Tutuila Island,adrift,m,27.0,Y,,,1954,12
Unprovoked,AUSTRALIA,Victoria,swimming,m,23.0,Y,morning,,1954,12
Unprovoked,PAPUA NEW GUINEA,Central Province,small watercraft,m,,Y,afternoon,,1954,12
Unprovoked,SOUTH AFRICA,KwaZulu-Natal,swimming,m,16.0,N,morning,,1954,12
Unprovoked,USA,Wake Island,dive fishing,m,,N,afternoon,reef,1954,11
Unprovoked,USA,California,swimming,m,35.0,N,,,1954,9
Unprovoked,HONG KONG,,swimming,m,20.0,Y,,,1954,9
Unprovoked,AUSTRALIA,Torres Strait,dive fishing,m,35.0,Y,,,1954,9
Unprovoked,ITALY,Liguaria,dive fishing,m,27.0,N,,,,
Unprovoked,USA,Louisiana,wading,f,27.0,N,night,,1954,8
Unprovoked,ECUADOR,Galapagos Islands,wading,m,34.0,N,,,1954,7
Unprovoked,SINGAPORE,,diving,m,28.0,Y,,,1954,7
Unprovoked,THE BALKANS,Slovenia,swimming,m,,Y,night,,1954,7
Unprovoked,USA,Louisiana,wading,f,4.0,N,morning,,1954,7
Unprovoked,USA,Florida,,,,N,,nurse,1954,7
Unprovoked,BERMUDA,South shore ,swimming,m,22.0,N,,dusky,1954,7
Unprovoked,GREECE,,swimming,m,,Y,,,1954,7
Unprovoked,AUSTRALIA,Queensland,diving,m,30.0,N,afternoon,,1954,6
Unprovoked,HONG KONG,,wading,m,,Y,,,1954,6
Unprovoked,PAPUA NEW GUINEA,East Sepik,fishing,m,,Y,,,1954,5
Unprovoked,PAPUA NEW GUINEA,Madang Province,,,,N,,,1954,5
Unprovoked,AUSTRALIA,New South Wales,swimming,m,23.0,Y,evening,,1954,2
Unprovoked,AUSTRALIA,New South Wales,swimming,m,,N,,,1954,1
Unprovoked,AUSTRALIA,Torres Strait,dive fishing,m,30.0,N,,,1954,1
Unprovoked,ARGENTINA,Buenos Aires Province,swimming,m,18.0,N,afternoon,great white,1954,1
Unprovoked,PAPUA NEW GUINEA,Madang Province,wading,m,26.0,N,afternoon,,1954,1
Unprovoked,IRAN,Karun River,,m,,Y,,bull,1954,
Unprovoked,MARTINIQUE,,,m,,N,,nurse,1954,
Unprovoked,MEXICO,Baja California,diving,m,,Y,,,1954,
Unprovoked,USA,Hawaii,fishing,m,,N,,,1954,
Unprovoked,PAPUA NEW GUINEA,West New Britain Province,swimming,m,12.0,N,,,1954,
Unprovoked,IRAN,Karun River,,f,,Y,,bull,,
Unprovoked,IRAN,Karun River,,m,,N,,bull,,
Unprovoked,SOUTH AFRICA,Eastern Cape Province,swimming,f,,N,morning,,1953,12
Unprovoked,SOUTH AFRICA,Eastern Cape Province,swimming,m,23.0,N,,,1953,12
Unprovoked,AUSTRALIA,Queensland,wading,m,16.0,N,afternoon,,1953,12
Unprovoked,AUSTRALIA,New South Wales,small watercraft,m,,N,,,1953,12
Unprovoked,PHILIPPINES,Luzon Island,,m,23.0,Y,,,1953,9
Unprovoked,USA,California,diving,m,,N,,,1953,9
Unprovoked,USA,Hawaii,dive fishing,m,,N,,hammerhead,1953,9
Unprovoked,MEXICO,Colima,wading,f,18.0,Y,,,1953,7
Unprovoked,USA,Hawaii,dive fishing,m,15.0,Y,morning,,1953,7
Unprovoked,USA,Florida,wading,f,26.0,N,,,1953,7
Unprovoked,USA,Hawaii,adrift,m,,N,morning,,1953,7
Unprovoked,PANAMA,Gulf of Panama,adrift,m,19.0,N,,,1953,7
Unprovoked,USA,Texas,swimming,f,19.0,N,afternoon,,1953,4
Unprovoked,IRAN,Karun River,,m,,N,,bull,1953,4
Unprovoked,IRAN,Karun River,swimming,m,,N,,bull,1953,4
Unprovoked,AUSTRALIA,New South Wales,dive fishing,m,23.0,N,,,1953,3
Unprovoked,AUSTRALIA,South Australia,dive fishing,m,,N,,,1953,3
Unprovoked,PAPUA NEW GUINEA,Milne Bay Province,,m,,Y,,tiger,1953,3
Unprovoked,AUSTRALIA,New South Wales,dive fishing,m,25.0,N,evening,wobbegong,1953,2
Unprovoked,AUSTRALIA,,dive fishing,m,,N,,wobbegong,1953,2
Unprovoked,AUSTRALIA,,dive fishing,m,,N,,wobbegong,1953,
Unprovoked,PAPUA NEW GUINEA,Bougainville (North Solomons),wading,m,,Y,,,1953,
Unprovoked,USA,Florida,wading,f,,N,,,1953,
Unprovoked,AUSTRALIA,Victoria,wading,m,,N,,,1952,12
Unprovoked,AUSTRALIA,South Australia,fishing,m,25.0,N,night,,1952,12
Unprovoked,USA,Hawaii,swimming,m,,Y,,,1952,8
Unprovoked,USA,California,surfing/bodyboarding,m,17.0,Y,afternoon,great white,1952,12
Unprovoked,USA,Hawaii,fishing,m,40.0,Y,,,1952,12
Unprovoked,PAPUA NEW GUINEA,"Abau Sub District, Central Province",fishing,m,,N,,,1952,10
Unprovoked,USA,Puerto Rico,dive fishing,m,,N,morning,tiger,1952,7
Unprovoked,USA,California,swimming,m,,N,morning,great white,1952,5
Unprovoked,AUSTRALIA,Western Australia,wading,m,,N,,wobbegong,1952,5
Unprovoked,INDIA,,wading,m,,N,,,1952,5
Unprovoked,NETHERLANDS ANTILLES,Curacao,,m,,N,,bull,1952,3
Unprovoked,AUSTRALIA,New South Wales,surfing/bodyboarding,m,,N,,,1952,1
Unprovoked,LIBERIA,Montserrado,fishing,m,,Y,,,,
Unprovoked,PAPUA NEW GUINEA,"Admiralty Islands, Manus Province",dive fishing,m,,N,,,1952,
Unprovoked,PAPUA NEW GUINEA,"Admiralty Islands, Manus Province",dive fishing,m,,Y,,,1952,
Unprovoked,PAPUA NEW GUINEA,New Ireland Province,dive fishing,m,27.0,Y,,,1952,
Unprovoked,USA,Florida,swimming,m,,Y,,,1952,
Unprovoked,MOZAMBIQUE,Bay of Maputu,swimming,m,15.0,Y,,,1951,12
Unprovoked,AUSTRALIA,New South Wales,swimming,m,21.0,Y,afternoon,,1951,12
Unprovoked,SOUTH AFRICA,KwaZulu-Natal,swimming,m,23.0,N,afternoon,great white,1951,11
Unprovoked,JAMAICA,Kingston Parish,fishing,m,81.0,N,,,1951,11
Unprovoked,SOUTH AFRICA,KwaZulu-Natal,swimming,m,24.0,N,evening,great white,1951,11
Unprovoked,PHILIPPINES,,adrift,m,,Y,,,1951,11
Unprovoked,AUSTRALIA,Queensland,swimming,m,42.0,Y,evening,,1951,10
Unprovoked,ITALY,Salerno,swimming,f,21.0,Y,,,1951,9
Unprovoked,ITALY,Salerno Province,fishing,m,,N,night,,1951,9
Unprovoked,AUSTRALIA,Queensland,,m,56.0,Y,,,1951,9
Unprovoked,GREECE,Corfu Island,swimming,m,18.0,N,,great white,1951,8
Unprovoked,GREECE,Corfu Island,swimming,f,16.0,Y,,great white,1951,8
Unprovoked,ITALY,Taranto,diving,m,,N,,,1951,8
Unprovoked,COLUMBIA,Caribbean Sea,wading,,,Y,,,,
Unprovoked,USA,California,,m,13.0,N,,,1951,7
Unprovoked,PACIFIC OCEAN,,adrift,m,40.0,N,afternoon,,1951,7
Unprovoked,USA,Hawaii,fishing,m,,Y,,,1951,6
Unprovoked,FRENCH POLYNESIA,Tuamotus,dive fishing,m,39.0,N,morning,,1951,6
Unprovoked,MEXICO,,diving,m,16.0,N,afternoon,,1951,5
Unprovoked,AUSTRALIA,New South Wales,fishing,m,,N,,,1951,3
Unprovoked,SOUTH AFRICA,KwaZulu-Natal,surfing/bodyboarding,m,19.0,N,afternoon,,1951,3
Unprovoked,SOUTH AFRICA,Eastern Cape Province,surfing/bodyboarding,m,31.0,N,afternoon,,1951,2
Unprovoked,AUSTRALIA,New South Wales,dive fishing,m,20.0,N,,,1951,2
Unprovoked,AUSTRALIA,New South Wales,swimming,m,14.0,N,,,1951,2
Unprovoked,SOUTH AFRICA,KwaZulu-Natal,swimming,m,19.0,Y,afternoon,,1951,1
Unprovoked,NEW GUINEA,Madang Province,,,,Y,,,1951,
Unprovoked,AUSTRALIA,Queensland,surfing/bodyboarding,m,19.0,N,,nurse,1950,12
Unprovoked,AUSTRALIA,New South Wales,swimming,,,N,,wobbegong,1950,12
Unprovoked,AUSTRALIA,Queensland,swimming,m,20.0,Y,afternoon,,1950,12
Unprovoked,AUSTRALIA,Queensland,surfing/bodyboarding,m,21.0,N,evening,great white,1950,11
Unprovoked,USA,California,surfing/bodyboarding,m,31.0,N,afternoon,great white,1950,10
Unprovoked,AUSTRALIA,Queensland,fishing,m,25.0,N,night,,1950,10
Unprovoked,SAUDI ARABIA,Eastern Province,diving,m,,N,evening,,1950,8
Unprovoked,JAPAN,Sago Prefecture,swimming,m,19.0,Y,evening,,1950,7
Unprovoked,CUBA,Caribbean Sea,,m,30.0,N,evening,,1950,7
Unprovoked,USA,Texas,swimming,m,11.0,N,,hammerhead,1950,7
Unprovoked,USA,Florida,wading,m,21.0,N,,,1950,7
Unprovoked,USA,New York,swimming,m,16.0,N,,,1950,6
Unprovoked,SOUTH AFRICA,KwaZulu-Natal,swimming,m,27.0,N,morning,,1950,5
Unprovoked,SOUTH AFRICA,Eastern Cape Province,wading,m,,N,,,1950,4
Unprovoked,SOUTH AFRICA,Eastern Cape Province,wading,m,,N,afternoon,,1950,3
Unprovoked,SOUTH AFRICA,KwaZulu-Natal,swimming,m,20.0,Y,evening,,1950,3
Unprovoked,AUSTRALIA,Western Australia,dive fishing,m,,N,,wobbegong,1950,2
Unprovoked,SOUTH AFRICA,KwaZulu-Natal,surfing/bodyboarding,m,14.0,Y,afternoon,great white,1950,2
Unprovoked,AUSTRALIA,Victoria,swimming,m,,N,,,1950,1
Unprovoked,SRI LANKA,Eastern Province,fishing,m,,N,,lemon,1950,
Unprovoked,SRI LANKA,Southern Province,dive fishing,m,,N,,reef,1950,
Unprovoked,LIBERIA,Montserrado,wading,m,,Y,,,,
Unprovoked,INDONESIA,Jakarta Harbour,,m,,Y,afternoon,tiger,,
Unprovoked,USA,Florida,wading,m,,N,,,1950,
Unprovoked,PANAMA,Canal Zone,wading,m,,N,afternoon,blacktip,1950,
Unprovoked,GREECE,,swimming,,,Y,,,,
Unprovoked,SINGAPORE,Singapore Harbor,diving,m,,Y,,,1950,
Unprovoked,NEW CALEDONIA,North Province,wading,m,,N,,,1950,
Unprovoked,NEW CALEDONIA,North Province,diving,m,,N,,,1950,1
Unprovoked,FIJI,,,m,,N,,,1950,1
Unprovoked,AUSTRALIA,Victoria,wading,m,35.0,N,,nurse,1949,12
Unprovoked,AUSTRALIA,New South Wales,wading,m,36.0,N,afternoon,,1949,11
Unprovoked,AUSTRALIA,Queensland,swimming,m,21.0,N,afternoon,,1949,8
Unprovoked,AUSTRALIA,Queensland,swimming,m,34.0,Y,afternoon,,1949,8
Unprovoked,AUSTRALIA,Tasmania,swimming,m,18.0,N,afternoon,,1949,8
Unprovoked,ITALY,Calabria,swimming,m,21.0,N,,,1949,8
Unprovoked,IRAN,Shatt-el-Arab River,swimming,m,18.0,N,,,1949,7
Unprovoked,IRAN,Shatt-al-Arab River,swimming,m,18.0,Y,,,1949,7
Unprovoked,USA,South Carolina,swimming,m,16.0,N,afternoon,,1949,7
Unprovoked,AUSTRALIA,Western Australia,wading,f,22.0,N,,,1949,5
Unprovoked,AUSTRALIA,Queensland,wading,m,13.0,Y,afternoon,,1949,4
Unprovoked,MEXICO,Tamaulipas,wading,m,,N,,,1949,4
Unprovoked,AUSTRALIA,New South Wales,,m,20.0,Y,afternoon,great white,1949,1
Unprovoked,AUSTRALIA,New South Wales,small watercraft,m,,N,,,1949,1
Unprovoked,NEW GUINEA,Calvados Archipelago,,,,Y,,,1949,
Unprovoked,PAPUA NEW GUINEA,New Ireland Province,,m,,N,,,1949,
Unprovoked,PAPUA NEW GUINEA,New Ireland Province,,m,,N,,,1949,
Unprovoked,PAPUA NEW GUINEA,Bougainville (North Solomons),dive fishing,m,18.0,Y,,,1949,
Unprovoked,PAPUA NEW GUINEA,Bougainville (North Solomons),swimming,m,,N,,,1949,
Unprovoked,NEW GUINEA,"Abau Sub District, Central Province",swimming,m,,Y,,,1949,
Unprovoked,AUSTRALIA,Western Australia,swimming,m,17.0,Y,,tiger,1948,12
Unprovoked,AUSTRALIA,Queensland,swimming,m,28.0,Y,morning,,1948,12
Unprovoked,IRAN,Shat-Al-Arab River,,m,19.0,N,,,1948,12
Unprovoked,CUBA,Guantanamo Province,adrift,m,14.0,N,,,1948,12
Unprovoked,AUSTRALIA,Queensland,fishing,m,,N,,,1948,12
Unprovoked,AUSTRALIA,Torres Strait,diving,m,41.0,N,,,1948,11
Unprovoked,GREECE,Attica,swimming,m,17.0,Y,afternoon,,1948,9
Unprovoked,USA,Hawaii,swimming,m,,N,,,1948,9
Unprovoked,USA,Hawaii,fishing,m,,N,,,1948,9
Unprovoked,TURKEY,Adana Province,swimming,m,,Y,,,1848,9
Unprovoked,IRAN,Bandar Ma’shur sea inlet,wading,f,60.0,Y,,,1948,9
Unprovoked,IRAN,Shatt-al-Arab River,,m,13.0,Y,,,1948,8
Unprovoked,IRAN,Shatt-al-Arab River,swimming,m,15.0,N,,,1948,8
Unprovoked,USA,US Virgin Islands,swimming,m,46.0,Y,,,1948,7
Unprovoked,NORTHERN MARIANA ISLANDS,Saipan,swimming,m,,N,,,1948,6
Unprovoked,KENYA,Coast Province,,m,,Y,,,,
Unprovoked,AUSTRALIA,New South Wales,swimming,m,16.0,Y,,,1948,2
Unprovoked,AUSTRALIA,New South Wales,small watercraft,m,,N,,,1948,1
Unprovoked,NEW GUINEA,Morobe Province,fishing,m,,N,,,1948,
Unprovoked,AUSTRALIA,New South Wales,fishing,m,9.0,N,evening,nurse,1947,12
Unprovoked,SENEGAL,,fishing,m,,Y,morning,tiger,1947,12
Unprovoked,AUSTRALIA,New South Wales,small watercraft,m,17.0,N,evening,,1947,11
Unprovoked,AUSTRALIA,New South Wales,small watercraft,m,16.0,N,evening,,1947,11
Unprovoked,AUSTRALIA,New South Wales,swimming,m,12.0,Y,afternoon,,1947,11
Unprovoked,AUSTRALIA,New South Wales,swimming,m,13.0,N,afternoon,,1947,11
Unprovoked,AUSTRALIA,Queensland,,m,78.0,Y,,,1947,11
Unprovoked,AUSTRALIA,Northern Territory,wading,m,,N,,,1947,10
Unprovoked,BRAZIL,Pernambuco,swimming,m,25.0,Y,,,1947,10
Unprovoked,USA,Florida,swimming,m,20.0,Y,morning,,1947,8
Unprovoked,AUSTRALIA,Northern Territory,diving,m,,N,,,1947,7
Unprovoked,SOUTH AFRICA,KwaZulu-Natal,swimming,m,20.0,N,morning,,1947,7
Unprovoked,USA,Hawaii,fishing,m,35.0,N,morning,,1947,6
Unprovoked,KENYA,Coast Province,swimming,m,,N,,,1947,5
Unprovoked,SOUTH AFRICA,KwaZulu-Natal,swimming,m,21.0,N,afternoon,,1947,4
Unprovoked,SOUTH AFRICA,KwaZulu-Natal,surfing/bodyboarding,m,14.0,N,evening,,1947,4
Unprovoked,AUSTRALIA,New South Wales,surfing/bodyboarding,m,17.0,N,,,1947,4
Unprovoked,SOUTH AFRICA,KwaZulu-Natal,wading,m,18.0,N,afternoon,,1947,3
Unprovoked,SOUTH AFRICA,KwaZulu-Natal,swimming,m,22.0,N,afternoon,blacktip,1947,3
Unprovoked,BRAZIL,Rio de Janeiro,wading,,,Y,,,1947,2
Unprovoked,SOUTH AFRICA,KwaZulu-Natal,swimming,m,18.0,N,afternoon,,1947,1
Unprovoked,AUSTRALIA,South Australia,swimming,m,23.0,N,,,1946,12
Unprovoked,AUSTRALIA,Torres Strait,diving,m,30.0,Y,,,1946,11
Unprovoked,MARSHALL ISLANDS,Kwajalein,fishing,m,,Y,,,1946,10
Unprovoked,AUSTRALIA,New South Wales,swimming,m,15.0,N,,,1946,10
Unprovoked,ISRAEL,Gaza,fishing,m,15.0,N,,,1946,8
Unprovoked,AUSTRALIA,Queensland,swimming,m,30.0,Y,afternoon,,1946,8
Unprovoked,IRAN,Khuzestan Province,fishing,m,12.0,N,,,1946,7
Unprovoked,IRAN,Khuzestan Province,swimming,m,12.0,N,,,1946,7
Unprovoked,INDIA,,wading,m,14.0,N,,,1946,6
Unprovoked,TANZANIA,Dar-es-Salaam ,swimming,m,,N,,,1946,5
Unprovoked,AUSTRALIA,Queensland,swimming,m,17.0,Y,afternoon,,1946,4
Unprovoked,SOUTH AFRICA,KwaZulu-Natal,swimming,m,21.0,N,afternoon,,1946,2
Unprovoked,AUSTRALIA,Western Australia,wading,m,18.0,N,afternoon,great white,1946,2
Unprovoked,SOUTH AFRICA,KwaZulu-Natal,swimming,m,18.0,N,morning,,1946,2
Unprovoked,SOUTH AFRICA,KwaZulu-Natal,swimming,m,15.0,N,evening,,1946,1
Unprovoked,SOUTH AFRICA,KwaZulu-Natal,swimming,m,,N,afternoon,,1946,1
Unprovoked,AUSTRALIA,Queensland,,m,12.0,N,,,1946,1
Unprovoked,SOUTH AFRICA,Western Cape Province,swimming,m,18.0,N,afternoon,,1946,1
Unprovoked,AUSTRALIA,New South Wales,swimming,f,14.0,Y,,,1946,1
Unprovoked,SOUTH AFRICA,Eastern Cape Province,surfing/bodyboarding,m,24.0,N,morning,,1946,1
Unprovoked,PERSIAN GULF,"""Head of the Gulf""",adrift,f,,N,,,1946,
Unprovoked,HONG KONG,,wading,m,,Y,evening,,1945,9
Unprovoked,IRAN,Shatt-al-Arab River,swimming,m,13.0,N,,,1945,9
Unprovoked,IRAN / IRAQ,Shatt-al-Arab River,,m,,N,,,1945,8
Unprovoked,USA, North Carolina,,,,Y,,,1945,8
Unprovoked,AUSTRALIA,Queensland,swimming,m,,Y,afternoon,,1945,6
Unprovoked,USA,North Carolina,swimming,m,,Y,,,1945,5
Unprovoked,SOUTH AFRICA,KwaZulu-Natal,wading,m,37.0,N,afternoon,bull,1945,3
Unprovoked,ISRAEL,Tel Aviv,swimming,m,,N,,,1945,2
Unprovoked,JAMAICA,,diving,m,,N,,,1945,
Unprovoked,CUBA,Havana Province,adrift,m,,Y,,,1945,
Unprovoked,PANAMA,Colon Province,wading,f,,N,,,1945,
Unprovoked,IRAQ,Basrah,swimming,m,15.0,N,afternoon,bull,1945,
Unprovoked,PHILIPPINES,,,m,,N,,,1944,10
Unprovoked,USA,Maryland,swimming,m,13.0,N,,,1944,9
Unprovoked,CARIBBEAN SEA,,adrift,m,,Y,,,1944,9
Unprovoked,SOUTH AFRICA,KwaZulu-Natal,swimming,m,19.0,Y,afternoon,,1944,8
Unprovoked,SOUTH AFRICA,Western Cape Province,swimming,m,17.0,Y,afternoon,great white,144,7
Unprovoked,USA,Florida,wading,f,15.0,N,,spinner,1944,5
Unprovoked,SAMOA,,,,,N,,,1944,5
Unprovoked,PANAMA,Caribbean Sea,adrift,m,,Y,,great white,1944,5
Unprovoked,NICARAGUA,Lake Nicaragua (fresh water),,,,Y,,bull,1944,4
Unprovoked,SOUTH AFRICA,KwaZulu-Natal,swimming,m,18.0,N,evening,,1944,3
Unprovoked,SOUTH AFRICA,KwaZulu-Natal,wading,m,23.0,Y,morning,,1944,3
Unprovoked,SOUTH AFRICA,KwaZulu-Natal,swimming,m,16.0,N,evening,,1944,3
Unprovoked,SOUTH AFRICA,Western Cape Province,swimming,m,,N,afternoon,,1944,2
Unprovoked,INDIA,,wading,m,12.0,Y,,,1944,2
Unprovoked,SOUTH AFRICA,KwaZulu-Natal,surfing/bodyboarding,m,22.0,Y,afternoon,,1944,1
Unprovoked,AUSTRALIA,New South Wales,surfing/bodyboarding,m,14.0,N,evening,,1944,1
Unprovoked,SOUTH AFRICA,KwaZulu-Natal,swimming,m,26.0,Y,evening,,1944,1
Unprovoked,NEW GUINEA,Pacific Ocean,adrift,m,,Y,,,1944,
Unprovoked,SOUTH AFRICA,KwaZulu-Natal,swimming,m,17.0,Y,morning,,1943,12
Unprovoked,SOUTH AFRICA,Eastern Cape Province,swimming,m,,N,,,1943,11
Unprovoked,PANAMA,Gulf of Panama,adrift,m,20.0,Y,afternoon,great white,1943,9
Unprovoked,SOUTH AFRICA,KwaZulu-Natal,swimming,m,31.0,Y,afternoon,,1943,3
Unprovoked,MEXICO,Veracruz,swimming,,,Y,,,,
Unprovoked,SOLOMON ISLANDS,,swimming,m,,N,,,1943,
Unprovoked,IRAQ,,swimming,m,22.0,N,,,1943,
Unprovoked,USA,Hawaii,dive fishing,m,,N,,,,
Unprovoked,USA,Hawaii,dive fishing,m,,N,,,,
Unprovoked,AUSTRALIA,New South Wales,wading,f,15.0,Y,morning,bull,1942,12
Unprovoked,SOUTH AFRICA,KwaZulu-Natal,swimming,m,38.0,N,,,1942,11
Unprovoked,SOUTH AFRICA,Western Cape Province,swimming,m,18.0,Y,afternoon,great white,1942,11
Unprovoked,AUSTRALIA,Queensland,swimming,m,24.0,N,afternoon,tiger,1942,9
Unprovoked,USA,Midway Atoll,adrift,m,,N,,,1942,6
Unprovoked,,300 miles east of St. Thomas (Virgin Islands),small watercraft,m,,N,,,1942,6
Unprovoked,AUSTRALIA,Queensland,diving,m,,N,,,1942,5
Unprovoked,AUSTRALIA,New South Wales,swimming,f,28.0,Y,afternoon,bull,1942,1
Unprovoked,PHILIPPINES,Camiguin Island,adrift,m,,Y,,,,
Unprovoked,BAHAMAS,Cay Sal Bank,swimming,m,48.0,N,afternoon,,1942,
Unprovoked,PANAMA,Panama City,swimming,m,,Y,,,1942,
Unprovoked,AUSTRALIA,Western Australia,swimming,m,10.0,N,night,,1941,12
Unprovoked,CARIBBEAN SEA,,,m,,Y,night,,1941,9
Unprovoked,USA,South Carolina,swimming,m,20.0,N,,,1941,8
Unprovoked,SOUTH ATLANTIC OCEAN,In Convoy OB 274,,m,19.0,N,evening,,1941,1
Unprovoked,SOLOMON ISLANDS,New Georgia,swimming,m,,N,,,1941,
Unprovoked,IRAN,Khuzestan Province,wading,m,,Y,morning,,1941,
Unprovoked,IRAN,Khuzestan Province,,m,,Y,,,1941,
Unprovoked,IRAN,Khuzestan Province,,m,,N,,,1941,
Unprovoked,IRAN,Khuzestan Province,adrift,m,6.0,Y,,,1941,
Unprovoked,IRAN,Khuzestan Province,wading,m,,Y,,,1941,
Unprovoked,PAPUA NEW GUINEA,,,m,14.0,N,,,1941,
Unprovoked,AUSTRALIA,New South Wales,wading,m,23.0,Y,morning,,1940,12
Unprovoked,SOUTH AFRICA,KwaZulu-Natal,swimming,m,17.0,Y,morning,,1940,12
Unprovoked,AUSTRALIA,Queensland,fishing,m,,N,,,1940,12
Unprovoked,PANAMA,Panama Bay (Pacific Ocean),wading,m,18.0,Y,,,1940,9
Unprovoked,USA,South Carolina,wading,m,,N,,,1940,7
Unprovoked,USA,South Carolina,wading,m,,N,,,1940,7
Unprovoked,USA,North Carolina,fishing,m,,N,,,1940,6
Unprovoked,SOUTH AFRICA,KwaZulu-Natal,swimming,m,25.0,Y,morning,great white,1940,3
Unprovoked,AUSTRALIA,New South Wales,dive fishing,m,,N,,wobbegong,1940,3
Unprovoked,SOUTH AFRICA,KwaZulu-Natal,swimming,m,17.0,Y,afternoon,great white,1940,2
Unprovoked,AUSTRALIA,New South Wales,wading,m,55.0,Y,afternoon,,1940,2
Unprovoked,AUSTRALIA,Queensland,diving,m,17.0,N,,,1940,1
Unprovoked,AUSTRALIA,New South Wales,swimming,m,13.0,Y,morning,,1940,1
Unprovoked,AUSTRALIA,Queensland,swimming,m,22.0,N,afternoon,,1940,1
Unprovoked,SOUTH AFRICA,KwaZulu-Natal,swimming,m,18.0,Y,afternoon,,1940,1
Unprovoked,AUSTRALIA,Queensland,diving,m,,N,,,1940,1
Unprovoked,NEW GUINEA,Bwagaoia,,f,,Y,,,1940,
Unprovoked,PAPUA NEW GUINEA,Western Papuan Gulf,,,,N,,,1940,
Unprovoked,AUSTRALIA,Queensland,swimming,m,20.0,Y,afternoon,,1939,12
Unprovoked,SAMOA,,fishing,m,,Y,,,1939,11
Unprovoked,AUSTRALIA,Queensland,diving,m,27.0,N,,tiger,1939,10
Unprovoked,USA,Hawaii,dive fishing,m,,N,,,1939,10
Unprovoked,AUSTRALIA,Torres Strait ,diving,m,,N,,tiger,1939,9
Unprovoked,USA,Virginia,adrift,m,,Y,,,1939,5
Unprovoked,PAPUA NEW GUINEA,Morobe Province,diving,m,9.0,Y,,,1939,4
Unprovoked,PAPUA NEW GUINEA,Central Province,diving,m,,Y,,,1939,3
Unprovoked,INDIA,Tamil Nadu,wading,m,,Y,,,1939,2
Unprovoked,AUSTRALIA,New South Wales,,m,,N,,,1939,1
Unprovoked,VENEZUELA,Carabobo,wading,m,,Y,,,1939,
Unprovoked,CURACAO,Ascension Bay,diving,m,,N,,tiger,1939,
Unprovoked,PAPUA NEW GUINEA,"Abau Sub District, Central Province",swimming,m,,Y,,,1939,
Unprovoked,AUSTRALIA,New South Wales,swimming,m,19.0,Y,,,1938,12
Unprovoked,CHINA,North China,swimming,m,,Y,,,1938,8
Unprovoked,USA,South Carolina,swimming,m,,N,,,1938,7
Unprovoked,AUSTRALIA,Torres Strait,diving,m,25.0,Y,,,1938,7
Unprovoked,NICARAGUA,Lower San Juan River,,,,Y,,bull,1938,6
Unprovoked,AUSTRALIA,New South Wales,diving,m,,N,,,1938,6
Unprovoked,COSTA RICA,Nicoya Peninsula,fishing,m,,Y,,,1938,5
Unprovoked,IRAQ,Basrah City,swimming,m,,N,afternoon,bull,1938,5
Unprovoked,INDIA,West Bengal,wading,,,Y,,,1938,5
Unprovoked,FIJI,Viti Levu,wading,m,,N,,,1938,3
Unprovoked,AUSTRALIA,Northern Territory,adrift,m,,N,,,1938,3
Unprovoked,AUSTRALIA,New South Wales,small watercraft,m,,N,,,1938,1
Unprovoked,EGYPT,,diving,m,,Y,,,1938,1
Unprovoked,TRINIDAD & TOBAGO,Trinidad,surfing/bodyboarding,m,50.0,N,,,1938,
Unprovoked,AUSTRALIA,Torres Strait,diving,m,17.0,N,,,1938,
Unprovoked,SOUTH AFRICA,KwaZulu-Natal,swimming,m,,N,,,1938,
Unprovoked,AUSTRALIA,Torres Strait ,diving,m,17.0,Y,,,1937,11
Unprovoked,AUSTRALIA,Queensland ,swimming,m,25.0,Y,evening,tiger,1937,10
Unprovoked,AUSTRALIA,Queensland,swimming,m,18.0,Y,evening,tiger,1937,10
Unprovoked,AUSTRALIA,New South Wales,swimming,m,16.0,N,,,1937,10
Unprovoked,AUSTRALIA,New South Wales,small watercraft,m,,N,,,1937,10
Unprovoked,SCOTLAND,Argyll,,m,,N,,,1937,9
Unprovoked,AUSTRALIA,Torres Strait,diving,m,38.0,N,morning,tiger,1937,8
Unprovoked,PANAMA,Colon Province,swimming,m,21.0,Y,,,1937,8
Unprovoked,AUSTRALIA,Northern Territory,diving,m,,Y,,,1937,7
Unprovoked,GREECE,,,,,Y,,,1937,6
Unprovoked,USA,Texas,swimming,m,14.0,Y,night,,1937,6
Unprovoked,AUSTRALIA,Queensland,swimming,m,33.0,Y,night,,1937,5
Unprovoked,AUSTRALIA,New South Wales,swimming,m,32.0,Y,afternoon,great white,1937,2
Unprovoked,AUSTRALIA,New South Wales,adrift,m,,N,,,1937,2
Unprovoked,AUSTRALIA,Torres Strait,,m,,N,,,1937,
Unprovoked,USA,Hawaii,diving,m,,N,,,1936,12
Unprovoked,AUSTRALIA,New South Wales,swimming,m,15.0,Y,morning,,1936,12
Unprovoked,USA,Hawaii,swimming,m,,N,,,1936,9
Unprovoked,AUSTRALIA,Torres Strait,diving,m,,N,,tiger,1936,8
Unprovoked,ICELAND,Fishing Grounds,adrift,m,,N,,,1936,8
Unprovoked,AUSTRALIA,Torres Strait,diving,m,,N,,,1936,8
Unprovoked,USA,Massachusetts,swimming,m,16.0,Y,afternoon,great white,1936,7
Unprovoked,AUSTRALIA,Torres Strait,diving,m,,N,,,1936,7
Unprovoked,AUSTRALIA,Torres Strait,diving,m,16.0,Y,,tiger,1936,6
Unprovoked,USA,Florida,swimming,m,,Y,,,1936,6
Unprovoked,AUSTRALIA,Queensland,diving,m,16.0,N,morning,tiger,1936,4
Unprovoked,AUSTRALIA,Queensland,diving,m,,N,,,,
Unprovoked,AUSTRALIA,Torres Strait,adrift,m,,N,,,1936,3
Unprovoked,AUSTRALIA,Queensland,diving,m,,N,,,1936,3
Unprovoked,AUSTRALIA,Queensland,,m,,N,,,1936,2
Unprovoked,AUSTRALIA,New South Wales,swimming,m,14.0,Y,afternoon,great white,1936,2
Unprovoked,AUSTRALIA,South Australia,swimming,m,13.0,Y,evening,great white,1936,1
Unprovoked,AUSTRALIA,Victoria ,swimming,m,,Y,,,1936,
Unprovoked,AUSTRALIA,Torres Strait,diving,m,20.0,N,,,1935,11
Unprovoked,USA,North Carolina,swimming,m,38.0,Y,evening,,1935,9
Unprovoked,PAPUA NEW GUINEA,Central Province,swimming,m,,Y,,,1935,9
Unprovoked,AUSTRALIA,Queensland,adrift,m,38.0,Y,night,,1935,8
Unprovoked,AUSTRALIA,Torres Strait,diving,m,,Y,,,1935,8
Unprovoked,PANAMA,,fishing,m,14.0,Y,,,1935,7
Unprovoked,CROATIA,Adriatic Sea,swimming,f,22.0,Y,afternoon,,1935,7
Unprovoked,USA,New Jersey,fishing,m,31.0,N,,,1935,6
Unprovoked,SOLOMON ISLANDS,Makira-Uluwa Province,fishing,m,,Y,,,1935,6
Unprovoked,PAPUA NEW GUINEA,Northern (Oro) Province,,,,N,,,1935,6
Unprovoked,AUSTRALIA,Torres Strait,diving,m,,N,,,1935,5
Unprovoked,,,diving,f,,N,,,1935,4
Unprovoked,USA,California,,m,,N,,,1935,4
Unprovoked,AUSTRALIA,Queensland,diving,m,,N,afternoon,,1935,3
Unprovoked,AUSTRALIA,Torres Strait,wading,m,,N,,tiger,1935,3
Unprovoked,AUSTRALIA,New South Wales,surfing/bodyboarding,m,,N,,,1935,3
Unprovoked,AUSTRALIA,New South Wales,swimming,m,27.0,Y,afternoon,great white,1935,3
Unprovoked,AUSTRALIA,New South Wales,wading,m,22.0,Y,evening,great white,1935,3
Unprovoked,AUSTRALIA,New South Wales,surfing/bodyboarding,m,20.0,N,evening,,1935,2
Unprovoked,AUSTRALIA,New South Wales,fishing,m,,N,,tiger,1935,1
Unprovoked,AUSTRALIA,New South Wales,,f,13.0,N,evening,tiger,1934,12
Unprovoked,AUSTRALIA,New South Wales,swimming,m,19.0,Y,afternoon,,1934,12
Unprovoked,AUSTRALIA,New South Wales,diving,m,14.0,Y,afternoon,,1934,12
Unprovoked,AUSTRALIA,New South Wales,swimming,m,12.0,N,afternoon,,1934,10
Unprovoked,AUSTRALIA,Northern Territory,wading,f,38.0,Y,,,1934,10
Unprovoked,AUSTRALIA,Torres Strait,diving,m,,Y,,,1934,10
Unprovoked,AUSTRALIA,Queensland,diving,m,,Y,,,1934,8
Unprovoked,CROATIA,Adriatic Sea,swimming,f,18.0,Y,,great white,1934,8
Unprovoked,USA,Georgia,swimming,m,11.0,N,,,1934,8
Unprovoked,USA,Florida,wading,m,8.0,Y,,,1934,6
Unprovoked,AUSTRALIA,Queensland,surfing/bodyboarding,m,34.0,N,morning,,1934,4
Unprovoked,SOUTH AFRICA,KwaZulu-Natal,swimming,m,,Y,afternoon,,1934,4
Unprovoked,SOUTH AFRICA,KwaZulu-Natal,swimming,m,12.0,N,afternoon,,1934,4
Unprovoked,AUSTRALIA,New South Wales,wading,m,15.0,Y,afternoon,,1934,4
Unprovoked,AUSTRALIA,New South Wales,swimming,m,17.0,Y,afternoon,,1934,3
Unprovoked,AUSTRALIA,Torres Strait,,m,,N,afternoon,tiger,1934,2
Unprovoked,CHILE,Elqui Province,adrift,m,,Y,,,1934,2
Unprovoked,AUSTRALIA,New South Wales,swimming,m,15.0,N,,,1934,1
Unprovoked,AUSTRALIA,New South Wales,swimming,m,22.0,N,afternoon,,1934,1
Unprovoked,PHILIPPINES,,diving,m,,N,,,1934,
Unprovoked,AUSTRALIA,Torres Strait,diving,m,,Y,,tiger,1933,11
Unprovoked,AUSTRALIA,Queensland,diving,m,17.0,N,,tiger,1933,11
Unprovoked,AUSTRALIA,Queensland,diving,m,,N,,,1933,10
Unprovoked,USA,South Carolina,wading,m,,N,,,1933,8
Unprovoked,USA,Connecticut,swimming,f,,N,,,1933,8
Unprovoked,USA,California,,m,50.0,N,,tiger,1933,7
Unprovoked,AUSTRALIA,Western Australia,diving,m,,N,,,1933,7
Unprovoked,USA,South Carolina,wading,m,15.0,N,,lemon,1933,6
Unprovoked,USA,South Carolina,wading,f,,N,,,1933,6
Unprovoked,AUSTRALIA,Queensland,swimming,m,,N,,,1933,6
Unprovoked,USA,Florida,swimming,m,24.0,Y,,tiger,1933,4
Unprovoked,AUSTRALIA,New South Wales,wading,m,,N,,,1933,2
Unprovoked,AUSTRALIA,Torres Strait,diving,m,,N,,,1933,2
Unprovoked,AUSTRALIA,Queensland,swimming,m,38.0,Y,evening,,1933,1
Unprovoked,AUSTRALIA,Northern Territory,,m,,N,,,1932,12
Unprovoked,AUSTRALIA,New South Wales,swimming,m,24.0,N,morning,mako,1932,10
Unprovoked,CAPE VERDE,Barlavento Islands,swimming,m,27.0,Y,,,1932,10
Unprovoked,FIJI,Viti Levu Island,fishing,m,,N,,,1932,9
Unprovoked,AUSTRALIA,Torres Strait,diving,m,,N,,,1932,8
Unprovoked,FIJI,Yasawa Islands,diving,f,,Y,,,1932,6
Unprovoked,AUSTRALIA,Torres Strait,diving,m,,Y,,,1932,5
Unprovoked,AUSTRALIA,Torres Strait,diving,m,,N,,,1932,5
Unprovoked,PHILIPPINES,Manila,wading,m,,Y,,,1932,4
Unprovoked,PHILIPPINES,Manila,wading,f,,Y,,,1932,4
Unprovoked,USA,Hawaii,swimming,m,,N,,,1932,2
Unprovoked,AUSTRALIA,Queensland,fishing,m,,N,,,1932,2
Unprovoked,PHILIPPINES,Manila,fishing,m,,Y,,,1932,2
Unprovoked,AUSTRALIA,Queensland,swimming,m,,N,afternoon,,1932,1
Unprovoked,SOUTH AFRICA,Eastern Cape Province,fishing,m,23.0,N,evening,raggedtooth,1932,
Unprovoked,AUSTRALIA,Torres Strait,diving,m,45.0,N,,,1931,11
Unprovoked,JAMAICA,Kingston Parish,diving,m,,Y,afternoon,,1931,9
Unprovoked,USA,Florida,swimming,m,,N,,,1931,9
Unprovoked,USA,Florida,swimming,f,20.0,N,,hammerhead,1931,9
Unprovoked,CUBA,Havana Province,swimming,m,18.0,Y,,,1931,8
Unprovoked,CUBA,Havana Province,swimming,m,23.0,Y,,,1931,8
Unprovoked,CUBA,Havana Province,swimming,m,,Y,,,1931,8
Unprovoked,USA,Texas,swimming,m,,N,,,1931,8
Unprovoked,USA,New Jersey,swimming,m,,N,,,1931,8
Unprovoked,AUSTRALIA,Queensland,adrift,m,,Y,,,1931,8
Unprovoked,FIJI,Viti Levu Island,swimming,m,,N,,,1931,7
Unprovoked,USA,New Jersey,swimming,m,,N,,,1931,7
Unprovoked,USA,Hawaii,dive fishing,m,,N,,,1931,6
Unprovoked,USA,Florida,dive fishing,m,,N,,,1931,6
Unprovoked,,French Southern Territories,adrift,m,,Y,,,1931,4
Unprovoked,AUSTRALIA,Queensland,fishing,m,19.0,Y,,,1931,3
Unprovoked,AUSTRALIA,Torres Strait,,m,,N,,,1931,1
Unprovoked,AUSTRALIA,Torres Strait,diving,m,,N,,,1931,1
Unprovoked,AUSTRALIA,Queensland,swimming,m,18.0,N,afternoon,,1931,1
Unprovoked,TONGA,Niua ,swimming,m,,Y,,,1931,
Unprovoked,AUSTRALIA,New South Wales,swimming,m,49.0,N,afternoon,,1930,12
Unprovoked,AUSTRALIA,New South Wales,adrift,m,,Y,,,1930,12
Unprovoked,AUSTRALIA,New South Wales,,m,,Y,,,1930,12
Unprovoked,AUSTRALIA,Queensland,fishing,m,,N,,,1930,11
Unprovoked,HONDURAS,Black River,swimming,m,,Y,,,1930,9
Unprovoked,AUSTRALIA,Western Australia,fishing,m,17.0,N,afternoon,,1930,8
Unprovoked,SPAIN,Canary Islands,swimming,m,38.0,N,,,1930,8
Unprovoked,USA,Florida,swimming,m,,N,morning,,1930,8
Unprovoked,CUBA,Havana Province,swimming,m,29.0,N,evening,,1930,7
Unprovoked,USA,Florida,swimming,m,21.0,N,,tiger,1930,7
Unprovoked,AUSTRALIA,Torres Strait,,m,,Y,,,1930,6
Unprovoked,USA,Texas,swimming,m,,N,evening,,1930,5
Unprovoked,USA,Florida,diving,m,,N,,,1930,3
Unprovoked,AUSTRALIA,Torres Strait,diving,m,19.0,N,,,1930,2
Unprovoked,AUSTRALIA,Victoria,diving,m,18.0,Y,afternoon,great white,1930,2
Unprovoked,SOUTH AFRICA,Western Cape Province,swimming,m,23.0,N,evening,great white,1930,1
Unprovoked,OKINAWA,,,m,17.0,N,,,1930,
Unprovoked,SOUTH AFRICA,Eastern Cape Province,swimming,m,,Y,,,1930,
Unprovoked,AUSTRALIA,New South Wales,diving,m,16.0,Y,,tiger,1929,12
Unprovoked,AUSTRALIA,Torres Strait,diving,m,,N,,,1929,12
Unprovoked,AUSTRALIA,New South Wales,wading,f,17.0,N,,,1929,12
Unprovoked,AUSTRALIA,Torres Strait,diving,m,,N,,,1929,12
Unprovoked,,,,m,20.0,Y,,,1929,12
Unprovoked,AUSTRALIA,Queensland,,m,55.0,Y,,,1929,12
Unprovoked,CUBA,Cienfuegos Province,fishing,m,,N,,,1929,11
Unprovoked,AUSTRALIA,Torres Strait,diving,m,,N,,,1929,10
Unprovoked,SPAIN,Valencia,fishing,m,,N,,,1929,10
Unprovoked,AUSTRALIA,Queensland,adrift,m,42.0,Y,,,1929,9
Unprovoked,USA,South Carolina,wading,m,,N,,,1929,8
Unprovoked,MEXICO,Tamaulipas,swimming,m,,N,,,1929,7
Unprovoked,AUSTRALIA,Torres Strait,diving,m,,N,,,1929,5
Unprovoked,AUSTRALIA,Queensland,diving,m,,N,,,1929,4
Unprovoked,AUSTRALIA,Queensland,diving,m,,N,,,1929,4
Unprovoked,AUSTRALIA,Torres Strait,,m,,Y,,,1929,4
Unprovoked,AUSTRALIA,Torres Strait,swimming,m,,Y,,,1929,4
Unprovoked,USA,Florida,swimming,m,26.0,N,afternoon,,1929,3
Unprovoked,AUSTRALIA,Torres Strait,wading,m,,Y,,,1929,3
Unprovoked,AUSTRALIA,South Australia,,m,9.0,N,,,1929,3
Unprovoked,AUSTRALIA,South Australia,,m,12.0,N,,,1929,3
Unprovoked,AUSTRALIA,New South Wales,surfing/bodyboarding,m,20.0,Y,afternoon,,1929,2
Unprovoked,AUSTRALIA,New South Wales,swimming,m,39.0,Y,afternoon,,1929,2
Unprovoked,AUSTRALIA,Queensland,swimming,m,,Y,evening,,1929,1
Unprovoked,NEW ZEALAND,North Island,wading,f,,N,,,1929,1
Unprovoked,AUSTRALIA,New South Wales,surfing/bodyboarding,m,14.0,Y,evening,,1929,1
Unprovoked,FIJI,Viti Levu Island,diving,m,,Y,,,1929,1
Unprovoked,AUSTRALIA,New South Wales,,m,,N,,,1929,
Unprovoked,USA,Florida,diving,m,27.0,N,,,1929,
Unprovoked,AUSTRALIA,,diving,m,,N,,,1928,12
Unprovoked,PANAMA,Gulf of Panama,swimming,m,17.0,Y,morning,blacktip,1928,11
Unprovoked,USA,Texas,fishing,m,,N,,,1928,9
Unprovoked,AUSTRALIA,,diving,m,,N,,,1928,7
Unprovoked,USA,Florida,swimming,m,,N,,,1928,6
Unprovoked,AUSTRALIA,Queensland,fishing,m,,N,,tiger,1928,4
Unprovoked,AUSTRALIA,New South Wales,swimming,m,19.0,N,afternoon,,1928,4
Unprovoked,JAMAICA,Kingston Parish,diving,m,,Y,evening,,1928,4
Unprovoked,AUSTRALIA,Queensland,wading,m,15.0,N,morning,,1928,4
Unprovoked,AUSTRALIA,New South Wales,wading,m,28.0,Y,evening,,1928,4
Unprovoked,AUSTRALIA,Queensland,,m,,N,,,1928,3
Unprovoked,AUSTRALIA,Torres Strait,diving,m,,Y,,,1928,2
Unprovoked,COSTA RICA,Near Puntarenas,swimming,f,,N,,,1928,2
Unprovoked,COSTA RICA,Near Puntarenas,swimming,m,,N,,,1928,2
Unprovoked,AUSTRALIA,Torres Strait,,m,78.0,Y,,,1928,1
Unprovoked,SOUTH AFRICA,Eastern Cape Province,,f,,N,,,1928,1
Unprovoked,SOUTH AFRICA,Eastern Cape Province,surfing/bodyboarding,m,18.0,N,morning,,1928,1
Unprovoked,SOUTH AFRICA,KwaZulu-Natal,wading,m,25.0,N,morning,,1928,
Unprovoked,SOUTH AFRICA,Western Cape Province,swimming,m,17.0,Y,morning,great white,1927,12
Unprovoked,AUSTRALIA,New South Wales,,m,,N,,,1927,10
Unprovoked,FIJI,,wading,m,,N,,,1927,10
Unprovoked,AUSTRALIA,Queensland,wading,m,,Y,,,1927,5
Unprovoked,AUSTRALIA,Torres Strait,diving,m,,N,,,1927,4
Unprovoked,AUSTRALIA,Queensland,diving,m,,N,,,1927,4
Unprovoked,AUSTRALIA,New South Wales,surfing/bodyboarding,m,17.0,N,afternoon,nurse,1927,3
Unprovoked,AUSTRALIA,Queensland,rescuing,m,,N,,,1927,2
Unprovoked,SOUTH AFRICA,Eastern Cape Province,surfing/bodyboarding,m,,N,morning,raggedtooth,1927,1
Unprovoked,USA,California,swimming,m,,N,,,1927,1
Unprovoked,AUSTRALIA,New South Wales,swimming,m,15.0,Y,morning,,1927,1
Unprovoked,AUSTRALIA,New South Wales,swimming,m,10.0,Y,,,1927,
Unprovoked,AUSTRALIA,Torres Strait,diving,m,,N,,,1927,
Unprovoked,AUSTRALIA,Torres Strait,diving,m,,Y,,,1926,12
Unprovoked,AUSTRALIA,Torres Strait,diving,m,,N,,,1926,11
Unprovoked,PAPUA NEW GUINEA,Central Province,swimming,m,,Y,,,1926,10
Unprovoked,AUSTRALIA,New South Wales,wading,m,17.0,N,afternoon,nurse,1926,10
Unprovoked,PAPUA NEW GUINEA,,small watercraft,m,,Y,,,1926,9
Unprovoked,USA,New Jersey,swimming,m,18.0,Y,,,1926,8
Unprovoked,ITALY,Golfo di Genova in the Ligurian Sea,swimming,m,20.0,Y,morning,great white,1926,7
Unprovoked,USA,California,swimming,m,15.0,N,,sevengill,1926,7
Unprovoked,USA,Hawaii,swimming,m,,Y,,great white,1926,5
Unprovoked,SOUTH ATLANTIC OCEAN,South of the Equator ,adrift,m,26.0,N,night,,1926,4
Unprovoked,USA,Hawaii,swimming,f,,N,evening,,1926,4
Unprovoked,AUSTRALIA,South Australia,swimming,f,,Y,afternoon,great white,1926,3
Unprovoked,SOUTH AFRICA,Eastern Cape Province,swimming,m,,N,,blue,1926,1
Unprovoked,AUSTRALIA,Victoria,,m,,N,,,1926,1
Unprovoked,MONACO,Bay of Monaco,,m,,Y,,,,
Unprovoked,SINGAPORE,,diving,f,,Y,,,1926,
Unprovoked,AUSTRALIA,Western Australia,swimming,m,55.0,Y,afternoon,tiger,1925,11
Unprovoked,USA,Puerto Rico,,f,,N,,,1925,11
Unprovoked,USA,Puerto Rico,,m,,N,,,1925,11
Unprovoked,ENGLAND,Isle of Wight,fishing,m,,N,morning,,1925,9
Unprovoked,USA,South Carolina,swimming,f,,N,,,1925,8
Unprovoked,USA,Puerto Rico,,m,,N,,,1925,5
Unprovoked,AUSTRALIA,New South Wales,wading,m,16.0,N,evening,,,
Unprovoked,AUSTRALIA,New South Wales,swimming,m,16.0,Y,afternoon,,1925,3
Unprovoked,PAPUA NEW GUINEA,Central Province,swimming,m,,Y,,,1925,3
Unprovoked,USA,Florida,swimming,m,,N,,,1925,1
Unprovoked,CANADA,Vancouver,diving,m,,N,,,1925,1
Unprovoked,FIJI,Viti Levu Island,diving,m,,N,,,1925,
Unprovoked,MEXICO,Tamaulipas,rescuing,f,,Y,,,1924,11
Unprovoked,PANAMA,"2 to 3 miles off Taboguilla Island, Pacific Ocean",adrift,m,35.0,N,night,,1924,11
Unprovoked,USA,Puerto Rico,wading,m,35.0,Y,afternoon,,1924,11
Unprovoked,AUSTRALIA,Victoria,wading,m,,N,,,1924,10
Unprovoked,USA,South Carolina,wading,m,,N,,mako,1924,7
Unprovoked,AUSTRALIA,New South Wales,adrift,m,20.0,Y,afternoon,,1924,4
Unprovoked,PANAMA,150 miles offshore,swimming,m,21.0,N,,,1924,4
Unprovoked,SOLOMON ISLANDS,Central Province,swimming,m,,N,,,1924,3
Unprovoked,AUSTRALIA,New South Wales,wading,f,30.0,N,evening,,1924,2
Unprovoked,SOUTH AFRICA,KwaZulu-Natal,swimming,m,22.0,Y,afternoon,,1924,1
Unprovoked,SOUTH AFRICA,Eastern Cape Province,swimming,m,,N,afternoon,,1924,1
Unprovoked,AUSTRALIA,New South Wales,diving,m,16.0,Y,afternoon,,1924,1
Unprovoked,AUSTRALIA,New South Wales,swimming,m,,N,,,1923,12
Unprovoked,AUSTRALIA,New South Wales,wading,m,,Y,,,1923,12
Unprovoked,AUSTRALIA,Western Australia,,m,,Y,,,1923,11
Unprovoked,AUSTRALIA,Torres Strait,diving,m,,N,,,1923,10
Unprovoked,GUYANA,Demerara County,fishing,m,,N,night,,1923,8
Unprovoked,AUSTRALIA,Queensland,diving,m,,N,,,1923,7
Unprovoked,AUSTRALIA,Western Australia,wading,m,,N,,,1923,5
Unprovoked,AUSTRALIA,Queensland,diving,m,,Y,afternoon,,1923,5
Unprovoked,AUSTRALIA,Queensland,diving,m,,N,,,1923,3
Unprovoked,USA,Puerto Rico,swimming,m,25.0,N,,,1923,2
Unprovoked,AUSTRALIA,Western Australia,swimming,m,13.0,Y,,,1923,1
Unprovoked,PHILIPPINES, Manila Bay,,m,,Y,,,,
Unprovoked,USA,Puerto Rico,wading,f,,Y,,,1922,12
Unprovoked,AUSTRALIA,Queensland,wading,m,19.0,Y,morning,blue,1922,12
Unprovoked,BARBADOS,Lucy,fishing,m,16.0,Y,,,1922,9
Unprovoked,USA,Hawaii,diving,m,,N,,,1922,9
Unprovoked,ENGLAND,East Yorkshire,swimming,m,,Y,,,1922,9
Unprovoked,USA,Florida,,m,,N,,,1922,7
Unprovoked,USA,Florida,swimming,f,18.0,Y,,,1922,6
Unprovoked,JAMAICA,Westmoreland Parish,swimming,m,19.0,Y,morning,,1922,5
Unprovoked,SOUTH AFRICA,Western Cape Province,swimming,m,18.0,N,morning,great white,1922,5
Unprovoked,AUSTRALIA,New South Wales,swimming,m,,Y,,,1922,4
Unprovoked,JAMAICA,Kingston Parish,fishing,m,,N,,,1922,3
Unprovoked,JAMAICA,Kingston Parish,wading,f,14.0,Y,,,1922,3
Unprovoked,AUSTRALIA,New South Wales,wading,m,21.0,Y,morning,great white,1922,3
Unprovoked,AUSTRALIA,New South Wales,swimming,m,18.0,Y,afternoon,great white,1922,2
Unprovoked,IRAQ,,wading,m,,Y,,,1922,1
Unprovoked,AUSTRALIA,Queensland,swimming,m,54.0,Y,evening,,1922,1
Unprovoked,AUSTRALIA,New South Wales,wading,m,,N,evening,nurse,1922,1
Unprovoked,AUSTRALIA,New South Wales,surfing/bodyboarding,m,26.0,Y,evening,,1922,1
Unprovoked,AUSTRALIA,Queensland,swimming,m,20.0,N,,,1921,12
Unprovoked,AUSTRALIA,Queensland,adrift,m,8.0,Y,morning,,1921,11
Unprovoked,AUSTRALIA,Queensland,wading,m,40.0,N,morning,,1921,11
Unprovoked,FIJI,Viti Levu Island,swimming,,,Y,,,1921,11
Unprovoked,AUSTRALIA,Queensland,diving,m,,N,,,1921,10
Unprovoked,AUSTRALIA,Queensland,diving,m,22.0,Y,afternoon,,1921,10
Unprovoked,AUSTRALIA,Torres Strait,,m,,N,,,1929,8
Unprovoked,PHILIPPINES,Luzon Island,swimming,m,21.0,Y,afternoon,,1921,8
Unprovoked,CUBA,,adrift,m,,Y,,,1921,7
Unprovoked,AUSTRALIA,Western Australia,wading,m,,N,,,1920,11
Unprovoked,HAITI,Cape Haitien,fishing,m,,Y,afternoon,,1921,8
Unprovoked,AUSTRALIA,Western Australia,wading,m,,N,,,1920,11
Unprovoked,AUSTRALIA,Torres Strait,diving,m,,N,,,1920,7
Unprovoked,USA,Florida,swimming,m,13.0,N,evening,,1920,6
Unprovoked,AUSTRALIA,Queensland,adrift,m,20.0,N,,,1920,3
Unprovoked,AUSTRALIA,Torres Strait,diving,m,,N,,,1920,1
Unprovoked,SOUTH AFRICA,Eastern Cape Province,swimming,f,18.0,N,evening,,1920,2
Unprovoked,AUSTRALIA,Torres Strait,diving,m,,Y,,,1920,1
Unprovoked,AUSTRALIA,New South Wales,swimming,m,12.0,Y,morning,,1920,1
Unprovoked,JAMAICA,Westmoreland Parish,adrift,m,,Y,,,,
Unprovoked,NEW ZEALAND,North Island,,f,,N,,,1920,
Unprovoked,SOUTH AFRICA,KwaZulu-Natal,,m,12.0,N,,,1920,
Unprovoked,AUSTRALIA,Queensland,swimming,m,29.0,N,,,1919,12
Unprovoked,AUSTRALIA,New South Wales,swimming,m,47.0,Y,morning,,1919,12
Unprovoked,AUSTRALIA,Northern Territory,wading,m,,N,,,1919,11
Unprovoked,COSTA RICA,Turtle Bogue,adrift,m,,Y,,,1919,9
Unprovoked,USA,Florida,swimming,m,,N,afternoon,,1919,8
Unprovoked,USA,South Carolina,swimming,m,,N,afternoon,,1919,5
Unprovoked,USA,Florida,,m,,Y,,,1919,4
Unprovoked,AUSTRALIA,New South Wales,swimming,m,,N,evening,,1919,1
Unprovoked,NEW ZEALAND,South Island,swimming,f,,N,afternoon,,1919,1
Unprovoked,AUSTRALIA,New South Wales,wading,m,13.0,Y,morning,,1919,1
Unprovoked,AUSTRALIA,Queensland,wading,m,38.0,Y,morning,,1919,1
Unprovoked,USA,Florida,swimming,f,,N,,,1919,
Unprovoked,USA,Hawaii,fishing,m,,Y,,,1918,11
Unprovoked,AUSTRALIA,Queensland,wading,m,22.0,Y,,,1918,9
Unprovoked,AUSTRALIA,New South Wales,surfing/bodyboarding,m,,N,evening,,1918,3
Unprovoked,AUSTRALIA,Queensland,diving,m,,N,,,1918,
Unprovoked,AUSTRALIA,Western Australia,swimming,m,,N,morning,,1917,12
Unprovoked,MOZAMBIQUE,Maputo Province,adrift,m,,Y,night,,1917,11
Unprovoked,USA,New Jersey,swimming,m,,N,,,1917,9
Unprovoked,PANAMA,Colon,swimming,m,,Y,,,1917,9
Unprovoked,USA,Mississippi,,m,,N,,,1917,8
Unprovoked,USA,Florida,diving,m,,Y,afternoon,,1917,7
Unprovoked,USA,South Carolina,swimming,m,,N,evening,,1917,6
Unprovoked,PHILIPPINES,Luzon Island,swimming,m,,Y,evening,,1917,5
Unprovoked,KUWAIT,,diving,m,,N,,,1917,5
Unprovoked,LIBYA,Mediterranean Sea,diving,m,,N,,,1917,
Unprovoked,AUSTRALIA,Queensland,wading,m,25.0,N,morning,,1916,12
Unprovoked,AUSTRALIA,New South Wales,,m,41.0,Y,morning,,1916,12
Unprovoked,AUSTRALIA,New South Wales,swimming,f,,N,morning,,1916,12
Unprovoked,AUSTRALIA,Queensland,swimming,m,,Y,morning,,1916,11
Unprovoked,AUSTRALIA,Queensland,wading,m,27.0,Y,evening,,1916,11
Unprovoked,USA,Louisiana,,m,,N,afternoon,,1916,8
Unprovoked,USA,North Carolina,fishing,m,,N,,,1916,7
Unprovoked,USA,New York,swimming,m,,N,,,1916,7
Unprovoked,USA,New Jersey,swimming,m,12.0,N,,,1916,7
Unprovoked,USA,New Jersey,swimming,m,24.0,Y,,,1916,7
Unprovoked,USA,New Jersey,swimming,m,10.0,Y,morning,,1916,7
Unprovoked,SPAIN,Gran Canaria,diving,m,,N,,,1916,7
Unprovoked,PHILIPPINES,Luzon Island,wading,m,,N,,,1916,7
Unprovoked,USA,New Jersey,swimming,m,,Y,afternoon,great white,1916,7
Unprovoked,USA,New Jersey,swimming,m,24.0,Y,evening,great white,1916,7
Unprovoked,USA,New Jersey,swimming,m,,N,,,1916,6
Unprovoked,ATLANTIC OCEAN,,adrift,m,,Y,,,1916,6
Unprovoked,AUSTRALIA,New South Wales,swimming,m,,Y,,,1916,4
Unprovoked,AUSTRALIA,Victoria,adrift,m,17.0,Y,,,1916,4
Unprovoked,AUSTRALIA,New South Wales,wading,m,,N,afternoon,,1916,3
Unprovoked,AUSTRALIA,Torres Strait,diving,m,,N,,,1915,12
Unprovoked,AUSTRALIA,Queensland,wading,m,10.0,N,,,1915,11
Unprovoked,AUSTRALIA,New South Wales,wading,m,,N,,,1914,11
Unprovoked,USA,Florida,,m,,N,,,1915,8
Unprovoked,MEXICO,Tamaulipas,fishing,m,,Y,,,1915,7
Unprovoked,MEXICO,,wading,m,,Y,,,1915,7
Unprovoked,AUSTRALIA,Torres Strait,diving,m,,N,,,1915,3
Unprovoked,AUSTRALIA,Queensland,swimming,m,,N,,,1915,2
Unprovoked,AUSTRALIA,New South Wales,wading,m,17.0,Y,,,1915,1
Unprovoked,AUSTRALIA,Queensland,swimming,m,,N,,,1914,12
Unprovoked,JAMAICA,Kingston Parish,adrift,m,,Y,,,1914,9
Unprovoked,USA,Louisiana,swimming,m,17.0,Y,,,1914,9
Unprovoked,CROATIA,Zadar County,wading,f,,N,,,1914,7
Unprovoked,CROATIA, Primorje-Gorski Kotar County,,m,,N,,,1914,7
Unprovoked,AUSTRALIA,Victoria,wading,m,43.0,Y,afternoon,,1914,6
Unprovoked,USA,Hawaii,,m,,Y,,,1914,3
Unprovoked,AUSTRALIA,South Australia,wading,m,,N,,tiger,1914,2
Unprovoked,AUSTRALIA,New South Wales,small watercraft,m,,N,,,1914,2
Unprovoked,AUSTRALIA,Queensland,wading,f,,N,,,1914,1
Unprovoked,NIGERIA,Lagos ,,m,,Y,,,1913,11
Unprovoked,AUSTRALIA,Queensland,swimming,m,12.0,N,,,1913,11
Unprovoked,USA,Florida,,m,,N,,hammerhead,1913,9
Unprovoked,USA,South Carolina,,m,,Y,,,1913,7
Unprovoked,COSTA RICA,,swimming,m,,Y,,,1913,7
Unprovoked,SAMOA,Upolu Island,,m,,N,,,1913,3
Unprovoked,AUSTRALIA,Torres Strait,diving,m,,N,,tiger,1913,1
Unprovoked,REUNION,Saint-Denis,swimming,m,,Y,,,1913,
Unprovoked,REUNION,5aint-Denis,swimming,m,,Y,,,1913,
Unprovoked,AUSTRALIA,Victoria,,m,,N,,,1913,
Unprovoked,USA,Georgia,swimming,m,12.0,Y,,,1912,8
Unprovoked,USA,South Carolina,swimming,m,,N,afternoon,,1912,7
Unprovoked,SOLOMON ISLANDS,Central Province,wading,m,,Y,,,1912,7
Unprovoked,NEW ZEALAND,North Island,swimming,m,,N,,,1912,3
Unprovoked,AUSTRALIA,New South Wales,swimming,m,18.0,N,afternoon,,1912,2
Unprovoked,NEW CALEDONIA,South Province,swimming,m,,N,,,1912,2
Unprovoked,AUSTRALIA,New South Wales,swimming,m,21.0,Y,afternoon,,1912,1
Unprovoked,FIJI,Viti Levu group,adrift,m,7.0,Y,,,1912,1
Unprovoked,AUSTRALIA,New South Wales,,m,,N,,,1912,1
Unprovoked,AUSTRALIA,Queensland,wading,m,,Y,morning,,1912,1
Unprovoked,SPAIN,Balearics,adrift,m,,Y,,great white,1912,
Unprovoked,USA,South Carolina,wading,m,,Y,,,1911,10
Unprovoked,AUSTRALIA,Queensland,diving,m,23.0,N,evening,,1911,10
Unprovoked,USA,Texas,rescuing,m,,Y,morning,,1911,9
Unprovoked,USA,Florida,adrift,m,,Y,,,1911,9
Unprovoked,USA,Florida,wading,m,,N,,,1911,9
Unprovoked,SPAIN,Málaga ,wading,m,,Y,,,1911,7
Unprovoked,SOUTH AFRICA,Western Cape Province,wading,m,64.0,Y,evening,,1911,5
Unprovoked,SOUTH AFRICA,Western Cape Province,swimming,m,,Y,,,1911,5
Unprovoked,AUSTRALIA,Torres Strait,swimming,m,,Y,,,1911,3
Unprovoked,USA,Texas,swimming,m,,N,,,1911,
Unprovoked,NEW ZEALAND,North Island,fishing,m,50.0,Y,,,1911,1
Unprovoked,AUSTRALIA,Queensland,wading,m,,N,,blue,1910,11
Unprovoked,MEXICO,,swimming,m,,N,,,1910,6
Unprovoked,PANAMA,Colón Province,adrift,m,,Y,,,1910,3
Unprovoked,NEW ZEALAND,North Island,swimming,m,,N,evening,,1910,3
Unprovoked,AUSTRALIA,Western Australia,wading,m,,N,night,,1910,2
Unprovoked,AUSTRALIA,New South Wales,,m,,Y,,,1910,1
Unprovoked,USA,Florida,,m,,N,,,1909,11
Unprovoked,AUSTRALIA,New South Wales,adrift,m,,Y,,,1909,12
Unprovoked,USA,Florida,adrift,m,,Y,,,1909,8
Unprovoked,USA,New York,adrift,m,,N,afternoon,,1909,7
Unprovoked,USA,Florida,swimming,m,16.0,N,,,1909,7
Unprovoked,MEXICO,Guerrero,wading,f,,Y,,,1909,6
Unprovoked,SOUTH AFRICA,Western Cape Province,,m,,Y,,,1909,6
Unprovoked,TUNISIA,Sfax,diving,m,,Y,,,1909,4
Unprovoked,SOUTH AFRICA,Western Cape Province,swimming,m,16.0,Y,,,1908,12
Unprovoked,MEXICO,Quintana Roo,adrift,m,,Y,,,1908,12
Unprovoked,AUSTRALIA,Torres Strait,adrift,m,,Y,,,1908,9
Unprovoked,USA,California,fishing,m,,N,,,1908,9
Unprovoked,SPAIN,Galicia,adrift,m,,Y,,,1908,8
Unprovoked,CROATIA,Adriatic Sea,small watercraft,f,,Y,,great white,1908,7
Unprovoked,EGYPT,Gulf of Suez,,m,,Y,,,1908,6
Unprovoked,USA,Hawaii,fishing,m,,Y,,,1908,1
Unprovoked,AUSTRALIA,New South Wales,wading,m,,Y,,bull,1907,12
Unprovoked,AUSTRALIA,Torres Strait,wading,m,,Y,,,1907,10
Unprovoked,CHINA,Hong Kong,fishing,m,,N,,,1907,10
Unprovoked,CHINA,Hong Kong,fishing,m,,Y,,,1907,10
Unprovoked,AUSTRALIA,New South Wales,wading,m,,N,morning,,1907,10
Unprovoked,USA,Hawaii,fishing,m,,N,morning,,1907,10
Unprovoked,CROATIA," Split-Dalmatia Count,",swimming,f,,Y,,,1907,9
Unprovoked,CROATIA, Primorje-Gorski Kotar County,swimming,f,,Y,,,1907,8
Unprovoked,CROATIA, Primorje-Gorski Kotar County,swimming,m,,Y,,,1907,8
Unprovoked,USA,New Jersey,wading,m,,N,,,1907,8
Unprovoked,CROATIA," Split-Dalmatia Count,",swimming,f,,Y,,,1907,7
Unprovoked,USA,South Carolina,swimming,m,,N,,,1907,7
Unprovoked,MEXICO,Oaxaca,wading,m,,N,,,1907,4
Unprovoked,USA,Florida,fishing,m,,Y,,,1907,3
Unprovoked,MALTA,Harare Province,fishing,m,,Y,,great white,1907,3
Unprovoked,PHILIPPINES,Luzon Island,,m,,N,,,1907,2
Unprovoked,NEW ZEALAND,South Island,wading,m,55.0,Y,,,1907,2
Unprovoked,AUSTRALIA,Queensland,wading,m,18.0,Y,morning,,1907,2
Unprovoked,VIETNAM,Khánh Hòa Province,fishing,m,20.0,N,,,1907,
Unprovoked,USA,Hawaii,adrift,m,,Y,,,1907,
Unprovoked,JAMAICA,Westmoreland Parish,fishing,m,,N,,,1906,11
Unprovoked,USA,Hawaii,,m,,N,,,1906,10
Unprovoked,USA,Hawaii,swimming,m,,Y,,,1906,10
Unprovoked,USA,Hawaii,diving,m,,N,,,1906,10
Unprovoked,USA,Hawaii,swimming,m,,Y,,,1906,10
Unprovoked,INDONESIA,Java,swimming,m,,N,,,1906,9
Unprovoked,INDONESIA,Java,swimming,m,,Y,,,1906,9
Unprovoked,AUSTRALIA,Torres Strait,swimming,m,,Y,,,1906,9
Unprovoked,YEMEN ,Aden,diving,m,,N,,,1906,8
Unprovoked,USA,Maryland,adrift,m,,Y,,,1906,8
Unprovoked,USA,Mississippi,swimming,m,,Y,,,1906,7
Unprovoked,INDONESIA,Maluku Province,diving,m,,Y,,,1906,4
Unprovoked,AUSTRALIA,Queensland,diving,m,17.0,Y,,,1906,4
Unprovoked,AUSTRALIA,New South Wales,wading,m,,Y,afternoon,,1906,1
Unprovoked,SOUTH AFRICA,KwaZulu-Natal,wading,m,30.0,Y,afternoon,,1906,1
Unprovoked,SOUTH AFRICA,KwaZulu-Natal,wading,m,,Y,morning,,1905,12
Unprovoked,AUSTRALIA,New South Wales,swimming,m,,Y,,,1905,9
Unprovoked,USA,New Jersey,fishing,m,,N,,,,
Unprovoked,PHILIPPINES,Luzon Island,wading,m,21.0,N,,,1905,8
Unprovoked,USA,North Carolina,wading,m,16.0,Y,afternoon,,1905,7
Unprovoked,INDONESIA, Nusa Tenggara,adrift,m,,Y,,,1905,7
Unprovoked,USA,North Carolina,fishing,m,,Y,,,1905,7
Unprovoked,USA,Florida,swimming,m,,N,,,1905,5
Unprovoked,SOUTH AFRICA,KwaZulu-Natal,swimming,m,26.0,Y,afternoon,,1905,4
Unprovoked,AUSTRALIA,New South Wales,wading,m,40.0,N,morning,,1905,3
Unprovoked,PHILIPPINES,Luzon Island,wading,m,,N,,,1904,11
Unprovoked,INDIAN OCEAN,Between Noumea & Sydney,adrift,m,,Y,,,1904,10
Unprovoked,CUBA,Havana Province,adrift,m,,Y,,,1904,9
Unprovoked,CUBA,Villa Clara Province,adrift,m,,Y,,,1904,8
Unprovoked,USA,New Jersey,,m,,N,,,1904,7
Unprovoked,USA,Texas,swimming,m,,Y,,,1904,7
Unprovoked,ITALY,Ancona Province,swimming,m,,Y,,,1904,7
Unprovoked,AUSTRALIA,Queensland,swimming,m,,Y,,,1904,2
Unprovoked,NEW ZEALAND,North Island,swimming,m,30.0,Y,,,1904,2
Unprovoked,NEW CALEDONIA,South Province,wading,m,,Y,,,1904,1
Unprovoked,REUNION ISLAND,,swimming,m,16.0,Y,,,1904,
Unprovoked,PHILIPPINES,Quezon,wading,m,,N,,,1904,
Unprovoked,USA,Hawaii,swimming,m,,Y,,,1904,
Unprovoked,CUBA,Havana Province,adrift,m,,Y,,,1903,10
Unprovoked,USA,New Jersey,fishing,m,,N,,,1903,9
Unprovoked,FALKLAND ISLANDS,,adrift,m,28.0,N,,,1903,7
Unprovoked,AUSTRALIA,New South Wales,swimming,m,,Y,,,1903,6
Unprovoked,MEXICO,Veracruz,wading,m,,Y,,,1903,5
Unprovoked,AUSTRALIA,New South Wales,,m,,Y,,,1903,3
Unprovoked,AUSTRALIA,Queensland,swimming,m,,Y,,,1903,3
Unprovoked,AUSTRALIA,New South Wales,,m,,Y,,bull,1903,1
Unprovoked,CRETE,,diving,m,,Y,,,,
Unprovoked,USA,Hawaii,fishing,m,,Y,,,1903,1
Unprovoked,NICARAGUA,Rio San Juan,swimming,m,30.0,Y,evening,,1902,12
Unprovoked,AUSTRALIA,New South Wales,swimming,m,17.0,Y,afternoon,,1902,11
Unprovoked,USA,Texas,fishing,m,,N,,,1902,11
Unprovoked,ITALY,Calabria,swimming,m,,Y,,,1902,8
Unprovoked,USA,Hawaii,fishing,m,,Y,,,1902,8
Unprovoked,PHILIPPINES,Zamboanga del Sur Province,,m,,N,,,1902,6
Unprovoked,EGYPT,Mediterranean Sea,diving,m,,N,,,1902,6
Unprovoked,AUSTRALIA,New South Wales,,m,,Y,,,1902,1
Unprovoked,AUSTRALIA,Queensland,swimming,m,16.0,N,afternoon,,1902,1
Unprovoked,AUSTRALIA,Queensland,wading,m,10.0,N,,,1901,12
Unprovoked,PHILIPPINES,Zamboanga del Sur Province,fishing,m,,N,,,,
Unprovoked,CYPRUS,Southern Cyprus,swimming,m,,Y,,,1901,9
Unprovoked,SOUTH AFRICA,Western Cape Province,swimming,m,29.0,Y,afternoon,great white,1901,7
Unprovoked,PHILIPPINES,Western Viscayas,swimming,m,,N,afternoon,,1901,6
Unprovoked,AUSTRALIA,Queensland,wading,m,,Y,,,1901,1
Unprovoked,USA,Florida,wading,m,,N,,,,
Unprovoked,AUSTRALIA,New South Wales,wading,m,,Y,,,1900,12
Unprovoked,SOUTH AFRICA,Western Cape Province,swimming,m,30.0,Y,,,1900,11
Unprovoked,AUSTRALIA,Queensland,swimming,m,,N,,,1900,9
Unprovoked,USA,Hawaii,swimming,m,,N,afternoon,,1900,9
Unprovoked,USA,North Carolina,wading,m,,N,afternoon,,1900,8
Unprovoked,CROATIA, Primorje-Gorski Kotar County,swimming,m,,Y,,,1900,7
Unprovoked,AUSTRALIA,New South Wales,wading,m,,N,afternoon,,1900,1
Unprovoked,USA,Hawaii,,m,,N,,,,
Unprovoked,SOUTH AFRICA,Eastern Cape Province,swimming,m,,N,morning,,1900,1
Unprovoked,AUSTRALIA,Queensland,adrift,m,,N,afternoon,,1899,12
Unprovoked,LIBYA,Mediterranean Sea,diving,m,,N,,,1899,10
Unprovoked,LIBYA,Mediterranean Sea,diving,m,,Y,,,1899,10
Unprovoked,MEXICO,Tamaulipas,swimming,m,,Y,,,1899,9
Unprovoked,USA,Florida,swimming,m,15.0,Y,,,1899,8
Unprovoked,EGYPT ,Mediterranean Sea,swimming,m,9.0,N,morning,,1899,8
Unprovoked,EGYPT ,Mediterranean Sea,wading,m,19.0,N,morning,,1899,8
Unprovoked,EGYPT,Mediterranean Sea,wading,m,13.0,N,morning,,1899,8
Unprovoked,BAHAMAS,,adrift,m,,Y,,,1899,7
Unprovoked,ITALY,Imperia Province,wading,m,,Y,,,1899,5
Unprovoked,SOUTH AFRICA,KwaZulu-Natal,,m,,N,,,,
Unprovoked,USA,Florida,fishing,m,,N,,,1899,1
Unprovoked,AUSTRALIA,Queensland,adrift,m,,Y,,,1898,12
Unprovoked,USA,Hawaii,adrift,m,,Y,,,1898,10
Unprovoked,,,diving,m,,N,,,1898,9
Unprovoked,,,diving,m,,N,,,1898,9
Unprovoked,WEST INDIES,,adrift,m,,Y,,,1898,9
Unprovoked,USA,New York,swimming,m,,N,afternoon,,1898,8
Unprovoked,YEMEN ,Aden,swimming,m,24.0,Y,afternoon,,1898,7
Unprovoked,YEMEN ,Aden,wading,m,22.0,Y,,,1898,7
Unprovoked,CUBA,Santiago de Cuba Province,swimming,m,,Y,,,1898,7
Unprovoked,NEW CALEDONIA,South Province,adrift,m,,Y,,,1898,6
Unprovoked,SRI LANKA,,swimming,m,,Y,night,,1898,1
Unprovoked,USA,South Carolina,fishing,m,15.0,N,,great white,1898,
Unprovoked,CUBA,Santiago de Cuba Province,adrift,m,,Y,,,,
Unprovoked,JAMAICA,Kingston Parish,,f,,N,,,1898,
Unprovoked,CUBA,Camaguey Province,swimming,m,,Y,,,1898,
Unprovoked,USA,Florida,,m,,N,,,,
Unprovoked,YEMEN ,Aden,diving,m,,Y,,,,
Unprovoked,MARSHALL ISLANDS,Ratak ,fishing,,,Y,,,1897,10
Unprovoked,USA,South Carolina,wading,m,,N,,,1897,9
Unprovoked,SOUTH AFRICA,KwaZulu-Natal,wading,m,,Y,morning,,1897,7
Unprovoked,,Mediterranean Sea,swimming,m,,Y,,,1897,3
Unprovoked,USA,Massachusetts,fishing,m,,Y,,,1897,3
Unprovoked,NEW ZEALAND,,,m,,N,,,1897,
Unprovoked,NEW ZEALAND,North Island,wading,m,26.0,Y,,,1896,12
Unprovoked,NEW ZEALAND,South Island,,m,,Y,,,1896,12
Unprovoked,AUSTRALIA,Western Australia,swimming,m,,Y,,,1896,11
Unprovoked,AUSTRALIA,Western Australia,,m,,Y,,,1896,11
Unprovoked,SRI LANKA,,diving,m,,N,,,1896,9
Unprovoked,USA,Hawaii,fishing,m,35.0,Y,morning,,1896,7
Unprovoked,USA,South Carolina,wading,m,,N,,,1896,6
Unprovoked,AUSTRALIA,New South Wales,wading,m,11.0,Y,afternoon,,1896,1
Unprovoked,USA,Florida,swimming,m,,Y,,,1896,
Unprovoked,HAITI,Off Cape Haitien,wading,m,15.0,N,,,1896,
Unprovoked,AUSTRALIA,New South Wales,wading,m,14.0,Y,,,1895,12
Unprovoked,BARBADOS,St Michael Parish,diving,m,,N,,,1895,11
Unprovoked,AUSTRALIA,New South Wales,fishing,m,,Y,,,1895,11
Unprovoked,YEMEN ,Aden,diving,m,,Y,,,1895,9
Unprovoked,USA,Rhode Island,swimming,m,26.0,Y,morning,,1895,8
Unprovoked,USA,New Jersey,fishing,m,,N,,,1895,8
Unprovoked,JAPAN,,,m,,Y,,,1895,7
Unprovoked,,,diving,m,,N,,,1895,6
Unprovoked,AUSTRALIA,Western Australia,diving,m,,Y,,,1895,6
Unprovoked,NEW ZEALAND,South Island,,m,,Y,,,1895,5
Unprovoked,SOUTH AFRICA,Eastern Cape Province,,m,28.0,Y,afternoon,,1895,4
Unprovoked,NEW ZEALAND,South Island,swimming,m,,N,morning,,1895,4
Unprovoked,INDONESIA,Moluccas,swimming,m,,Y,,,1895,3
Unprovoked,AUSTRALIA,Queensland,swimming,m,13.0,N,,,1895,3
Unprovoked,AUSTRALIA,New South Wales,swimming,m,14.0,Y,,,1895,2
Unprovoked,PANAMA,Bocas del Toro,adrift,m,,Y,,,1895,2
Unprovoked,AUSTRALIA,New South Wales,wading,m,19.0,N,morning,,1894,11
Unprovoked,USA,Alabama,swimming,m,,Y,,,1894,10
Unprovoked,USA,Virginia,wading,m,,N,,,1894,9
Unprovoked,FIJI,Vita Levu,,f,,N,,,1894,9
Unprovoked,USA,Florida,swimming,m,,N,,,1894,8
Unprovoked,FRANCE,Provence,fishing,m,,Y,,,,
Unprovoked,SOUTH AFRICA,Western Cape Province,adrift,m,,Y,,,1894,6
Unprovoked,USA,North Carolina,wading,m,,N,,,1894,6
Unprovoked,MEXICO,Bay of Campeche,adrift,m,,Y,,,1894,6
Unprovoked,BURMA,Rangoon,wading,f,,Y,,,1894,4
Unprovoked,BURMA,Rangoon,wading,f,,Y,,,1894,4
Unprovoked,INDIA,Bay of Bengal,,m,,Y,,,1893,10
Unprovoked,NIGERIA,Bayelsa State,adrift,m,,Y,,,1893,6
Unprovoked,LEBANON,,,m,,Y,,,1893,6
Unprovoked,FIJI,,small watercraft,f,,Y,,,1893,5
Unprovoked,CUBA,Havana Province,adrift,m,,Y,afternoon,,1893,5
Unprovoked,SOUTH ATLANTIC OCEAN,,adrift,m,,N,,,1893,4
Unprovoked,AUSTRALIA,Queensland,adrift,m,,N,,,1893,4
Unprovoked,NEW ZEALAND,South Island?,wading,m,,Y,,,1893,1
Unprovoked,FRENCH POLYNESIA,,,m,,Y,,,1893,1
Unprovoked,ATLANTIC OCEAN,,adrift,m,15.0,Y,,,1892,12
Unprovoked,AUSTRALIA,Norfolk Island,fishing,m,,N,,,1892,11
Unprovoked,AUSTRALIA,Queensland,swimming,f,,N,,,1892,11
Unprovoked,USA,Texas,,m,,N,,,1892,9
Unprovoked,CUBA,Havana Province,,m,,Y,,,1892,6
Unprovoked,NEW ZEALAND,North Island,wading,m,,N,,,1892,5
Unprovoked,BAHAMAS,Out Islands,adrift,m,,Y,,,1892,4
Unprovoked,PACIFIC OCEAN,,small watercraft,m,,Y,,,1892,3
Unprovoked,AUSTRALIA,New South Wales,swimming,m,,N,,,1891,12
Unprovoked,NEW ZEALAND,North Island,swimming,m,,N,,,1891,12
Unprovoked,MARTINIQUE,,rescuing,m,,N,,,1891,11
Unprovoked,CANADA,Nova Scotia,adrift,m,,Y,,,1891,8
Unprovoked,PARAGUAY,,,,,Y,night,,1891,3
Unprovoked,JAMAICA,Kingston Parish,adrift,m,,Y,night,,1891,1
Unprovoked,BRITISH NEW GUINEA,Woodlark Islands,adrift,m,18.0,N,,,1890,12
Unprovoked,ATLANTIC OCEAN,,adrift,m,,Y,,,1890,10
Unprovoked,USA,Connecticut,swimming,m,,N,,,1890,8
Unprovoked,SAMOA,Upolu Island,wading,m,,N,,,1890,8
Unprovoked,CROATIA,,swimming,m,,N,,,1890,6
Unprovoked,PERSIAN GULF,,adrift,m,,N,,,1890,6
Unprovoked,EGYPT,,swimming,m,,Y,,,1890,6
Unprovoked,AUSTRALIA,Tasmania,wading,m,,N,,sevengill,1890,1
Unprovoked,NEW ZEALAND,North Island,swimming,m,,Y,,,1890,
Unprovoked,SOUTH AFRICA,KwaZulu-Natal,wading,m,,Y,afternoon,,1890,1
Unprovoked,AUSTRALIA,Queensland,adrift,m,,Y,,,1889,11
Unprovoked,INDIA,Tamil Nadu,swimming,m,,Y,,,1889,10
Unprovoked,USA,Florida,swimming,m,,Y,,,1889,7
Unprovoked,USA,Texas,fishing,m,,N,morning,,1889,7
Unprovoked,AUSTRALIA,Victoria,adrift,m,,Y,,,1889,7
Unprovoked,SIERRA LEONE,Western Area,,m,,Y,,,1889,1
Unprovoked,INDIAN OCEAN,Between Perth & Colombo,swimming,m,,N,,,1888,12
Unprovoked,AUSTRALIA,New South Wales,swimming,m,11.0,Y,afternoon,,1888,12
Unprovoked,AUSTRALIA,New South Wales,adrift,m,,Y,,,1888,12
Unprovoked,CROATIA, Primorje-Gorski Kotar County,,,,Y,,,1888,10
Unprovoked,NEW ZEALAND,South Island,swimming,m,,N,morning,,1888,2
Unprovoked,SOUTH AFRICA,Eastern Cape Province,,m,,Y,,,1888,2
Unprovoked,LIBYA,Mediterranean Sea,diving,m,,N,,,1888,
Unprovoked,HONDURAS,Cortés,adrift,m,33.0,Y,,,1887,12
Unprovoked,AUSTRALIA,New South Wales,,m,,Y,morning,,1887,12
Unprovoked,USA,Florida,,m,,Y,,,1887,10
Unprovoked,ITALY,,swimming,m,,N,,,1887,9
Unprovoked,NEW ZEALAND,North Island,swimming,m,,Y,,,1887,2
Unprovoked,SOUTH AFRICA,Eastern Cape Province,swimming,m,13.0,Y,afternoon,,1887,1
Unprovoked,USA,Mississippi,wading,m,45.0,N,night,,1886,7
Unprovoked,AUSTRALIA,Queensland,adrift,m,18.0,Y,,,1886,6
Unprovoked,NEW CALEDONIA,South Province,wading,m,,Y,afternoon,,1886,5
Unprovoked,AUSTRALIA,Queensland,,m,,N,,,1886,4
Unprovoked,SOUTH AFRICA,Eastern Cape Province,diving,m,,N,morning,,1886,1
Unprovoked,AUSTRALIA,Queensland,wading,m,,N,,,1886,1
Unprovoked,SOUTH AFRICA,Western Cape Province,swimming,m,,Y,,,1886,1
Unprovoked,AUSTRALIA,New South Wales,,m,,N,afternoon,,1886,
Unprovoked,AUSTRALIA,Western Australia,wading,m,,N,evening,,1885,11
Unprovoked,ATLANTIC OCEAN,,adrift,m,,Y,,,1885,8
Unprovoked,,,swimming,m,,Y,,,1885,4
Unprovoked,NEW ZEALAND,North Island,wading,m,,N,,,1885,4
Unprovoked,SOUTH AFRICA,KwaZulu-Natal,fishing,m,,N,,,1885,3
Unprovoked,USA,New Jersey,small watercraft,m,,N,,,1884,8
Unprovoked,BRAZIL,,adrift,m,,Y,,,1884,4
Unprovoked,SOUTH AFRICA,Eastern Cape Province,swimming,m,,Y,,,1884,1
Unprovoked,AUSTRALIA,South Australia,adrift,f,,Y,,,1884,1
Unprovoked,AUSTRALIA,New South Wales,swimming,m,21.0,Y,afternoon,,1883,12
Unprovoked,USA,Texas,adrift,m,,Y,,,1883,12
Unprovoked,URUGUAY,Maldonado coast,rescuing,m,,Y,,,1883,10
Unprovoked,USA,East coast,adrift,m,,Y,,,1883,10
Unprovoked,AUSTRALIA,Tasmania,swimming,m,,Y,,,,
Unprovoked,AUSTRALIA,Northern Territory,diving,m,,N,,,1883,2
Unprovoked,AUSTRALIA,Northern Territory,diving,m,,Y,,,1883,2
Unprovoked,AUSTRALIA,New South Wales,wading,m,37.0,Y,morning,,1883,1
Unprovoked,PACIFIC OCEAN,,fishing,m,,Y,,,1883,
Unprovoked,USA,Florida,adrift,m,,Y,,,,
Unprovoked,USA,South Carolina,,m,,Y,,,1883,
Unprovoked,NEW ZEALAND,North Island,wading,m,,N,morning,,1882,11
Unprovoked,NEW ZEALAND,North Island,wading,m,,N,morning,,1882,11
Unprovoked,JAPAN,,adrift,m,,N,,,1882,9
Unprovoked,AUSTRALIA,New South Wales,adrift,m,,N,afternoon,,1882,5
Unprovoked,AUSTRALIA,,diving,m,,Y,,,1882,5
Unprovoked,AUSTRALIA,New South Wales,fishing,m,,Y,,,1882,4
Unprovoked,AUSTRALIA,,diving,m,,Y,,,1882,2
Unprovoked,AUSTRALIA,New South Wales,wading,m,,Y,,,1882,1
Unprovoked,ATLANTIC OCEAN,,adrift,m,,Y,,,,
Unprovoked,USA,Florida,adrift,m,,N,,,1882,
Unprovoked,AUSTRALIA,Queensland,,m,,N,,,1882,
Unprovoked,USA,North Carolina,wading,m,,Y,morning,,1881,9
Unprovoked,,Western Banks,adrift,m,20.0,Y,,,1881,8
Unprovoked,USA,Rhode Island,swimming,m,,N,,,1881,8
Unprovoked,,,wading,m,,N,,,1881,7
Unprovoked,USA,Alabama,adrift,m,23.0,Y,,,1881,6
Unprovoked,INDIA,,,,,Y,,,1881,
Unprovoked,AUSTRALIA,Queensland,swimming,m,12.0,Y,afternoon,bull,1880,11
Unprovoked,MOZAMBIQUE,,swimming,m,,Y,morning,,1880,8
Unprovoked,INDIA,West Bengal,,m,20.0,N,morning,,1880,5
Unprovoked,INDIA,West Bengal,wading,f,60.0,N,,,1880,5
Unprovoked,INDIA,West Bengal,wading,m,,Y,afternoon,,1880,5
Unprovoked,INDIA,West Bengal,wading,m,11.0,Y,morning,,1880,5
Unprovoked,AUSTRALIA,New South Wales,wading,f,13.0,N,,,1880,1
Unprovoked,SOLOMON ISLANDS,Guadalcanal Province,,m,,N,,,1880,1
Unprovoked,NEW ZEALAND,South Island,,m,,N,,,1880,
Unprovoked,INDIA,Andaman Islands,swimming,m,23.0,Y,,,1879,12
Unprovoked,AUSTRALIA,New South Wales,swimming,m,,N,,,1879,11
Unprovoked,USA,California,wading,m,,N,,,1879,7
Unprovoked,NEW ZEALAND,North Island,wading,m,19.0,Y,,,1879,3
Unprovoked,USA,Mississippi,adrift,m,,Y,,tiger,1879,
Unprovoked,AUSTRALIA,New South Wales,wading,m,,N,,,1878,11
Unprovoked,INDONESIA,East Java,swimming,m,22.0,Y,,,1878,10
Unprovoked,,,adrift,m,,Y,,,1878,10
Unprovoked,USA,New York,swimming,m,,Y,afternoon,,1878,8
Unprovoked,USA,New York,swimming,m,14.0,Y,afternoon,,1878,8
Unprovoked,PHILIPPINES,Misamis Oriental,,f,,Y,,,1978,6
Unprovoked,NEW GUINEA,,,m,,N,,,1878,3
Unprovoked,AUSTRALIA,New South Wales,wading,m,11.0,Y,,,1878,
Unprovoked,AUSTRALIA,New South Wales,wading,m,11.0,N,,,1877,12
Unprovoked,AUSTRALIA,New South Wales,adrift,m,,Y,,,1877,12
Unprovoked,AUSTRALIA,New South Wales,fishing,m,,N,afternoon,,1877,9
Unprovoked,AUSTRALIA,Victoria,wading,m,,N,morning,,1877,4
Unprovoked,ITALY,Strait of Messina,surfing/bodyboarding,m,,N,,,1877,3
Unprovoked,FIJI,Viti Levu Island,,m,15.0,N,,,1877,3
Unprovoked,AUSTRALIA,Victoria,fishing,m,,N,,,1877,2
Unprovoked,AUSTRALIA,Victoria,wading,m,,Y,,,1877,1
Unprovoked,AUSTRALIA,Victoria,swimming,f,,N,,,1877,1
Unprovoked,INDIA,Hoogly River,,m,,N,,,,
Unprovoked,USA,New York,fishing,m,,Y,,,1876,10
Unprovoked,GREECE,Cyclades archipelago,diving,m,,Y,,,1876,9
Unprovoked,USA,Georgia,wading,m,,N,,,1876,6
Unprovoked,AUSTRALIA,New South Wales,swimming,m,,Y,,,1876,5
Unprovoked,AUSTRALIA,Victoria,wading,m,,Y,,,1876,2
Unprovoked,LEBANON,Mount Lebanon,diving,m,,Y,,,1876,
Unprovoked,ENGLAND,"Between Hastings & Fairlight, Sussex",,m,,N,,blue,1876,
Unprovoked,AUSTRALIA,Western Australia,diving,m,,N,,,1876,
Unprovoked,AUSTRALIA,New South Wales,,m,,Y,,,1876,
Unprovoked,AUSTRALIA,New South Wales,fishing,m,,N,,,1875,11
Unprovoked,NEW ZEALAND,North Island,wading,m,3.0,Y,,,1875,3
Unprovoked,AUSTRALIA,Western Australia,wading,m,,Y,,tiger,1874,11
Unprovoked,AUSTRALIA,Queensland,wading,m,,N,,,1874,11
Unprovoked,AUSTRALIA,Western Australia,wading,m,,Y,,,,
Unprovoked,USA,Hawaii,fishing,m,,N,,,1874,7
Unprovoked,USA,New York,wading,m,,N,afternoon,,1874,7
Unprovoked,MEXICO,Veracruz ,wading,m,,Y,,,1874,6
Unprovoked,KIRIBATI,Gilbert Islands,,m,,Y,,,1874,6
Unprovoked,,,adrift,m,,N,,,1874,6
Unprovoked,AUSTRALIA,New South Wales,wading,m,,N,,,1874,1
Unprovoked,AUSTRALIA,Queensland,wading,m,,N,,hammerhead,1873,1
Unprovoked,CUBA,Havana Province,swimming,m,27.0,N,,,,
Unprovoked,INDIAN OCEAN?,,swimming,m,,Y,,,1872,11
Unprovoked,USA,Hawaii,small watercraft,m,,N,,,1872,4
Unprovoked,USA,Hawaii,fishing,m,,N,,,1871,8
Unprovoked,SRI LANKA,Eastern Province,wading,m,,N,,,1871,5
Unprovoked,INDIA,"22ºN, 88ºE",wading,m,30.0,Y,,,1871,3
Unprovoked,AUSTRALIA,New South Wales,,m,,Y,,,1871,
Unprovoked,AUSTRALIA,Queensland,,m,,N,,,,
Unprovoked,AUSTRALIA,New South Wales,fishing,m,,N,night,wobbegong,,
Unprovoked,USA,North Carolina,wading,m,,N,,,1870,7
Unprovoked,INDIA,"22ºN, 88ºE",wading,m,40.0,N,,,1870,6
Unprovoked,INDIA,West Bengal,wading,m,40.0,N,,,1870,6
Unprovoked,AUSTRALIA,Queensland,fishing,m,13.0,N,,,1870,5
Unprovoked,INDIA,"22ºN, 88ºE",wading,m,39.0,N,,,1870,5
Unprovoked,INDIA,"22ºN, 88ºE",wading,m,40.0,N,,,1870,5
Unprovoked,AUSTRALIA,Queensland,wading,m,17.0,N,,,1870,1
Unprovoked,AUSTRALIA,South Australia,fishing,m,,N,,tiger,1869,4
Unprovoked,ITALY,Adriatic Sea,,m,,Y,,great white,1868,9
Unprovoked,INDIA,Hoogly River,wading,m,35.0,Y,morning,,1868,5
Unprovoked,AUSTRALIA,Torres Strait,swimming,m,,Y,,,,
Unprovoked,NEW ZEALAND,North Island,wading,m,,N,,,1868,1
Unprovoked,EGYPT,,swimming,m,,Y,,,1867,8
Unprovoked,MEXICO,Veracruz ,,m,,Y,,,1867,8
Unprovoked,CUBA,Matanzas Province (north coast),,m,,Y,,,1867,
Unprovoked,USA,Alabama,wading,m,,Y,,,1866,7
Unprovoked,USA,New York,swimming,m,17.0,N,morning,,1865,9
Unprovoked,USA,Texas,wading,m,,Y,,,1865,7
Unprovoked,SCOTLAND,Edinburgh,,m,,N,,,1864,9
Unprovoked,USA,New York,swimming,m,13.0,N,,,1864,8
Unprovoked,MADAGASCAR,,adrift,m,,Y,,,1864,8
Unprovoked,SPAIN,Eastern Catalona,wading,m,,Y,evening,,1864,7
Unprovoked,MAURITIUS,300 miles east of Mauritius,adrift,m,,Y,,,1864,5
Unprovoked,MAURITIUS,,adrift,m,,Y,,,1864,4
Unprovoked,PANAMA,Colón Province,swimming,m,,Y,,,1864,1
Unprovoked,NEW ZEALAND,Foveaux Strait,,m,,Y,,,1864,1
Unprovoked,NEW ZEALAND,North Island,wading,m,,N,,,1864,1
Unprovoked,INDONESIA,Sumatra,,m,,Y,afternoon,,1864,
Unprovoked,GUINEA,Conakry Region,wading,m,18.0,Y,evening,,1863,12
Unprovoked,USA,South Carolina,wading,m,,N,,,1863,9
Unprovoked,AUSTRALIA,Queensland,,m,,Y,,,1863,4
Unprovoked,AUSTRALIA,Victoria,swimming,m,,N,evening,,1863,3
Unprovoked,AUSTRALIA,New South Wales,wading,m,17.0,Y,evening,,1863,1
Unprovoked,ANDAMAN ISLANDS,,adrift,m,,Y,morning,,1863,
Unprovoked,CEYLON,,adrift,m,,Y,,,1863,
Unprovoked,CEYLON,,adrift,m,,Y,,,1863,
Unprovoked,GREECE,Corfu,swimming,m,,Y,,,1863,1
Unprovoked,NEW ZEALAND,North Island,swimming,m,28.0,N,morning,,1862,12
Unprovoked,AUSTRALIA,Queensland,,m,,Y,,,1862,12
Unprovoked,SPAIN,,wading,f,,N,,,1862,8
Unprovoked,SPAIN,Malaga,swimming,m,18.0,Y,,,1862,7
Unprovoked,SPAIN,Cádiz,,m,18.0,Y,,,1862,7
Unprovoked,SPAIN,Cádiz,swimming,m,,Y,evening,,1862,7
Unprovoked,SOUTH AFRICA,KwaZulu-Natal,,m,,N,,,1862,6
Unprovoked,SOUTH AFRICA,KwaZulu-Natal,wading,m,,N,,,1862,5
Unprovoked,USA,Hawaii,,f,,N,,,,
Unprovoked,JAPAN,Bonin Islands,,m,,Y,,,1862,
Unprovoked,SINGAPORE,,wading,m,,Y,morning,,1861,11
Unprovoked,CUBA,,,m,,N,,,1861,9
Unprovoked,NEW ZEALAND,North Island,wading,m,,N,,,1861,3
Unprovoked,EQUATORIAL GUINEA / CAMEROON,Fernando Po Island,swimming,m,,Y,,,1861,2
Unprovoked,AUSTRALIA,Queensland,wading,m,,N,,,1861,1
Unprovoked,AUSTRALIA,New South Wales,wading,m,,N,,,1860,12
Unprovoked,USA,New York,swimming,m,,N,evening,,1860,8
Unprovoked,NEW ZEALAND,North Island,swimming,m,,N,,,1860,4
Unprovoked,NEW ZEALAND,North Island,wading,m,,Y,,,1860,4
Unprovoked,BAHAMAS,New Providence Island,small watercraft,m,,Y,,,1860,3
Unprovoked,USA,Hawaii,adrift,m,21.0,Y,,,1859,3
Unprovoked,TOBAGO,,wading,m,,N,,,1858,4
Unprovoked,AUSTRALIA,Victoria,wading,m,22.0,Y,afternoon,,1858,3
Unprovoked,USA,Hawaii,swimming,m,,Y,,,1858,1
Unprovoked,TONGA,Vava'u,adrift,m,,Y,,,1858,1
Unprovoked,USA,Florida,swimming,m,,Y,,,1857,5
Unprovoked,FIJI,,swimming,m,,Y,,,1856,11
Unprovoked,,,swimming,m,22.0,Y,,,1856,11
Unprovoked,ENGLAND,Isle of Wight,swimming,m,,Y,,,1856,6
Unprovoked,AUSTRALIA,Victoria,swimming,m,,Y,,,1855,11
Unprovoked,,,wading,m,,Y,,,1855,7
Unprovoked,AUSTRALIA,South Australia,adrift,f,,Y,,,1855,4
Unprovoked,AUSTRALIA,South Australia,adrift,m,,Y,,,1855,3
Unprovoked,SOLOMON ISLANDS,Makira-Ulawa Province,swimming,m,,Y,,,1855,2
Unprovoked,AUSTRALIA,New South Wales,swimming,m,,N,,,1853,11
Unprovoked,USA,North Carolina,diving,m,,N,,great white,1853,9
Unprovoked,USA,South Carolina,swimming,m,,Y,,tiger,1853,7
Unprovoked,GREECE,Corfu ,swimming,m,,N,,,1853,4
Unprovoked,AUSTRALIA,Queensland,adrift,m,,Y,,,1853,
Unprovoked,USA,North Carolina,diving,m,,N,,great white,,
Unprovoked,USA,Florida,adrift,m,,Y,,,,
Unprovoked,AUSTRALIA,New South Wales,adrift,m,,Y,,,1852,10
Unprovoked,TONGA,Tongatapu,adrift,m,,Y,,,1852,8
Unprovoked,USA,Virginia,swimming,m,,Y,,,1852,8
Unprovoked,SOUTH AFRICA,KwaZulu-Natal,adrift,m,,Y,,,1852,5
Unprovoked,NEW ZEALAND,North Island,swimming,m,,Y,,,,
Unprovoked,USA,South Carolina,wading,m,,Y,,,1852,
Unprovoked,MEXICO,Oaxaca,wading,m,,Y,,,1851,6
Unprovoked,USA,Hawaii,swimming,m,,Y,,,1851,3
Unprovoked,USA,California,diving,m,,N,,,1851,
Unprovoked,USA,Hawaii,swimming,m,,Y,,,1850,10
Unprovoked,NICARAGUA,Lake Nicaragua (fresh water),wading,m,,Y,,,1850,
Unprovoked,AUSTRALIA,New South Wales,,m,,Y,,,1849,12
Unprovoked,AUSTRALIA,New South Wales,wading,m,,Y,afternoon,,1849,12
Unprovoked,PERU,,swimming,m,,Y,,,1849,10
Unprovoked,AUSTRALIA,Victoria,swimming,m,,Y,,,1849,9
Unprovoked,USA,Florida,rescuing,m,,Y,,,1849,6
Unprovoked,USA,Florida,wading,f,,Y,,,1849,6
Unprovoked,USA,Maryland,swimming,m,15.0,N,,,1848,8
Unprovoked,ENGLAND,Norfolk,wading,m,,N,,,1848,7
Unprovoked,AUSTRALIA,Queensland,swimming,m,,N,,,1847,11
Unprovoked,USA,Massachusetts,wading,m,,N,,,1847,9
Unprovoked,GREECE,Corfu,swimming,m,19.0,Y,,,1847,7
Unprovoked,USA,Hawaii,,m,,N,,,1847,7
Unprovoked,AUSTRALIA,Queensland,,,,N,,,,
Unprovoked,USA,South Carolina,small watercraft,m,,N,,,1847,1
Unprovoked,AFRICA,,swimming,m,,Y,,,1846,9
Unprovoked,CUBA,Havana Province,wading,m,,N,,,1846,8
Unprovoked,AUSTRALIA,New South Wales,fishing,m,,Y,,,1845,12
Unprovoked,MEXICO,Vera Cruz,wading,m,,Y,,,1845,11
Unprovoked,ENGLAND,,,m,,N,,,1845,9
Unprovoked,USA,Florida,fishing,m,,Y,,,1845,9
Unprovoked,USA,Florida,adrift,m,,Y,,,1845,7
Unprovoked,SIERRA LEONE,,,m,,Y,,,1845,1
Unprovoked,NAMIBIA,,adrift,m,,Y,,,1844,7
Unprovoked,ALGERIA,,swimming,m,,Y,,,,
Unprovoked,Coast of AFRICA,Island of St. Thomas,adrift,m,,Y,,,1844,5
Unprovoked,MADAGASCAR,,adrift,m,,Y,,,1844,
Unprovoked,USA,New Jersey,swimming,m,15.0,N,,,1842,7
Unprovoked,INDIA,Tamil Nadu,wading,m,,Y,,,1842,
Unprovoked,AUSTRALIA,New South Wales,,m,,N,,,1842,
Unprovoked,AUSTRALIA,New South Wales,wading,m,,Y,afternoon,,1841,3
Unprovoked,AUSTRALIA,New South Wales,swimming,m,,Y,,,1840,12
Unprovoked,FIJI,Viti Levu Island,,m,,N,,,1840,9
Unprovoked,USA,South Carolina,rescuing,m,,Y,,,1840,7
Unprovoked,WEST INDIES,,swimming,m,,Y,,,1840,4
Unprovoked,CUBA,Matanzas Province (north coast),wading,m,,Y,,,1839,4
Unprovoked,AUSTRALIA,South Australia,rescuing,m,,Y,,,,
Unprovoked,FIJI,Viti Levu Island,,m,29.0,N,,,1839,1
Unprovoked,USA,South Carolina,wading,m,,N,,,1837,9
Unprovoked,USA,New York,wading,m,,N,evening,,1837,7
Unprovoked,AUSTRALIA,New South Wales,wading,m,12.0,Y,evening,,1837,1
Unprovoked,ENGLAND,Cumberland,swimming,m,,Y,,,1836,8
Unprovoked,VANUATU,Sanma Province,wading,m,,Y,,,1835,2
Unprovoked,TASMAN SEA,35º39 : 165º8',fishing,m,,N,,,1835,1
Unprovoked,FRENCH POLYNESIA,Society Islands,swimming,f,,Y,,hammerhead,1834,7
Unprovoked,AUSTRALIA,New South Wales,fishing,f,,N,,,1832,6
Unprovoked,AUSTRALIA,New South Wales,wading,m,,N,,,1832,1
Unprovoked,USA,Massachusetts,adrift,m,52.0,Y,,,1830,7
Unprovoked,INDIA,Tamil Nadu,wading,m,,Y,evening,,1830,7
Unprovoked,INDIA,Tamil Nadu,wading,m,,Y,evening,,1830,4
Unprovoked,,,,m,,Y,night,,1830,4
Unprovoked,SIERRA LEONE,Western Area,,m,,N,,,1829,7
Unprovoked,USA,New Jersey,adrift,m,,Y,morning,,1829,6
Unprovoked,SIERRA LEONE,Western Area,wading,m,17.0,N,,,1828,9
Unprovoked,USA,Hawaii,surfing/bodyboarding,m,,Y,,,1828,
Unprovoked,SIERRA LEONE,Western Area ,swimming,m,,N,,,1827,6
Unprovoked,SIERRA LEONE,Western Area ,swimming,m,,N,,,1827,6
Unprovoked,EGYPT,,,m,,Y,,,1827,
Unprovoked,BRAZIL,Paraiba,,m,,N,,,1826,12
Unprovoked,GHANA,Cape Coast,wading,m,,Y,,,1826,11
Unprovoked,JAMAICA,,adrift,m,,Y,evening,,1826,5
Unprovoked,AUSTRALIA,Tasmania,swimming,m,,Y,,,,
Unprovoked,NIGERIA,Rivers State,,,,Y,,,1822,4
Unprovoked,USA,South Carolina,swimming,m,,Y,,,1817,6
Unprovoked,INDIA,Maharashtra,swimming,m,,Y,evening,,1817,6
Unprovoked,SRI LANKA,Western Province,swimming,m,22.0,Y,evening,,1817,5
Unprovoked,SRI LANKA,,diving,m,,N,afternoon,,1817,2
Unprovoked,USA,Rhode Island,swimming,m,,Y,,,1816,9
Unprovoked,ENGLAND,Devon,swimming,m,,N,,mako,1812,5
Unprovoked,,,adrift,m,,Y,,,1811,3
Unprovoked,USA,South Carolina,adrift,m,,Y,,,1810,9
Unprovoked,JAMAICA,Kingston Parish,swimming,m,,Y,,,1808,12
Unprovoked,INDIA,,wading,m,,Y,,,1808,2
Unprovoked,AUSTRALIA,New South Wales,,m,,N,,,1807,1
Unprovoked,JAVA,Orange Point,swimming,m,13.0,N,,,1803,5
Unprovoked,AUSTRALIA,Western Australia,,m,,N,,,1803,3
Unprovoked,INDIA,,,,,Y,,,1802,4
Unprovoked,SEYCHELLES,St. Anne,adrift,f,,Y,,,1800,
Unprovoked,,,adrift,,,Y,,,1797,5
Unprovoked,AUSTRALIA,New South Wales,,f,,Y,,,1791,
Unprovoked,,St Helena,swimming,m,,Y,,,1787,7
Unprovoked,BARBADOS,,wading,m,,Y,,,1786,8
Unprovoked,ENGLAND,Sussex,,m,,Y,,tiger,1785,9
Unprovoked,JAMAICA,,swimming,m,,Y,night,,1784,12
Unprovoked,USA,Florida,swimming,m,,Y,,,1780,8
Unprovoked,USA,Hawaii,surfing/bodyboarding,m,,Y,,,1779,
Unprovoked,GUINEA,,,m,,Y,,,1776,1
Unprovoked,USA,,fishing,m,,Y,,,1771,7
Unprovoked,SPAIN,,swimming,m,,Y,,,1764,
Unprovoked,MEDITERRANEAN SEA,,adrift,m,,N,,,1758,
Unprovoked,JAMAICA,,adrift,m,,Y,,,1753,10
Unprovoked,USA,Massachusetts,swimming,m,,Y,,,1751,7
Unprovoked,CUBA,Havana Province,swimming,m,14.0,N,,,1749,
Unprovoked,PANAMA,Las Perlas archipelago,diving,m,,Y,,,1748,
Unprovoked,,,swimming,m,,Y,,,1742,12
Unprovoked,ITALY,Sicily,swimming,m,,Y,,,1738,4
Unprovoked,ITALY,Sardinia,swimming,m,,Y,,great white,1721,6
Unprovoked,BARBADOS,Southwest coast,swimming,m,19.0,N,night,,1703,3
Unprovoked,FRANCE,,,m,,Y,,,,
Unprovoked,FRANCE,Côte d'Azur ,wading,m,,N,,great white,,
Unprovoked,BARBADOS,,wading,m,,Y,,,,
Unprovoked,CANADA,Quebec,,m,,Y,,,1691,
Unprovoked,USA,Maryland,wading,m,,Y,,,1640,8
Unprovoked,USA,New York ,swimming,m,,Y,,,1642,
Unprovoked,Between PORTUGAL & INDIA,,adrift,m,,Y,,,,
Unprovoked,VENEZUELA,Magarita or Cubagua Islands,diving,m,,Y,,,1543,1
Unprovoked,MEXICO,Yucatan,swimming,m,,N,,,,
Unprovoked,MEXICO,,,m,,N,,,,
Unprovoked,USA,Puerto Rico,,m,29.0,N,,tiger,,
Unprovoked,,Ionian Sea,diving,m,,Y,,,1977,1
Unprovoked,AUSTRALIA,New South Wales,,m,,N,,,,1
Unprovoked,,Ionian Sea,diving,m,,Y,,,,
Unprovoked,GREECE,Piraeus,wading,m,,Y,,,,
Unprovoked,BELIZE,,,m,,N,,,,
Unprovoked,AUSTRALIA,Queensland,dive fishing,m,,N,,hammerhead,,
Unprovoked,CANADA,,fishing,m,,N,,,,
Unprovoked,KENYA,Mombasa,diving,m,,N,,,,
Unprovoked,KENYA,Mombasa,diving,m,,Y,,,,
Unprovoked,PANAMA,Bocas del Toro Province,swimming,m,20.0,Y,,,,
Unprovoked,URUGUAY,Rocha,swimming,,,N,,,,
Unprovoked,URUGUAY,Rocha ,swimming,m,,Y,,,,
Unprovoked,USA,South Carolina,swimming,m,,N,,,2009,1
Unprovoked,PAPUA NEW GUINEA,Morobe Province,small watercraft,m,,Y,,,,
Unprovoked,AUSTRALIA,Queensland,,f,15.0,N,,,,
Unprovoked,AUSTRALIA,Queensland,adrift,m,,Y,,,,
Unprovoked,USA,Hawaii,diving,m,,N,,galapagos,,
Unprovoked,BERMUDA,,,m,,Y,,,,
Unprovoked,USA,California,fishing,m,,Y,,,,
Unprovoked,LEBANON,,fishing,m,,N,,,,
Unprovoked,SPAIN,Canary Islands,diving,,,N,,,,
Unprovoked,SUDAN,Red Sea State,swimming,f,,N,,,,
Unprovoked,USA,Florida,,f,21.0,N,evening,blacktip,,
Unprovoked,USA,Florida,surfing/bodyboarding,m,,N,,,,
Unprovoked,DJIBOUTI,Gulf of Tadjoura,adrift,,,Y,,,,
Unprovoked,LIBYA,Cyrenaica,diving,m,,Y,,,,
Unprovoked,AUSTRALIA,,fishing,m,,N,,,,
Unprovoked,NEW ZEALAND,North Island,,m,,Y,,,,
Unprovoked,,,fishing,f,,N,,,,
Unprovoked,VIETNAM,,wading,m,,N,,,,
Unprovoked,SRI LANKA,Northern Province,fishing,m,,N,,,,
Unprovoked,VENEZUELA,Los Roques  Islands,dive fishing,m,,Y,,hammerhead,,
Unprovoked,USA,Florida,fishing,m,,N,,,,
Unprovoked,GREECE,Dodecanese Islands,diving,m,,Y,,,,
Unprovoked,SOUTH AFRICA,Western Cape Province,swimming,m,,Y,,,,
Unprovoked,AUSTRALIA,Torres Strait,diving,m,,N,,tiger,,
Unprovoked,BAHREIN,,diving,m,,Y,,tiger,,
Unprovoked,BAHAMAS,Andros Islands,dive fishing,m,,N,,,2003,1
Unprovoked,USA,Florida,surfing/bodyboarding,m,,N,,,,
Unprovoked,REUNION,Grand'Anse,small watercraft,m,,N,,,,
Unprovoked,SOLOMON ISLANDS,Malaita Province,diving,m,,N,,,,
Unprovoked,KOREA,South Korea,diving,f,,Y,,,,
Unprovoked,FRENCH POLYNESIA,Tuamotus,fishing,m,,N,,,,
Unprovoked,SUDAN,Red Sea State,diving,m,,N,,,,
Unprovoked,VANUATU,Malampa Province,,f,,Y,,,,
Unprovoked,IRAN,Khuzestan Province,,m,,N,,bull,,
Unprovoked,RED SEA?,,diving,f,,N,morning,,,
Unprovoked,SOUTH AFRICA,Eastern Cape Province,small watercraft,m,,Y,,,,
Unprovoked,USA,California,diving,m,,N,,bull,,
Unprovoked,GREECE,Island of Volos,swimming,f,,Y,,,,
Unprovoked,USA,Florida,small watercraft,m,,Y,,,,
Unprovoked,MEDITERRANEAN SEA,,,m,,Y,,,,
Unprovoked,AUSTRALIA,Torres Strait,diving,m,,N,,,,
Unprovoked,AUSTRALIA,Western Australia,diving,m,,N,,,,
Unprovoked,SINGAPORE,,swimming,,,N,,,,
Unprovoked,FIJI,,dive fishing,m,27.0,N,,,,
Unprovoked,MOZAMBIQUE,Maputo Province,diving,m,36.0,N,,,,
Unprovoked,SEYCHELLES,Amirante Islands,adrift,m,,Y,,tiger,,
Unprovoked,IRAQ,Basrah,fishing,m,25.0,N,afternoon,,,
Unprovoked,IRAQ,Basrah,adrift,m,6.0,N,afternoon,bull,,
Unprovoked,IRAQ,Basrah,wading,m,16.0,N,afternoon,bull,,
Unprovoked,BAHAMAS,Andros Islands,,m,,N,,great white,,
Unprovoked,USA,California,,f,,N,,great white,,
Unprovoked,BERMUDA,Paget,dive fishing,m,,N,,,,
Unprovoked,FIJI,Kadavu Island Group,fishing,f,,N,,,,
Unprovoked,MADAGASCAR,Toamasina Province,wading,m,,Y,,,,
Unprovoked,USA,Florida,wading,m,,N,,,,
Unprovoked,INDONESIA,Riau Province,swimming,m,,Y,,,,
Unprovoked,INDIA,Maharashtra,,m,,Y,,,,
Unprovoked,NICARAGUA,Lake Nicaragua (fresh water),adrift,m,,Y,,bull,,
Unprovoked,MARSHALL ISLANDS,Bikini Atoll,swimming,m,,N,,,,
Unprovoked,KIRIBATI,Phoenix Islands,diving,m,,N,,,,
Unprovoked,NORTH PACIFIC OCEAN,,wading,m,,N,,,,
Unprovoked,KIRIBATI,Gilbert Islands,,m,,Y,,,,
Unprovoked,SOLOMON ISLANDS,New Georgia,swimming,m,,N,,,,
Unprovoked,AUSTRALIA,Torres Strait,diving,m,,N,,,,
Unprovoked,IRAN,Khuzestan Province,wading,m,,Y,,,,
Unprovoked,IRAN,Khuzestan Province,,m,,Y,,,,
Unprovoked,IRAN,Khuzestan Province,wading,m,,Y,,,,
Unprovoked,IRAQ,Basrah,swimming,m,,Y,afternoon,bull,,
Unprovoked,SAUDI ARABIA,Eastern Province,diving,m,,Y,,blacktip,,
Unprovoked,SAUDI ARABIA,Eastern Province,diving,m,,N,,,,
Unprovoked,SAUDI ARABIA,Eastern Province,diving,m,,N,,,,
Unprovoked,BURMA,,wading,m,,Y,,,,
Unprovoked,GREECE,Dodecanese Islands,diving,m,,N,,,,
Unprovoked,BELIZE,,wading,m,16.0,Y,,tiger,,
Unprovoked,REUNION,Saint-Denis,swimming,,,Y,,,,
Unprovoked,SOUTH AFRICA,Western Cape Province,wading,f,,N,,,,
Unprovoked,AUSTRALIA,,diving,m,,N,,,,
Unprovoked,SOUTH AFRICA,KwaZulu-Natal,swimming,m,,Y,,,,
Unprovoked,AUSTRALIA,Queensland,,m,,Y,,,,
Unprovoked,USA,Florida,fishing,m,,N,,,,
Unprovoked,VIETNAM,Ba Ria-Vung Tau  Province,swimming,m,,N,,,,
Unprovoked,SOUTH AFRICA,KwaZulu-Natal,swimming,m,,Y,,,,
Unprovoked,SOUTH AFRICA,KwaZulu-Natal,wading,m,,Y,,,,
Unprovoked,FIJI,Moala Island,adrift,,,Y,,,,
Unprovoked,USA,North Carolina ,swimming,m,,N,,,,
Unprovoked,SOUTH AFRICA,KwaZulu-Natal,fishing,m,,Y,,,,
Unprovoked,SOUTH AFRICA,KwaZulu-Natal,wading,m,,Y,,,,
Unprovoked,ASIA?,,swimming,m,,N,,,,
Unprovoked,USA,Hawaii,,f,,N,,,,
Unprovoked,AUSTRALIA,,fishing,m,,Y,,blue,,
Unprovoked,AUSTRALIA,,fishing,m,,Y,,blue,,
Unprovoked,AUSTRALIA,,fishing,m,,Y,,blue,,
Unprovoked,AUSTRALIA,New South Wales,swimming,m,,Y,,nurse,,
Unprovoked,AUSTRALIA,Western Australia,diving,m,,Y,,,,
Unprovoked,AUSTRALIA,Western Australia,diving,m,,Y,,,,
Unprovoked,USA,North Carolina,swimming,m,,Y,,,,
Unprovoked,PANAMA,,,m,,Y,,,,
Unprovoked,CEYLON (SRI LANKA),Eastern Province,swimming,m,15.0,Y,,,,
